Real Sto Return,Running Env Steps,Running Forward KL,Itration,Running Update Time,Running Reverse KL,Reward Loss,Real Det Return
-107.36,0,75.4752,0,0,27.0204,20.179279327392578,305.28
-106.06,5000,75.4105,1,1,28.0619,-1.5179290771484375,337.17
-65.43,10000,75.207,2,2,26.154,-12.996904373168945,242.18
-58.99,15000,73.9524,3,3,26.5945,-26.9331111907959,424.51
5.82,20000,72.317,4,4,27.5608,-34.130550384521484,458.64
9.07,25000,72.8872,5,5,28.9658,-57.01816177368164,442.17
9.29,30000,72.0266,6,6,28.2346,-62.37836837768555,645.66
91.95,35000,69.0826,7,7,28.3245,-78.11215209960938,615.23
101.84,40000,69.7657,8,8,29.9806,-89.98101806640625,605.87
94.52,45000,68.0976,9,9,28.7904,-102.56594848632812,688.63
111.47,50000,71.276,10,10,30.4755,-114.66738891601562,655.27
95.55,55000,69.5621,11,11,29.3842,-125.11692810058594,585.5
140.51,60000,66.7766,12,12,29.0145,-135.80801391601562,622.78
160.23,65000,70.5729,13,13,30.6516,-150.5248565673828,715.74
149.27,70000,70.0497,14,14,29.66,-160.61485290527344,901.77
177.26,75000,67.4299,15,15,28.9952,-171.84007263183594,817.46
165.74,80000,69.7476,16,16,31.2859,-191.38070678710938,716.75
156.96,85000,66.6697,17,17,27.931,-195.4625244140625,869.32
179.69,90000,65.1394,18,18,28.6747,-208.2604217529297,873.79
288.47,95000,67.2886,19,19,30.0244,-222.34619140625,1007.32
264.62,100000,65.2355,20,20,28.8658,-234.13677978515625,885.35
156.24,105000,65.9557,21,21,29.2813,-241.4498291015625,887.07
192.72,110000,68.4894,22,22,29.4432,-265.5455017089844,679.86
315.41,115000,63.3288,23,23,27.6716,-265.38275146484375,688.43
339.23,120000,65.7783,24,24,28.5584,-282.48089599609375,659.55
352.86,125000,62.3121,25,25,26.7829,-283.098876953125,1014.47
215.41,130000,65.921,26,26,28.6434,-310.4999694824219,704.82
386.7,135000,60.1477,27,27,26.4379,-304.6805114746094,960.06
339.32,140000,62.3121,28,28,26.9752,-323.14849853515625,856.41
391.29,145000,63.6037,29,29,27.3293,-341.65728759765625,1049.62
259.64,150000,61.4302,30,30,26.2846,-337.0731201171875,992.8
233.09,155000,62.5216,31,31,27.373,-360.4627380371094,971.87
589.56,160000,62.1883,32,32,27.4897,-366.3867492675781,1357.49
458.85,165000,59.9985,33,33,26.1231,-369.5830383300781,1076.0
354.11,170000,60.7508,34,34,26.9792,-391.8463134765625,941.89
261.33,175000,58.2615,35,35,25.1308,-384.4262390136719,894.52
466.43,180000,61.8854,36,36,27.7808,-422.3973083496094,1206.5
488.7,185000,56.7621,37,37,24.2548,-392.7480773925781,1192.8
409.91,190000,60.4363,38,38,26.5212,-442.79443359375,1044.07
621.7,195000,56.1806,39,39,24.386,-425.3861083984375,1556.75
335.61,200000,62.0217,40,40,28.2356,-479.44281005859375,1161.63
466.42,205000,57.5536,41,41,25.1477,-450.355224609375,965.79
479.77,210000,54.7104,42,42,23.806,-433.18804931640625,1475.17
625.22,215000,60.648,43,43,27.0711,-509.1036682128906,1104.92
429.59,220000,60.4026,44,44,26.31,-518.588623046875,628.27
350.16,225000,61.7731,45,45,27.012,-544.6473999023438,1015.37
922.88,230000,52.5919,46,46,23.7075,-455.3531494140625,1526.88
680.68,235000,58.836,47,47,25.9917,-535.8336181640625,1262.67
550.93,240000,58.7367,48,48,25.8074,-553.6781616210938,1111.3
792.54,245000,54.2453,49,49,23.4441,-517.3314819335938,1808.33
349.01,250000,58.7282,50,50,25.7142,-583.859130859375,1297.29
720.93,255000,55.1046,51,51,24.6519,-567.0303344726562,1414.41
863.67,260000,55.4644,52,52,23.9466,-561.1444091796875,1582.88
885.25,265000,52.2023,53,53,24.285,-485.58929443359375,1786.8
679.67,270000,56.1972,54,54,24.5502,-593.5988159179688,1271.5
1039.3,275000,53.077,55,55,24.1556,-576.883544921875,1438.43
643.41,280000,57.5258,56,56,26.4116,-616.465087890625,1475.69
1040.85,285000,53.8052,57,57,24.1145,-549.48876953125,1992.76
1180.31,290000,54.9741,58,58,24.9652,-598.9632568359375,2125.47
1158.41,295000,54.4781,59,59,26.3106,-574.0382080078125,2008.36
1532.42,300000,53.6019,60,60,25.3049,-584.2142944335938,2388.86
1015.78,305000,53.2879,61,61,23.8027,-542.5458984375,1804.5
1659.78,310000,54.8482,62,62,27.3173,-560.3339233398438,2212.59
1625.84,315000,54.1229,63,63,28.8648,-584.5975952148438,2279.88
841.51,320000,56.3238,64,64,25.0593,-710.4744873046875,975.25
1033.91,325000,54.6424,65,65,24.5024,-688.114501953125,1418.44
1463.01,330000,50.4264,66,66,27.8966,-527.4625854492188,2057.26
1185.48,335000,54.2465,67,67,25.3033,-619.33447265625,2055.09
1607.42,340000,53.416,68,68,25.3464,-650.5822143554688,2176.17
1296.66,345000,52.7701,69,69,26.9924,-523.2161254882812,2508.67
1802.52,350000,51.3386,70,70,26.0984,-573.3494873046875,2554.52
2136.64,355000,53.5933,71,71,33.9298,-496.4718933105469,2934.83
1458.67,360000,54.6984,72,72,24.2906,-746.696044921875,1453.02
1812.13,365000,55.1236,73,73,27.4824,-640.3977661132812,2606.8
1182.58,370000,54.0808,74,74,24.9516,-699.44384765625,1734.91
2019.05,375000,50.9697,75,75,29.7319,-563.3702392578125,3060.84
1695.69,380000,53.1418,76,76,25.6168,-668.501953125,2027.47
1973.86,385000,52.2662,77,77,31.4989,-524.8843994140625,2347.41
1962.71,390000,52.8452,78,78,26.0038,-664.6934204101562,1843.0
2153.79,395000,53.682,79,79,24.9491,-697.616455078125,2785.73
2151.28,400000,53.9304,80,80,31.1838,-552.0426025390625,2788.78
2426.22,405000,52.717,81,81,27.4691,-683.202392578125,3302.96
2222.73,410000,52.5541,82,82,25.3629,-677.7734985351562,2555.91
2239.06,415000,51.4273,83,83,25.1772,-690.0932006835938,3149.15
2165.09,420000,52.8808,84,84,27.4917,-684.6890869140625,2321.05
2289.01,425000,51.4797,85,85,27.2103,-643.7627563476562,3007.28
1975.03,430000,53.794,86,86,27.2669,-738.2122802734375,3319.4
1380.29,435000,54.2843,87,87,23.9799,-808.9493408203125,1752.41
1784.02,440000,55.7637,88,88,24.2684,-906.5609130859375,1786.15
2859.69,445000,55.0118,89,89,35.245,-575.006103515625,3473.88
2936.03,450000,52.2939,90,90,31.3719,-646.105224609375,3447.49
2614.68,455000,53.1378,91,91,29.8442,-601.8109130859375,2428.19
2235.39,460000,56.5045,92,92,31.7447,-702.0216674804688,2800.65
2739.66,465000,56.8318,93,93,35.7086,-662.6658325195312,3852.22
1021.2,470000,57.0328,94,94,24.1189,-964.099853515625,1147.31
3308.37,475000,56.1991,95,95,34.4551,-667.8321533203125,3878.41
1877.85,480000,58.6846,96,96,28.4415,-835.7760009765625,3076.27
2714.08,485000,57.8978,97,97,29.0022,-796.5953979492188,2888.69
1960.55,490000,54.4203,98,98,25.1423,-847.6500854492188,2077.19
2007.51,495000,55.0593,99,99,26.8836,-874.9462890625,2062.79
3035.85,500000,57.1337,100,100,39.9697,-649.582275390625,3502.38
3314.77,505000,56.7065,101,101,37.3363,-625.17578125,4100.31
3316.95,510000,57.5071,102,102,38.4844,-624.8341674804688,4187.53
2662.82,515000,57.0892,103,103,32.699,-706.3515014648438,3563.21
987.67,520000,57.8927,104,104,25.7544,-1096.8280029296875,1363.01
1424.65,525000,56.9251,105,105,25.1899,-972.0498657226562,2791.65
1806.84,530000,55.4247,106,106,25.1299,-954.3865356445312,3301.05
2453.38,535000,58.6496,107,107,33.1509,-904.603515625,3450.59
3309.08,540000,58.1699,108,108,33.0263,-851.3932495117188,3869.1
1534.13,545000,56.7806,109,109,26.646,-993.1118774414062,2587.79
1658.42,550000,58.3744,110,110,25.2375,-1146.23876953125,1993.52
2651.51,555000,57.8788,111,111,35.9206,-763.8114013671875,3824.63
2859.76,560000,57.9448,112,112,32.4631,-886.6652221679688,3604.35
2429.2,565000,56.4717,113,113,24.2586,-1086.9791259765625,1934.96
2119.04,570000,57.3706,114,114,28.7306,-974.0133666992188,2372.07
3847.9,575000,61.0844,115,115,41.8125,-825.7582397460938,4035.34
2160.96,580000,57.6548,116,116,29.1973,-934.7978515625,2524.99
3303.54,585000,58.0878,117,117,35.8153,-930.3193359375,4316.73
2962.16,590000,57.9223,118,118,35.6693,-855.6647338867188,4113.75
2445.82,595000,56.7667,119,119,30.1169,-1005.4990234375,2653.84
1649.24,600000,55.7277,120,120,27.8767,-1027.23291015625,2209.74
2555.69,605000,55.4884,121,121,29.1347,-897.6160278320312,3194.27
3696.74,610000,57.3914,122,122,34.03,-919.3826293945312,4450.09
3609.32,615000,59.5381,123,123,37.5911,-893.4129638671875,4322.79
3053.95,620000,60.5761,124,124,40.7539,-857.5569458007812,4009.74
3003.33,625000,56.8966,125,125,26.6874,-1141.1773681640625,3089.5
3006.16,630000,57.7056,126,126,33.5483,-1000.75390625,4014.02
4046.5,635000,62.9617,127,127,43.1522,-932.1375122070312,4436.17
3424.87,640000,60.7576,128,128,38.3054,-1023.4927978515625,4359.98
2404.72,645000,58.4143,129,129,26.031,-1237.0877685546875,2522.59
3927.85,650000,60.5886,130,130,39.5989,-1023.8544921875,3917.63
3928.95,655000,59.9374,131,131,36.673,-993.5274047851562,4865.54
4060.86,660000,59.2742,132,132,33.1685,-1139.943359375,4057.99
2991.74,665000,59.5829,133,133,40.2544,-1029.7921142578125,4433.59
4282.98,670000,59.6184,134,134,38.1521,-1023.8325805664062,4857.52
4022.99,675000,62.1236,135,135,42.5163,-1091.5166015625,4500.06
3875.64,680000,59.7358,136,136,35.9565,-1180.857666015625,3937.13
3644.61,685000,63.6447,137,137,43.954,-1029.871337890625,4067.45
3797.23,690000,66.2885,138,138,46.6035,-1077.412353515625,4663.74
4085.22,695000,64.2697,139,139,43.3196,-1143.8831787109375,3301.39
3475.47,700000,59.7058,140,140,37.9028,-1227.8565673828125,4505.72
2997.17,705000,65.9319,141,141,44.59,-1087.13232421875,3763.49
2334.41,710000,57.9436,142,142,31.8371,-1293.4639892578125,3284.2
4070.33,715000,59.204,143,143,37.1922,-1232.5911865234375,4810.49
3977.83,720000,64.192,144,144,43.6945,-1230.2591552734375,4833.89
4059.01,725000,62.9626,145,145,43.716,-1180.2882080078125,4657.14
3187.73,730000,59.4313,146,146,34.1705,-1304.1441650390625,4323.58
3359.5,735000,58.9245,147,147,33.3366,-1362.238525390625,4182.1
3421.41,740000,59.6692,148,148,36.6736,-1390.8656005859375,3852.6
2734.17,745000,57.0402,149,149,33.4183,-1364.012451171875,3306.86
3977.77,750000,62.2875,150,150,42.5672,-1330.0673828125,4871.72
3050.74,755000,59.7986,151,151,34.5808,-1417.537109375,3907.96
2692.04,760000,57.212,152,152,28.2831,-1581.3104248046875,3774.29
3802.75,765000,59.6953,153,153,39.3223,-1430.0814208984375,4328.5
3475.34,770000,61.706,154,154,37.5439,-1516.634521484375,4373.87
3016.69,775000,58.617,155,155,34.0773,-1427.3233642578125,4366.53
3323.45,780000,63.182,156,156,44.7481,-1512.97119140625,4308.26
3248.98,785000,60.8552,157,157,40.4233,-1503.6343994140625,4471.81
3771.82,790000,64.7241,158,158,47.9351,-1425.7891845703125,4496.52
3615.95,795000,65.2641,159,159,44.7244,-1611.875244140625,4403.31
3697.08,800000,61.0614,160,160,36.6233,-1570.037841796875,3724.52
3837.18,805000,66.9531,161,161,47.5901,-1560.181396484375,4634.56
3391.99,810000,61.2588,162,162,41.9068,-1557.3443603515625,4405.13
4029.48,815000,59.643,163,163,38.3126,-1725.23193359375,4670.42
3953.1,820000,60.7978,164,164,45.6221,-1631.095947265625,5037.45
3413.53,825000,62.5356,165,165,44.0148,-1709.5712890625,4607.0
4182.36,830000,63.6038,166,166,42.1632,-1657.3499755859375,4389.42
4228.54,835000,60.9231,167,167,38.6694,-1679.7535400390625,5000.7
3803.41,840000,63.2623,168,168,45.8963,-1707.891357421875,4513.11
4058.19,845000,62.6994,169,169,43.8728,-1798.1856689453125,5033.7
3970.07,850000,63.1788,170,170,41.6045,-1745.0482177734375,5172.12
3887.96,855000,63.0754,171,171,44.9953,-1803.335693359375,4991.94
4092.7,860000,64.9036,172,172,45.2704,-1898.8382568359375,4873.06
4143.35,865000,60.7218,173,173,37.5142,-1989.29736328125,4961.39
4219.71,870000,64.2583,174,174,47.225,-1923.5338134765625,4836.79
4516.36,875000,58.9833,175,175,37.6501,-1952.8017578125,4885.71
4246.1,880000,61.4471,176,176,40.3679,-2018.17578125,5081.52
4556.03,885000,62.815,177,177,43.9525,-2008.9697265625,5236.98
3223.82,890000,60.8658,178,178,40.1298,-2135.13037109375,4165.42
4115.58,895000,64.9582,179,179,47.0101,-1995.720703125,5018.92
4646.36,900000,66.083,180,180,47.3885,-2104.025634765625,5087.35
4594.48,905000,69.4293,181,181,51.826,-2173.013671875,4996.9
4230.21,910000,68.0549,182,182,51.239,-2128.510986328125,5064.81
4353.8,915000,68.084,183,183,52.0423,-2227.373291015625,4836.53
4212.79,920000,63.6153,184,184,43.921,-2101.606689453125,5209.51
3844.18,925000,60.5379,185,185,38.5569,-2175.4892578125,4633.49
4691.44,930000,72.047,186,186,53.0582,-2375.59716796875,4804.61
4334.97,935000,63.6254,187,187,44.446,-2251.46875,4162.37
4704.15,940000,67.4178,188,188,49.9081,-2429.6650390625,5110.6
3021.25,945000,58.7741,189,189,28.064,-2432.463623046875,3737.25
3969.24,950000,63.6905,190,190,44.1297,-2435.329345703125,4628.31
4311.21,955000,62.2487,191,191,44.56,-2529.367431640625,4840.16
4157.13,960000,62.7029,192,192,44.367,-2510.344970703125,3660.0
4509.77,965000,63.7356,193,193,47.9613,-2535.39306640625,4660.92
4289.33,970000,63.3755,194,194,47.5648,-2628.61572265625,4695.14
3926.9,975000,65.1204,195,195,45.4847,-2583.94775390625,4816.22
3683.04,980000,63.8936,196,196,48.779,-2585.502685546875,4632.71
3563.59,985000,63.3647,197,197,46.2645,-2618.0166015625,3732.39
3394.96,990000,63.5159,198,198,43.4677,-2782.919189453125,4125.18
4428.34,995000,66.6913,199,199,49.5315,-2774.73681640625,5111.47
3034.94,1000000,61.7598,200,200,42.4002,-2789.155517578125,3737.6
3987.56,1005000,63.7578,201,201,48.8875,-2807.094482421875,5169.24
3820.31,1010000,67.0371,202,202,51.3895,-2855.421142578125,4873.1
3537.29,1015000,65.6388,203,203,45.8242,-2884.86328125,3854.39
3915.79,1020000,62.9229,204,204,41.0543,-2937.0517578125,4702.02
3492.58,1025000,66.6451,205,205,47.56,-2964.691650390625,3192.68
4531.87,1030000,65.3631,206,206,48.6216,-3002.17919921875,5130.3
4327.26,1035000,65.6052,207,207,48.6724,-3023.3662109375,4808.92
3505.7,1040000,64.2807,208,208,45.1575,-3135.3505859375,4960.12
4345.2,1045000,66.3426,209,209,48.8654,-3143.977294921875,4835.26
2523.34,1050000,61.0326,210,210,37.6305,-3124.099609375,4052.74
3279.77,1055000,61.9843,211,211,42.4141,-3171.835693359375,4552.04
4283.58,1060000,62.1539,212,212,43.7122,-3195.99267578125,4636.89
3954.77,1065000,62.6031,213,213,43.5553,-3203.970947265625,4375.96
4552.22,1070000,64.4856,214,214,47.4156,-3290.33056640625,5117.99
4571.46,1075000,64.4791,215,215,46.0557,-3331.533935546875,5477.99
3840.94,1080000,63.1719,216,216,43.0221,-3383.8876953125,4424.4
4570.37,1085000,62.7273,217,217,43.3182,-3352.77685546875,5460.08
2304.78,1090000,59.8706,218,218,36.37,-3385.556640625,3592.21
3537.41,1095000,63.1832,219,219,41.0479,-3466.057861328125,5295.12
1897.89,1100000,59.8878,220,220,34.0842,-3404.623046875,3725.52
4648.35,1105000,63.8013,221,221,41.1763,-3488.86083984375,4710.2
3927.35,1110000,60.539,222,222,33.7526,-3519.170654296875,5301.4
4821.05,1115000,63.595,223,223,43.7241,-3652.63818359375,4994.77
2917.94,1120000,62.931,224,224,40.9983,-3664.60888671875,4929.08
3001.28,1125000,62.6774,225,225,39.1248,-3639.661376953125,3705.44
2539.59,1130000,62.5419,226,226,41.5337,-3692.156005859375,4350.67
3960.83,1135000,65.064,227,227,45.5948,-3812.760986328125,5059.52
4427.03,1140000,62.556,228,228,36.6944,-3811.7314453125,4975.54
4213.55,1145000,62.1097,229,229,41.886,-3913.882568359375,5469.96
4299.33,1150000,63.0937,230,230,41.61,-3929.387939453125,5109.76
3661.71,1155000,63.1262,231,231,42.0042,-4003.11181640625,4851.52
4274.78,1160000,63.0895,232,232,40.9277,-3968.822021484375,5002.14
4306.17,1165000,61.9455,233,233,40.0293,-3949.202392578125,5575.51
4988.87,1170000,62.827,234,234,42.3224,-4098.8037109375,5168.72
3692.35,1175000,60.3147,235,235,35.3297,-3915.247802734375,4479.69
4694.64,1180000,62.2486,236,236,38.7047,-4093.397216796875,5149.28
2572.57,1185000,62.1962,237,237,39.3318,-4074.209228515625,4371.6
4750.02,1190000,62.906,238,238,41.2986,-4156.5244140625,5435.34
4706.33,1195000,62.7984,239,239,39.1487,-4208.68017578125,5338.75
3681.82,1200000,66.606,240,240,47.0793,-4323.2607421875,5542.5
4853.56,1205000,67.3131,241,241,47.4317,-4406.10302734375,5553.7
4742.75,1210000,67.2111,242,242,47.0922,-4477.12744140625,5587.48
4057.88,1215000,62.08,243,243,38.7253,-4261.63818359375,4594.09
4866.93,1220000,65.5842,244,244,45.9874,-4459.16455078125,4944.31
4357.38,1225000,64.6578,245,245,42.8243,-4506.4775390625,5021.72
4765.77,1230000,66.1778,246,246,46.872,-4648.2470703125,5633.57
4418.08,1235000,64.1667,247,247,43.6394,-4570.44873046875,5439.95
4913.0,1240000,62.489,248,248,39.2057,-4556.1875,5112.7
4597.75,1245000,62.4457,249,249,40.6886,-4598.423828125,4732.35
4694.8,1250000,61.9391,250,250,39.3878,-4473.89501953125,5338.88
4744.38,1255000,68.0289,251,251,46.7314,-4849.455078125,5577.79
4859.69,1260000,65.1621,252,252,44.7617,-4815.759765625,5479.78
4623.66,1265000,66.297,253,253,45.5212,-4886.8671875,5356.2
4301.41,1270000,62.6093,254,254,39.2667,-4730.04443359375,5024.8
4332.96,1275000,68.2626,255,255,48.1278,-4874.4267578125,5666.59
4460.38,1280000,63.8135,256,256,41.8664,-4907.27685546875,5034.08
4333.74,1285000,61.7502,257,257,37.9615,-4681.67822265625,5336.43
4463.66,1290000,62.1574,258,258,38.7964,-4844.3798828125,5525.48
4037.46,1295000,65.7666,259,259,47.0823,-5092.78662109375,5309.47
4666.65,1300000,64.8878,260,260,43.6728,-5064.81201171875,5321.9
4240.48,1305000,65.8184,261,261,46.8993,-5007.611328125,5121.14
4325.05,1310000,63.6339,262,262,42.1483,-5158.47412109375,5640.32
4097.0,1315000,64.8628,263,263,43.7514,-5139.125,5608.68
4372.04,1320000,66.3326,264,264,48.401,-5222.888671875,5359.97
4636.82,1325000,61.5391,265,265,39.1809,-4907.7724609375,4905.72
3590.28,1330000,63.4708,266,266,41.8242,-5072.759765625,5306.84
3710.8,1335000,64.5617,267,267,44.6053,-5111.31494140625,4974.42
5029.39,1340000,66.8554,268,268,48.0339,-5509.41162109375,5688.58
3495.47,1345000,63.5328,269,269,42.9545,-5330.763671875,4853.27
3873.17,1350000,62.4343,270,270,38.8146,-5253.095703125,5074.65
4593.59,1355000,62.8764,271,271,43.378,-5378.84521484375,4506.42
3984.25,1360000,64.4189,272,272,43.1139,-5430.28076171875,5374.62
4214.14,1365000,62.6293,273,273,37.5144,-5293.35888671875,5269.34
3596.68,1370000,66.169,274,274,45.9239,-5484.3818359375,5122.16
3731.08,1375000,63.5471,275,275,41.4355,-5528.564453125,5252.39
4855.34,1380000,64.4245,276,276,42.0241,-5590.2705078125,5702.13
4235.87,1385000,62.5661,277,277,39.8312,-5547.0703125,5533.29
4786.16,1390000,63.9207,278,278,42.7234,-5684.05029296875,5170.97
3235.59,1395000,62.2543,279,279,39.3934,-5590.22509765625,5158.71
4603.95,1400000,68.1702,280,280,49.1053,-5963.8359375,5540.04
3440.23,1405000,63.3499,281,281,41.6797,-5829.56494140625,4809.26
4415.71,1410000,63.6579,282,282,41.7669,-5860.259765625,4122.6
3986.31,1415000,66.9863,283,283,48.8096,-6146.630859375,5199.95
4955.61,1420000,66.0645,284,284,48.3035,-6034.12109375,5589.01
4369.23,1425000,64.41,285,285,44.9775,-6014.4755859375,5148.82
5046.62,1430000,64.0112,286,286,43.6712,-6067.04833984375,4506.73
4442.07,1435000,62.0158,287,287,38.7814,-5925.3740234375,5344.51
4601.89,1440000,63.8199,288,288,40.0423,-6018.88916015625,4739.99
4840.49,1445000,63.4167,289,289,36.2191,-5786.01025390625,5318.74
4471.75,1450000,67.9113,290,290,48.4165,-6324.5546875,5164.87
5070.96,1455000,64.3022,291,291,42.0246,-6179.51025390625,5421.47
4628.77,1460000,68.5674,292,292,51.1012,-6713.9521484375,5443.64
4559.02,1465000,64.1155,293,293,41.4543,-6290.765625,5599.61
4826.17,1470000,63.7079,294,294,42.175,-6418.31640625,5331.81
4568.07,1475000,62.7954,295,295,36.6022,-5971.77685546875,5482.45
3352.69,1480000,62.9829,296,296,38.9964,-6166.36279296875,5206.66
4097.18,1485000,67.4878,297,297,47.8256,-6796.7080078125,4377.46
4035.66,1490000,63.5791,298,298,42.748,-6550.41748046875,5350.01
4583.12,1495000,62.8426,299,299,36.5836,-6298.3388671875,5687.61
4553.2,1500000,65.1023,300,300,44.6142,-6679.0029296875,5461.02
4075.51,1505000,67.389,301,301,46.9324,-6776.357421875,5419.76
3340.82,1510000,65.9253,302,302,44.7468,-6905.27685546875,5921.22
5262.67,1515000,66.9028,303,303,50.3602,-6973.81982421875,5756.33
4888.35,1520000,63.7273,304,304,43.7744,-6872.236328125,5476.05
5046.38,1525000,64.3828,305,305,44.569,-6849.30419921875,5585.53
4479.39,1530000,65.9148,306,306,47.8776,-7080.2998046875,5851.37
4709.44,1535000,65.876,307,307,45.0984,-6953.03759765625,5386.8
4548.48,1540000,66.2585,308,308,48.6593,-7155.80322265625,5845.61
4796.38,1545000,63.3764,309,309,42.6518,-6912.435546875,5193.36
4906.45,1550000,67.365,310,310,48.8066,-7226.45556640625,5616.06
4720.86,1555000,65.6484,311,311,48.3306,-7101.10400390625,5816.03
3585.37,1560000,60.8229,312,312,35.6587,-6331.28271484375,5554.28
4684.65,1565000,66.1658,313,313,50.2175,-7167.97802734375,5230.93
5016.31,1570000,65.4471,314,314,47.7937,-7101.341796875,5380.1
4997.98,1575000,66.2469,315,315,51.2805,-7298.55029296875,5761.73
5279.9,1580000,68.5515,316,316,51.272,-7447.97802734375,5763.42
5003.94,1585000,63.12,317,317,42.4011,-7106.81640625,5857.61
4566.64,1590000,66.4244,318,318,46.9632,-7717.85888671875,5500.66
4712.26,1595000,67.4601,319,319,52.5091,-7842.05126953125,5573.84
5026.14,1600000,67.0696,320,320,48.269,-7693.52734375,5590.99
5134.97,1605000,66.9152,321,321,49.9895,-7637.6494140625,5681.97
4802.96,1610000,65.5968,322,322,47.5031,-7460.88623046875,5506.78
4958.28,1615000,67.1885,323,323,49.0262,-7972.0458984375,5652.66
4713.93,1620000,63.1687,324,324,44.7803,-7540.740234375,5775.39
4428.29,1625000,62.8034,325,325,40.4097,-7223.84228515625,5262.23
4655.24,1630000,66.7445,326,326,49.6349,-7799.25732421875,5394.21
5104.7,1635000,65.3186,327,327,47.1597,-8002.2734375,5662.07
4688.83,1640000,65.6064,328,328,45.5786,-7794.78662109375,5642.73
5142.37,1645000,67.986,329,329,51.1241,-8168.47802734375,5767.17
4509.29,1650000,64.9743,330,330,46.0807,-7942.3349609375,5808.6
4622.34,1655000,66.5627,331,331,47.8876,-8208.583984375,5767.61
5146.72,1660000,67.6414,332,332,47.9378,-8085.697265625,5899.82
4552.22,1665000,67.1999,333,333,47.1168,-8201.3349609375,5504.59
4796.08,1670000,66.0535,334,334,47.1559,-8021.34814453125,5851.06
5193.2,1675000,68.5149,335,335,51.6286,-8369.68359375,4862.14
4964.19,1680000,66.6854,336,336,50.4739,-8253.3076171875,4779.78
4719.76,1685000,63.8037,337,337,46.1333,-8160.41455078125,5276.14
4560.03,1690000,63.1123,338,338,41.1315,-7670.0849609375,5479.76
4056.46,1695000,66.4288,339,339,49.401,-8532.8525390625,4685.91
5069.5,1700000,63.0433,340,340,43.2562,-7994.4833984375,5865.05
4156.8,1705000,63.9858,341,341,42.2906,-8069.15771484375,5328.95
3782.14,1710000,62.1919,342,342,40.7215,-7869.09423828125,5435.6
4511.16,1715000,63.2898,343,343,42.164,-7855.72705078125,5297.37
4781.89,1720000,67.3153,344,344,48.7441,-8471.5888671875,5907.03
4536.15,1725000,63.971,345,345,45.183,-8291.8857421875,5508.27
4450.21,1730000,63.0281,346,346,43.3913,-8020.142578125,4942.17
5054.85,1735000,66.9059,347,347,49.5345,-8742.4091796875,5861.73
4616.51,1740000,65.2697,348,348,45.553,-8546.529296875,5693.57
4965.6,1745000,67.7049,349,349,53.1837,-8819.9169921875,5114.79
4500.6,1750000,65.745,350,350,48.4505,-8574.8232421875,5825.25
3591.67,1755000,64.4205,351,351,45.0806,-8318.31640625,5217.91
4251.89,1760000,66.7483,352,352,48.9665,-8707.048828125,5154.87
4511.06,1765000,67.8619,353,353,51.7729,-8887.5751953125,5248.18
4632.26,1770000,67.6618,354,354,52.4501,-9009.037109375,5553.86
4086.02,1775000,62.9039,355,355,42.2226,-8277.8974609375,5284.09
5027.33,1780000,66.8641,356,356,49.5737,-8949.8623046875,4932.6
4626.01,1785000,64.8668,357,357,47.3567,-8763.3818359375,5429.62
4349.82,1790000,63.5989,358,358,41.3543,-8474.595703125,5679.8
4758.04,1795000,66.5961,359,359,49.4609,-9014.318359375,5250.59
4906.98,1800000,62.7559,360,360,42.6856,-8427.2744140625,5613.28
5009.78,1805000,67.8644,361,361,52.91,-9043.740234375,5356.84
4843.62,1810000,64.1916,362,362,46.3442,-9045.802734375,5629.83
4466.43,1815000,66.8695,363,363,49.0453,-9094.2529296875,5788.94
4859.41,1820000,66.972,364,364,50.3867,-9310.5048828125,5133.6
4771.88,1825000,62.3282,365,365,38.1397,-8312.666015625,5695.28
4770.07,1830000,63.807,366,366,46.144,-9054.51953125,5790.52
4035.93,1835000,67.1234,367,367,47.5656,-9283.6376953125,5404.87
4582.39,1840000,67.7641,368,368,49.348,-9282.787109375,5516.68
4814.95,1845000,63.3408,369,369,41.9486,-8662.3349609375,5480.49
5324.21,1850000,64.2617,370,370,44.4917,-9095.1884765625,5641.38
4574.36,1855000,64.1624,371,371,44.1153,-9084.1240234375,5652.57
4094.33,1860000,61.7779,372,372,40.7721,-8790.22265625,5472.53
4180.71,1865000,68.3266,373,373,49.7384,-9626.466796875,5892.48
4724.91,1870000,61.4634,374,374,38.6968,-8463.333984375,5504.57
4088.58,1875000,62.1448,375,375,39.5879,-8972.154296875,5331.45
4813.05,1880000,66.4479,376,376,48.3415,-9584.9013671875,5761.7
5023.07,1885000,63.6422,377,377,45.0385,-9124.4296875,5161.47
4968.42,1890000,66.1124,378,378,47.6111,-9724.998046875,5837.99
5001.18,1895000,62.6043,379,379,39.3824,-8718.111328125,5778.14
4631.36,1900000,63.537,380,380,43.7444,-9265.4111328125,4948.08
5042.08,1905000,64.2037,381,381,45.9965,-9402.3662109375,5454.86
5124.92,1910000,64.1689,382,382,45.2549,-9460.1611328125,5354.03
4504.99,1915000,64.7307,383,383,44.9056,-9572.412109375,5319.06
4855.84,1920000,68.1633,384,384,50.8098,-9838.853515625,5926.77
4315.12,1925000,61.0298,385,385,35.7999,-8319.8701171875,5754.61
5245.97,1930000,67.2795,386,386,49.4614,-10079.4248046875,6059.15
4203.6,1935000,63.942,387,387,45.9576,-9532.3271484375,5575.01
4819.65,1940000,63.9183,388,388,45.877,-9608.298828125,5733.85
5134.02,1945000,65.8904,389,389,47.0629,-9807.37890625,5465.78
5534.69,1950000,63.8294,390,390,45.5474,-9800.615234375,6111.15
5199.08,1955000,64.1404,391,391,46.0577,-9724.748046875,5832.18
5149.99,1960000,66.5992,392,392,51.1107,-9976.7626953125,5661.61
5077.94,1965000,60.8668,393,393,37.4022,-8429.6572265625,5941.97
5241.61,1970000,64.6292,394,394,46.389,-9807.4990234375,5229.22
5371.33,1975000,65.4504,395,395,49.2065,-9998.5009765625,5621.89
4152.71,1980000,63.7105,396,396,46.6453,-9620.0546875,5406.81
4713.91,1985000,64.3432,397,397,45.591,-9719.5400390625,5833.4
5292.81,1990000,65.6886,398,398,49.4523,-10305.837890625,6002.22
4435.52,1995000,63.2065,399,399,43.8692,-9502.7177734375,5138.12
5567.66,2000000,65.1306,400,400,48.8986,-10059.4453125,5546.76
4733.0,2005000,65.6402,401,401,49.987,-10254.251953125,5812.06
4985.83,2010000,64.4886,402,402,47.5869,-9953.8046875,5440.09
4642.39,2015000,66.5484,403,403,50.6306,-10316.5419921875,6024.04
4981.44,2020000,68.7644,404,404,54.4515,-10726.6845703125,5369.7
5316.41,2025000,63.1599,405,405,45.0025,-9885.2802734375,5668.16
5547.78,2030000,63.1031,406,406,43.7297,-9658.5537109375,5619.41
5019.55,2035000,68.0774,407,407,54.6825,-10862.5751953125,5759.53
5426.98,2040000,67.2265,408,408,51.5113,-10648.66796875,5597.32
4833.26,2045000,66.4306,409,409,51.6428,-10857.255859375,5819.83
5228.03,2050000,66.5723,410,410,52.9868,-10637.865234375,5673.89
5379.84,2055000,67.0901,411,411,53.0882,-10814.4609375,5492.24
4817.6,2060000,67.9672,412,412,53.9445,-10951.1474609375,6009.91
4669.47,2065000,63.0508,413,413,43.723,-9849.5380859375,5660.0
4783.71,2070000,65.6149,414,414,49.8084,-10459.482421875,5892.73
5328.32,2075000,65.556,415,415,48.7474,-10463.1123046875,5908.4
5047.88,2080000,64.9963,416,416,48.4644,-10597.583984375,5782.15
5588.65,2085000,65.1642,417,417,49.8305,-10617.509765625,5853.01
5585.55,2090000,64.0841,418,418,47.2682,-10825.93359375,6039.38
5178.5,2095000,67.9529,419,419,51.967,-10997.37890625,5934.72
5404.16,2100000,67.2771,420,420,49.9212,-10858.6162109375,5758.4
4505.01,2105000,64.0963,421,421,46.203,-10393.05859375,5387.44
5153.32,2110000,64.2596,422,422,48.3083,-10459.244140625,5994.59
5514.24,2115000,66.7912,423,423,53.7442,-11169.146484375,5916.87
5192.16,2120000,65.0212,424,424,50.6562,-11009.35546875,5561.83
5556.16,2125000,66.9848,425,425,51.0714,-11173.1875,5992.65
5611.71,2130000,65.5025,426,426,50.0767,-11120.3837890625,6120.05
5294.56,2135000,65.2771,427,427,48.6727,-11056.2861328125,6085.14
4754.93,2140000,63.1153,428,428,43.8514,-10604.736328125,5914.67
5470.17,2145000,68.8991,429,429,52.9729,-11563.8623046875,5952.79
4619.72,2150000,64.7014,430,430,48.2929,-10746.951171875,5742.56
5221.43,2155000,66.5788,431,431,47.4319,-11167.24609375,6038.49
5391.87,2160000,67.1329,432,432,48.9553,-11456.6513671875,6031.91
4996.92,2165000,66.9537,433,433,46.6077,-11166.748046875,6140.77
4631.23,2170000,67.3842,434,434,50.0611,-11351.802734375,5327.91
5216.89,2175000,67.1976,435,435,48.44,-11252.8115234375,5771.28
5642.97,2180000,67.1425,436,436,48.0762,-11417.5244140625,6037.43
5191.94,2185000,66.8246,437,437,51.3194,-11351.7421875,4746.1
5036.2,2190000,64.7467,438,438,48.2725,-11029.123046875,5648.43
3251.8,2195000,64.8972,439,439,47.453,-10974.6318359375,4893.63
5389.37,2200000,68.5815,440,440,50.9506,-11612.76953125,5847.17
4883.26,2205000,69.5215,441,441,54.2889,-11774.3916015625,5759.62
5298.25,2210000,64.9388,442,442,45.896,-11144.609375,6215.81
5138.05,2215000,68.7431,443,443,53.7297,-11796.89453125,5477.13
4961.92,2220000,63.8682,444,444,46.5027,-10975.3779296875,5796.79
5505.86,2225000,70.5397,445,445,58.5686,-12027.357421875,5802.23
4931.53,2230000,66.082,446,446,50.7079,-11505.8896484375,5920.42
5520.84,2235000,70.2212,447,447,55.6392,-11974.080078125,6008.73
4693.95,2240000,69.127,448,448,57.8112,-11893.54296875,5196.64
5481.63,2245000,66.1659,449,449,48.9292,-11611.8740234375,6035.2
5186.77,2250000,67.4652,450,450,52.6108,-11709.9599609375,5970.18
4061.11,2255000,65.6963,451,451,48.1181,-11354.865234375,5462.77
4958.03,2260000,67.9378,452,452,56.1337,-12229.0146484375,5242.95
4886.44,2265000,69.1684,453,453,54.2294,-12125.220703125,5380.36
4858.92,2270000,67.1446,454,454,51.5642,-12176.1611328125,5720.71
5304.9,2275000,68.0207,455,455,51.0559,-12231.439453125,5769.54
5203.46,2280000,68.0382,456,456,54.5777,-12134.23828125,5380.09
4313.8,2285000,67.7837,457,457,52.0767,-12296.4765625,5700.38
5062.09,2290000,68.173,458,458,51.8792,-12390.873046875,5836.04
4567.18,2295000,65.6242,459,459,50.2265,-12052.84765625,5928.91
4622.84,2300000,66.8963,460,460,48.8631,-12114.2685546875,6013.19
4432.53,2305000,66.6485,461,461,50.8698,-12009.017578125,5398.99
4705.41,2310000,68.8259,462,462,55.3459,-12338.9658203125,5763.35
4602.48,2315000,66.9949,463,463,52.6545,-12359.1708984375,5664.04
4482.89,2320000,66.0278,464,464,53.0201,-12198.181640625,5733.91
5337.36,2325000,64.6677,465,465,50.2227,-11878.248046875,5413.12
3880.18,2330000,67.2996,466,466,52.6158,-12422.60546875,5284.1
3893.87,2335000,68.0908,467,467,53.0556,-12542.484375,5643.09
5243.27,2340000,69.8092,468,468,58.6866,-12778.916015625,5375.65
4709.21,2345000,69.1942,469,469,55.3433,-12529.7802734375,4660.43
4551.26,2350000,64.808,470,470,49.7971,-12070.294921875,5664.53
5198.77,2355000,67.1197,471,471,53.4078,-12422.171875,5820.76
3981.58,2360000,63.9842,472,472,47.7649,-11502.9560546875,5078.57
4805.92,2365000,67.4063,473,473,53.8044,-12511.0732421875,5422.88
4267.12,2370000,63.8037,474,474,48.567,-11753.3876953125,4583.73
4552.28,2375000,63.7463,475,475,46.5763,-11649.8232421875,5917.41
4853.8,2380000,66.3614,476,476,51.443,-12480.7861328125,5838.0
4558.16,2385000,68.3024,477,477,54.0292,-12711.2353515625,5160.86
4414.05,2390000,67.2047,478,478,51.2087,-12598.87890625,5893.71
4587.07,2395000,67.3776,479,479,52.827,-12784.3193359375,5982.8
5344.35,2400000,67.3496,480,480,54.3628,-12789.2490234375,5553.24
5361.76,2405000,66.7297,481,481,53.0139,-12660.0791015625,6120.53
5478.22,2410000,64.982,482,482,48.619,-12410.5947265625,6047.91
5133.86,2415000,67.8215,483,483,53.5444,-12947.4365234375,5532.76
4533.71,2420000,66.5108,484,484,49.8988,-12819.0595703125,5785.08
4602.17,2425000,65.7007,485,485,50.682,-12838.9658203125,6154.64
5292.77,2430000,66.4936,486,486,51.8993,-12852.328125,6197.05
4967.93,2435000,62.6952,487,487,42.6526,-11636.1884765625,5621.48
4465.08,2440000,65.0738,488,488,49.1853,-12744.73046875,4966.91
5291.66,2445000,68.0836,489,489,55.7258,-13211.69140625,5773.9
4937.11,2450000,66.9706,490,490,53.3649,-12916.0498046875,6086.74
5176.92,2455000,67.7072,491,491,53.7236,-13069.3037109375,5760.16
5241.59,2460000,67.6762,492,492,53.3113,-12933.2353515625,5711.18
4991.37,2465000,67.879,493,493,53.2947,-13097.244140625,5518.22
5023.16,2470000,63.6421,494,494,46.4351,-11862.0576171875,6014.6
5416.54,2475000,62.919,495,495,41.9088,-11319.953125,5058.99
4935.98,2480000,64.8914,496,496,48.8076,-12328.0654296875,6075.13
5449.79,2485000,64.9667,497,497,47.5907,-12452.142578125,5721.87
4234.55,2490000,63.1008,498,498,43.4494,-11809.4951171875,5644.24
5429.46,2495000,63.8058,499,499,47.8968,-12311.689453125,5799.81
5485.66,2500000,66.4921,500,500,51.648,-12999.6416015625,6149.65
5215.37,2505000,66.1481,501,501,51.71,-13016.384765625,5823.99
5001.14,2510000,67.8085,502,502,53.4979,-13174.5810546875,5582.05
5220.71,2515000,64.519,503,503,47.2994,-12548.23828125,5551.86
4756.79,2520000,65.3969,504,504,48.0032,-12725.92578125,6002.51
5227.04,2525000,67.6056,505,505,53.4008,-13319.4375,6029.86
5148.28,2530000,67.6023,506,506,54.6256,-13071.3369140625,6213.22
5736.28,2535000,64.3002,507,507,46.5664,-12512.533203125,6160.34
5537.69,2540000,68.0055,508,508,54.2657,-13473.6533203125,6162.1
5593.67,2545000,64.2132,509,509,48.7324,-12473.3662109375,5208.51
5571.9,2550000,68.6623,510,510,56.0761,-13263.1591796875,6205.97
5213.59,2555000,66.3873,511,511,52.9327,-12707.1572265625,6196.64
5831.62,2560000,68.3166,512,512,54.5289,-13404.501953125,6198.64
5193.82,2565000,66.7588,513,513,53.6259,-13172.8798828125,6071.36
5125.31,2570000,68.0958,514,514,54.4383,-13386.734375,5850.77
5351.79,2575000,69.1063,515,515,57.5844,-13585.931640625,6186.17
5454.64,2580000,65.7547,516,516,48.6247,-12671.6005859375,5750.7
5604.17,2585000,68.9675,517,517,56.6932,-13549.05859375,6094.21
5724.89,2590000,67.5943,518,518,53.0366,-13410.4580078125,6265.62
5218.11,2595000,68.0051,519,519,55.2991,-13454.921875,6166.09
5425.74,2600000,69.2872,520,520,55.4401,-13479.236328125,5756.44
4634.09,2605000,63.7209,521,521,46.0636,-12373.7587890625,5905.88
4829.48,2610000,68.6959,522,522,56.5379,-13468.57421875,6036.14
4699.82,2615000,66.8461,523,523,52.4594,-13371.9326171875,5847.55
5189.25,2620000,67.1568,524,524,52.1547,-13449.3994140625,6015.2
5080.72,2625000,61.2649,525,525,37.2817,-10563.359375,6189.15
5546.81,2630000,70.2192,526,526,59.1764,-13706.7373046875,5929.09
5511.63,2635000,63.3781,527,527,47.9129,-12408.4130859375,6109.06
4641.5,2640000,66.7007,528,528,52.2643,-13242.16796875,5782.71
5070.73,2645000,68.5483,529,529,53.9011,-13609.21484375,5875.41
4939.52,2650000,63.489,530,530,43.167,-11335.3515625,5606.16
5421.13,2655000,68.3828,531,531,56.0876,-13767.376953125,5673.45
4743.99,2660000,69.1372,532,532,55.9595,-13568.208984375,5154.07
5088.95,2665000,65.6633,533,533,51.4623,-13018.396484375,5790.27
4922.54,2670000,69.1265,534,534,55.7356,-13860.1552734375,5537.51
5514.2,2675000,66.8749,535,535,51.0707,-13278.607421875,5762.56
5315.81,2680000,69.0652,536,536,55.0779,-13710.8896484375,5947.2
5518.34,2685000,68.5017,537,537,55.7606,-13606.03515625,5976.46
5175.51,2690000,64.9211,538,538,49.0901,-12704.75390625,5967.19
5730.19,2695000,66.5541,539,539,51.2622,-13504.5966796875,6212.37
4429.28,2700000,65.7891,540,540,51.1926,-13471.8701171875,5927.22
5064.6,2705000,67.3076,541,541,52.5189,-13857.984375,6176.83
5162.9,2710000,65.1174,542,542,48.7404,-12760.7197265625,6045.57
4577.11,2715000,69.0795,543,543,54.7759,-13927.138671875,5596.3
5513.74,2720000,68.1899,544,544,55.9857,-13900.3701171875,6101.39
4999.76,2725000,69.0485,545,545,57.4696,-14107.9375,6163.34
5444.08,2730000,71.3311,546,546,58.0036,-13935.0078125,5885.41
5212.43,2735000,66.0669,547,547,53.1502,-13450.7470703125,6169.46
5333.94,2740000,69.272,548,548,57.4178,-13915.603515625,6034.39
5037.04,2745000,67.8188,549,549,53.0625,-13673.2158203125,6275.38
5115.53,2750000,66.0344,550,550,54.2327,-13178.396484375,5927.08
5033.71,2755000,67.9089,551,551,53.6336,-13585.5693359375,5188.04
5201.71,2760000,68.9795,552,552,53.4104,-13697.4619140625,5479.32
5481.13,2765000,65.3106,553,553,48.4798,-13031.421875,5812.76
5359.8,2770000,68.4714,554,554,54.4781,-13861.2265625,6030.0
5434.97,2775000,65.7927,555,555,46.3292,-13315.66015625,6089.74
5063.35,2780000,64.3631,556,556,45.9276,-12930.35546875,6003.03
5313.53,2785000,63.4469,557,557,41.0876,-12147.8466796875,6280.73
4908.1,2790000,64.8514,558,558,46.5292,-12790.4677734375,6101.43
5534.26,2795000,61.6103,559,559,38.049,-11269.8837890625,6187.99
4890.91,2800000,67.3014,560,560,50.7376,-13950.8681640625,6299.51
4604.88,2805000,65.2528,561,561,48.9164,-13517.76171875,5325.36
4831.66,2810000,65.0413,562,562,49.1625,-13585.12109375,5973.97
4471.03,2815000,66.07,563,563,51.1901,-13832.4873046875,6013.75
4698.86,2820000,68.2043,564,564,53.966,-14043.3193359375,5683.23
5448.7,2825000,66.4011,565,565,51.8479,-13874.013671875,6188.48
5875.42,2830000,66.0594,566,566,50.4813,-13482.0576171875,6024.65
5019.94,2835000,67.1664,567,567,51.351,-13916.6982421875,6300.28
5548.64,2840000,68.2985,568,568,54.1423,-14147.2109375,5652.88
4944.4,2845000,66.0573,569,569,51.1875,-13898.2568359375,5947.58
5479.3,2850000,68.3381,570,570,51.2716,-13966.603515625,6327.0
4841.59,2855000,65.1371,571,571,50.9764,-13604.59375,5348.37
5001.5,2860000,68.1449,572,572,53.8207,-13958.623046875,5725.21
4999.13,2865000,67.7968,573,573,53.8653,-13996.68359375,5906.4
5351.64,2870000,69.1053,574,574,52.6744,-13882.41796875,6228.93
4879.94,2875000,68.8937,575,575,55.4444,-14083.646484375,5405.97
5484.44,2880000,67.1762,576,576,52.2245,-13903.0625,5946.17
5033.97,2885000,67.9717,577,577,53.4142,-14033.626953125,5954.67
5293.72,2890000,67.2491,578,578,53.0055,-13797.576171875,4998.52
4721.65,2895000,64.8931,579,579,50.2991,-13279.8916015625,6228.21
5273.34,2900000,65.696,580,580,47.6005,-13186.279296875,5682.27
5447.82,2905000,68.4602,581,581,51.5152,-14006.7333984375,5822.18
5473.22,2910000,64.2422,582,582,49.3941,-12946.109375,5565.56
5495.6,2915000,67.787,583,583,51.3918,-13956.7587890625,6150.01
5731.39,2920000,66.4867,584,584,50.4478,-13746.1875,5922.56
5177.51,2925000,65.6287,585,585,49.1514,-13658.8935546875,5848.97
4929.08,2930000,68.9607,586,586,53.8733,-13974.9990234375,5855.79
5086.54,2935000,67.4407,587,587,51.728,-13841.564453125,6069.97
5073.04,2940000,65.8375,588,588,50.197,-13812.83984375,6148.19
4966.34,2945000,68.6161,589,589,53.8862,-14259.69921875,6202.3
5318.08,2950000,68.818,590,590,56.1367,-14331.4130859375,5366.71
5171.87,2955000,68.2568,591,591,53.8156,-14116.85546875,6159.39
5274.34,2960000,67.3878,592,592,53.1322,-14315.251953125,5940.78
5710.96,2965000,68.816,593,593,53.9275,-14281.8115234375,6181.24
5251.32,2970000,65.8956,594,594,52.7438,-13658.390625,6079.96
5341.35,2975000,63.534,595,595,47.078,-13109.1298828125,6273.67
5160.54,2980000,64.4866,596,596,47.232,-13134.1123046875,6235.88
4820.43,2985000,64.3044,597,597,48.4307,-13256.408203125,5624.07
5024.5,2990000,69.5064,598,598,54.0626,-14329.1796875,5981.39
4311.14,2995000,68.2097,599,599,54.0476,-14130.228515625,5576.26
