Itration,Running Forward KL,Real Sto Return,Running Env Steps,Running Update Time,Reward Loss,Running Reverse KL,Real Det Return
0,49.727,395.59,0,0,813.8079833984375,15.7835,460.21
1,49.5543,397.48,5000,1,736.742431640625,13.1062,279.16
2,49.8803,193.9,10000,2,759.8524169921875,13.2467,373.85
3,48.7383,427.02,15000,3,718.2931518554688,12.7008,368.98
4,49.1684,333.15,20000,4,752.763916015625,15.2135,313.63
5,48.9386,428.04,25000,5,672.7431030273438,15.3713,444.56
6,49.7899,352.38,30000,6,682.9869384765625,17.4347,310.24
7,49.5595,361.89,35000,7,707.4290161132812,14.6368,439.73
8,49.1059,412.04,40000,8,607.829345703125,15.3677,466.0
9,48.8468,467.57,45000,9,413.2265625,14.8166,502.77
10,50.726,489.99,50000,10,151.173095703125,19.979,312.17
11,50.0989,429.99,55000,11,330.65521240234375,14.1091,304.32
12,47.9774,1014.61,60000,12,319.01995849609375,20.0973,1964.07
13,48.472,905.11,65000,13,214.40155029296875,21.1089,1627.36
14,47.8414,717.96,70000,14,187.08018493652344,24.2287,1015.38
15,47.8334,814.11,75000,15,24.47357940673828,16.1092,742.7
16,47.1755,1095.26,80000,16,187.52508544921875,19.2908,910.21
17,46.7068,1206.58,85000,17,106.59567260742188,17.218,1599.73
18,47.9129,1087.9,90000,18,18.28898811340332,17.5489,1290.37
19,47.1061,1059.14,95000,19,-40.28274154663086,15.8885,948.12
20,47.9905,1022.44,100000,20,-27.5347843170166,22.9915,1246.53
21,46.6028,935.48,105000,21,-499.169189453125,19.331,819.99
22,46.0093,1169.34,110000,22,-276.63079833984375,23.295,1031.03
23,46.7341,1243.86,115000,23,-325.13128662109375,38.9583,1518.77
24,47.164,902.55,120000,24,-397.3624572753906,32.9032,823.03
25,46.9525,1213.83,125000,25,-442.7894287109375,25.2853,1409.26
26,46.8056,1207.47,130000,26,-516.0875854492188,25.9317,1475.49
27,47.4068,1256.79,135000,27,-523.928955078125,32.557,1752.03
28,46.3926,1335.5,140000,28,-653.998779296875,26.3474,1592.68
29,46.0278,1428.4,145000,29,-683.4219970703125,24.9873,1832.15
30,46.5237,1442.93,150000,30,-747.1859130859375,21.4676,1387.22
31,46.2685,1398.38,155000,31,-960.2772827148438,19.6851,1608.77
32,46.1847,1262.36,160000,32,-828.0535888671875,32.9912,1373.54
33,45.9125,1045.22,165000,33,-757.1549072265625,25.5385,1213.82
34,46.2491,1166.97,170000,34,-717.1786499023438,17.6973,1322.78
35,46.9561,1143.49,175000,35,-637.4989624023438,30.3245,1453.56
36,45.7088,1333.94,180000,36,-889.7982177734375,21.6611,1938.19
37,45.9743,1389.4,185000,37,-940.9548950195312,16.1037,1425.93
38,46.2524,1503.97,190000,38,-1038.5284423828125,23.7161,2700.3
39,46.6989,1439.84,195000,39,-1194.3341064453125,27.0113,1608.52
40,46.1233,1531.53,200000,40,-1074.9981689453125,25.8339,1927.5
41,46.593,1336.57,205000,41,-1255.83935546875,25.28,1104.85
42,47.6057,1405.29,210000,42,-1365.1689453125,30.7233,840.98
43,46.4627,1459.44,215000,43,-1097.9166259765625,18.4086,1853.16
44,46.9098,1165.36,220000,44,-1292.6136474609375,14.4517,1481.8
45,45.9196,1533.62,225000,45,-1303.2850341796875,14.9645,2347.73
46,46.0238,1407.78,230000,46,-1448.992431640625,14.7969,1709.82
47,45.8528,1367.2,235000,47,-1258.4796142578125,18.5604,2439.73
48,45.5154,1449.98,240000,48,-1606.2457275390625,15.3001,1852.01
49,45.5966,1590.51,245000,49,-1575.0340576171875,15.9523,1351.7
50,46.4165,1519.6,250000,50,-1465.5865478515625,18.2072,1304.66
51,46.2521,1544.06,255000,51,-1627.87060546875,15.6003,1554.75
52,45.7666,1030.9,260000,52,-1758.749267578125,15.1155,1447.26
53,45.2382,2402.47,265000,53,-1661.1650390625,14.5866,3237.29
54,45.6836,2166.44,270000,54,-1642.462890625,19.9049,3341.88
55,45.7786,2229.91,275000,55,-1899.4501953125,15.2348,1882.25
56,45.6133,1620.79,280000,56,-1799.597900390625,16.5987,2220.6
57,45.4528,1521.86,285000,57,-1859.1025390625,17.1363,1981.65
58,46.5235,2021.19,290000,58,-1876.351318359375,19.3925,3069.47
59,45.7837,1633.98,295000,59,-2100.93896484375,16.5312,2398.73
60,45.5324,2587.73,300000,60,-2030.5008544921875,17.1764,2800.34
61,45.5938,2124.41,305000,61,-2054.282470703125,16.8525,3240.51
62,46.1233,2424.66,310000,62,-2210.108642578125,24.0643,1206.47
63,44.911,1455.43,315000,63,-2564.78466796875,16.4374,2482.27
64,45.1915,1911.78,320000,64,-2413.81005859375,14.4871,2919.3
65,45.5314,1995.9,325000,65,-2290.69677734375,15.8898,3261.27
66,45.3233,1940.49,330000,66,-2312.581787109375,16.003,2752.27
67,45.1641,1964.71,335000,67,-2616.159423828125,15.6958,2838.75
68,45.8065,2087.54,340000,68,-2532.900390625,17.4774,3589.21
69,44.9186,2164.86,345000,69,-2498.342041015625,16.9503,3349.9
70,46.1486,2325.01,350000,70,-2486.8447265625,18.1409,3522.17
71,45.9299,2794.52,355000,71,-2389.897705078125,18.0466,3414.87
72,45.4058,3121.76,360000,72,-2260.028076171875,18.6265,3233.61
73,46.3279,2952.07,365000,73,-2277.8046875,21.0828,3057.35
74,45.6685,2449.87,370000,74,-2361.797607421875,19.4546,3300.29
75,45.939,2307.36,375000,75,-2585.5,20.0063,3554.12
76,45.7865,2273.95,380000,76,-2527.31005859375,20.0537,3583.39
77,45.6378,2581.35,385000,77,-2789.517578125,25.549,3549.73
78,45.3289,2598.19,390000,78,-2741.57275390625,17.0292,2967.99
79,46.3739,3033.62,395000,79,-2530.508056640625,23.8182,3460.19
80,45.8014,1966.23,400000,80,-2884.5263671875,17.9779,2636.41
81,45.495,3220.84,405000,81,-2567.93310546875,21.5752,3447.61
82,45.4233,2378.36,410000,82,-2753.61328125,19.9795,2795.57
83,45.4707,2779.79,415000,83,-3038.69580078125,18.1267,3441.25
84,45.0081,1989.93,420000,84,-3105.965576171875,15.2955,2165.14
85,45.1055,1796.42,425000,85,-3125.469482421875,16.6336,2870.79
86,45.3663,1754.56,430000,86,-3232.74560546875,17.7415,2999.95
87,46.0138,3388.54,435000,87,-3162.83056640625,17.4012,3502.56
88,45.4648,2427.96,440000,88,-3017.497802734375,17.2625,3366.57
89,45.4336,2251.82,445000,89,-3085.058837890625,20.2091,3169.66
90,45.4995,2766.79,450000,90,-3177.737060546875,15.8025,3631.27
91,45.7686,2831.92,455000,91,-3268.14013671875,17.4063,2966.38
92,45.5709,2415.54,460000,92,-3542.355712890625,14.8968,3546.59
93,45.4635,3003.67,465000,93,-3208.762451171875,20.3073,1035.77
94,45.6036,1770.83,470000,94,-3406.6953125,17.8425,851.96
95,45.3445,2042.21,475000,95,-3388.87548828125,24.0034,3582.15
96,45.3684,2886.68,480000,96,-3268.177734375,18.4991,3311.72
97,45.7277,2405.42,485000,97,-3445.06103515625,21.1091,3705.04
98,45.5855,3120.21,490000,98,-3416.080322265625,18.1347,3520.65
99,46.0275,3255.28,495000,99,-3480.24462890625,20.3261,3303.3
100,45.9711,3033.52,500000,100,-3480.375244140625,19.2806,3356.56
101,45.4093,3027.63,505000,101,-3449.007080078125,19.6563,3480.03
102,45.8262,2208.66,510000,102,-3909.12744140625,20.5566,2843.18
103,44.9451,2436.24,515000,103,-3694.6650390625,20.119,3668.9
104,45.1347,2387.3,520000,104,-3833.408935546875,16.6345,3392.78
105,45.7533,2377.16,525000,105,-3805.649658203125,20.3766,3505.84
106,45.3365,2813.01,530000,106,-3833.56298828125,17.9247,1869.87
107,44.9658,2988.17,535000,107,-3850.077392578125,18.1753,3605.09
108,45.2354,2331.83,540000,108,-4004.923583984375,18.5683,3434.03
109,45.3544,1912.99,545000,109,-4098.525390625,15.9833,2332.56
110,45.7031,1938.6,550000,110,-4408.72802734375,17.4671,2525.53
111,45.9856,3368.63,555000,111,-3920.51220703125,20.7094,3610.91
112,45.5547,2759.34,560000,112,-4484.08740234375,19.2171,3779.11
113,45.661,2930.21,565000,113,-4159.46728515625,22.2805,3714.84
114,45.368,3246.42,570000,114,-4188.69140625,19.3115,2943.82
115,45.5958,2010.62,575000,115,-4463.017578125,17.0126,3313.11
116,45.8349,2660.3,580000,116,-4318.07958984375,17.5713,2025.64
117,45.8114,1298.16,585000,117,-4441.16845703125,20.0204,2987.15
118,45.4093,1637.54,590000,118,-4570.03955078125,18.5211,1271.63
119,50.4847,183.21,595000,119,-4241.275390625,52.8141,28.86
120,50.1513,390.36,600000,120,-4262.04345703125,54.4084,412.89
121,45.7744,1764.7,605000,121,-4628.8291015625,19.3058,1768.99
122,46.0725,2092.07,610000,122,-4862.47900390625,19.8988,2989.09
123,46.1698,2497.3,615000,123,-4691.27490234375,22.5737,1591.97
124,46.0472,3195.93,620000,124,-4784.171875,21.2008,3307.04
125,45.5646,2337.62,625000,125,-5198.44482421875,18.2858,2750.71
126,45.6803,3100.15,630000,126,-4629.7841796875,19.403,3135.6
127,45.2563,3458.26,635000,127,-4910.06005859375,17.3978,3247.53
128,45.03,2675.51,640000,128,-4744.80419921875,17.596,3842.03
129,44.6784,2785.61,645000,129,-5295.16796875,16.0512,2714.85
130,45.3865,2709.11,650000,130,-5218.84326171875,18.2408,2828.02
131,46.0658,3285.54,655000,131,-5002.625,20.1858,3461.71
132,45.5337,2822.51,660000,132,-5122.38427734375,19.0902,3375.18
133,45.3565,2846.71,665000,133,-5083.60791015625,19.0879,3612.46
134,44.9817,2689.42,670000,134,-5045.96337890625,20.6012,3654.21
135,46.4117,3165.94,675000,135,-5325.25927734375,19.9921,3280.01
136,45.2164,3219.31,680000,136,-5233.7978515625,18.5326,3415.29
137,45.9723,1600.99,685000,137,-5980.61181640625,26.2272,2105.96
138,45.1229,2063.55,690000,138,-5732.3037109375,17.3742,3387.77
139,45.3115,2128.38,695000,139,-5879.8701171875,15.1145,3552.66
140,45.6421,3469.49,700000,140,-5608.4814453125,19.205,3339.12
141,44.9388,2375.47,705000,141,-5812.63330078125,16.3318,3730.5
142,46.0436,2200.97,710000,142,-5894.84521484375,19.3592,1914.2
143,45.3612,2316.82,715000,143,-5806.49853515625,20.6612,3423.24
144,45.5235,1976.38,720000,144,-5855.22607421875,18.4111,3042.39
145,45.1841,3024.58,725000,145,-5684.64501953125,16.9138,3490.33
146,45.829,2762.37,730000,146,-5984.70068359375,22.0841,3627.74
147,45.3223,2825.8,735000,147,-5783.009765625,24.3176,3342.78
148,45.2846,3427.13,740000,148,-5840.8271484375,19.4036,3039.49
149,45.2018,3023.19,745000,149,-5970.9111328125,16.497,3513.63
150,45.3459,3182.46,750000,150,-6011.9404296875,18.7763,3565.49
151,45.0638,2963.2,755000,151,-5984.9306640625,18.7461,3540.72
152,45.0912,3347.17,760000,152,-6068.908203125,18.7705,3522.36
153,44.6161,2760.75,765000,153,-6162.3310546875,16.569,2902.71
154,45.4785,2843.01,770000,154,-6688.25,16.4235,2371.31
155,44.6808,3220.85,775000,155,-6313.2939453125,16.6442,3314.62
156,45.3582,3508.36,780000,156,-6346.47119140625,17.9923,3501.48
157,45.9429,2429.25,785000,157,-6636.15478515625,17.9585,2407.38
158,46.4311,3427.17,790000,158,-6753.3544921875,20.7033,3384.95
159,45.4649,3112.44,795000,159,-6386.83349609375,19.3017,3764.79
160,45.8844,3541.37,800000,160,-6659.52734375,19.8066,3245.89
161,45.1173,3253.19,805000,161,-6785.1142578125,19.3687,3527.53
162,45.3392,2645.04,810000,162,-6809.4326171875,17.3488,3578.66
163,45.0943,2123.12,815000,163,-6567.1884765625,20.607,3143.11
164,44.7367,2986.08,820000,164,-6877.1376953125,16.6434,3677.42
165,44.4786,2715.78,825000,165,-6943.1259765625,17.1747,3628.42
166,45.3891,3453.97,830000,166,-6861.27197265625,18.0676,3407.8
167,45.4804,2495.18,835000,167,-7232.88720703125,15.3451,3431.67
168,45.2261,2934.89,840000,168,-7081.81103515625,20.4055,3201.41
169,45.269,2781.75,845000,169,-7409.38134765625,18.8996,3326.78
170,45.26,2309.08,850000,170,-7687.76220703125,16.7388,3251.07
171,45.2107,3513.86,855000,171,-7246.3623046875,16.8528,3238.33
172,44.7136,2623.9,860000,172,-7659.30078125,14.1924,3525.65
173,45.022,2560.23,865000,173,-7544.22900390625,15.1174,2135.11
174,45.0132,2412.63,870000,174,-7785.0498046875,15.5957,2671.23
175,44.8885,2572.66,875000,175,-7397.5263671875,17.1482,2901.66
176,45.4242,2996.27,880000,176,-7603.98486328125,15.5198,3196.49
177,46.0978,1056.54,885000,177,-8521.732421875,17.1888,1413.61
178,45.9486,2194.62,890000,178,-7435.15380859375,23.2553,1049.75
179,44.9187,2764.29,895000,179,-7706.2978515625,16.7538,3527.33
180,45.0926,2942.78,900000,180,-7730.61376953125,18.0087,3511.17
181,45.1206,2782.63,905000,181,-7821.12109375,15.6099,3333.45
182,45.3658,3447.5,910000,182,-7877.66796875,18.1477,3364.83
183,45.1737,2468.75,915000,183,-8064.515625,17.1328,3375.76
184,45.1977,3395.87,920000,184,-7997.0849609375,19.5147,3360.93
185,45.5276,3250.84,925000,185,-7961.99658203125,17.5717,3310.28
186,44.8826,2379.48,930000,186,-8310.74609375,28.0274,-15.15
187,45.4883,3553.25,935000,187,-8040.9990234375,19.1369,3355.52
188,45.6498,3177.1,940000,188,-8674.203125,19.7068,3277.96
189,45.7209,3461.28,945000,189,-8629.2431640625,18.2775,3308.06
190,45.1014,2772.07,950000,190,-8597.8505859375,15.7194,3843.18
191,44.8588,2904.88,955000,191,-8453.4736328125,18.1755,3551.67
192,45.0411,3441.04,960000,192,-8390.640625,16.675,3105.77
193,44.8239,3291.99,965000,193,-8126.17138671875,17.6663,3261.59
194,45.4157,3168.18,970000,194,-8502.5859375,17.8937,3524.54
195,44.8169,3493.94,975000,195,-7940.3896484375,20.0255,3631.23
196,45.4724,3370.84,980000,196,-8639.412109375,19.3075,3545.59
197,44.8168,3486.78,985000,197,-8399.6533203125,19.086,3596.55
198,45.5107,2479.28,990000,198,-9193.359375,25.1747,3419.66
199,45.234,3479.1,995000,199,-8889.5791015625,17.9195,3322.5
200,45.0965,3132.77,1000000,200,-8931.5712890625,19.9279,3590.98
201,44.5189,3223.34,1005000,201,-8845.4677734375,16.9958,3527.69
202,44.8332,2771.75,1010000,202,-9096.2607421875,17.8238,3523.24
203,45.3937,3334.98,1015000,203,-8925.4599609375,19.5972,3266.85
204,45.1634,3581.08,1020000,204,-8945.8759765625,19.4836,3703.67
205,45.2455,3665.07,1025000,205,-9108.9501953125,18.2655,3454.55
206,44.9128,3460.81,1030000,206,-9095.833984375,17.1068,3725.83
207,44.5086,3398.74,1035000,207,-9046.7939453125,18.1422,3248.08
208,44.3516,3003.0,1040000,208,-9155.0634765625,18.6294,3713.78
209,44.9524,3157.09,1045000,209,-9498.92578125,19.7049,3341.84
210,44.6495,3240.81,1050000,210,-9273.9248046875,17.911,3295.87
211,45.031,3588.73,1055000,211,-9527.8232421875,17.3695,3187.05
212,44.7356,3605.8,1060000,212,-9464.759765625,18.0576,3478.32
213,45.2322,2816.37,1065000,213,-9666.8310546875,17.7408,3317.49
214,44.5008,3031.32,1070000,214,-9567.1611328125,16.8724,3412.65
215,44.5199,3420.74,1075000,215,-9549.7958984375,22.1909,3510.5
216,45.1299,3210.26,1080000,216,-9727.482421875,19.3966,3281.29
217,44.9002,2724.14,1085000,217,-9956.548828125,17.8352,3377.36
218,44.9586,3379.68,1090000,218,-9800.498046875,16.8729,3111.54
219,44.9649,3248.32,1095000,219,-9831.615234375,18.5302,3180.06
220,44.6772,3326.73,1100000,220,-9841.3095703125,16.7961,3181.11
221,44.9574,3059.67,1105000,221,-10036.8974609375,17.7913,3400.36
222,45.0759,3062.36,1110000,222,-9929.7197265625,18.1838,3609.81
223,44.6212,3464.22,1115000,223,-10222.5107421875,17.4898,3352.17
224,44.249,2988.6,1120000,224,-10537.939453125,16.9263,3606.83
225,44.792,3592.81,1125000,225,-10264.01171875,16.5984,3742.36
226,44.6742,3435.36,1130000,226,-10154.318359375,17.1573,3832.85
227,44.2706,2613.54,1135000,227,-10771.74609375,16.2799,3762.85
228,44.6806,2717.17,1140000,228,-10446.1767578125,18.3301,3847.33
229,44.5866,2941.53,1145000,229,-10891.0029296875,17.3707,3876.4
230,44.5889,2786.09,1150000,230,-10859.9130859375,17.2353,3455.54
231,45.0896,3014.65,1155000,231,-11099.38671875,17.2969,3912.9
232,44.5185,3274.3,1160000,232,-11094.451171875,17.2404,3703.55
233,45.2834,2647.19,1165000,233,-10867.287109375,17.8327,3892.13
234,44.8063,3032.51,1170000,234,-11045.923828125,17.7609,3855.05
235,44.7999,2656.24,1175000,235,-11217.2685546875,17.2743,3633.46
236,45.4148,3170.31,1180000,236,-10933.1025390625,19.1956,3669.3
237,44.8696,3072.86,1185000,237,-11338.1396484375,19.9901,3417.4
238,44.8525,3465.79,1190000,238,-11248.4658203125,18.7399,3846.51
239,44.6828,3303.23,1195000,239,-11343.1103515625,17.6309,3386.3
240,45.0068,3207.71,1200000,240,-11647.2841796875,15.7894,3683.78
241,44.5783,3469.56,1205000,241,-11738.03125,20.2296,3815.41
242,44.5398,2935.79,1210000,242,-11671.9853515625,18.5613,3553.72
243,44.8437,2975.47,1215000,243,-11886.8759765625,17.8929,3707.51
244,44.5787,2818.71,1220000,244,-11781.2197265625,18.5006,3800.34
245,45.173,2931.68,1225000,245,-12361.8056640625,21.3556,3569.48
246,45.0363,3452.91,1230000,246,-11926.8505859375,18.1559,3714.23
247,44.6136,3121.75,1235000,247,-11772.599609375,18.9374,3503.11
248,44.9878,3309.11,1240000,248,-12231.1962890625,18.7555,3308.66
249,45.1143,3413.24,1245000,249,-12253.560546875,20.645,3309.54
250,44.9539,3458.28,1250000,250,-11795.90234375,20.6328,3788.85
251,44.9336,2834.55,1255000,251,-11704.0546875,19.9043,3380.22
252,45.1468,2705.79,1260000,252,-12453.421875,25.3562,3233.71
253,44.8393,2968.21,1265000,253,-12570.0126953125,23.7586,3586.64
254,44.8677,3119.45,1270000,254,-12537.234375,21.7232,3043.1
255,45.3486,3193.34,1275000,255,-12588.1416015625,20.8932,3643.44
256,44.9711,3317.29,1280000,256,-12758.2802734375,26.2425,3631.82
257,44.4934,2866.15,1285000,257,-12501.5107421875,19.7843,3532.7
258,45.2863,3455.27,1290000,258,-12432.3291015625,19.3987,3851.13
259,45.2441,3230.11,1295000,259,-13334.994140625,21.7985,3707.68
260,44.8727,2555.66,1300000,260,-13187.416015625,18.6681,3847.6
261,45.6569,3169.84,1305000,261,-13248.7421875,19.6762,3448.88
262,44.9417,2968.19,1310000,262,-13309.5244140625,18.1783,2618.22
263,45.038,3480.12,1315000,263,-13466.04296875,18.2306,3469.86
264,44.6923,2970.94,1320000,264,-13398.6630859375,19.4152,3714.61
265,44.5362,2995.76,1325000,265,-13564.35546875,18.2482,3806.29
266,44.7391,2504.57,1330000,266,-13466.4658203125,19.43,3197.68
267,45.0359,3611.62,1335000,267,-13645.32421875,18.7536,3821.05
268,44.9936,3278.7,1340000,268,-13742.9951171875,19.008,3089.89
269,44.5321,3112.08,1345000,269,-14095.2939453125,21.4749,3893.79
270,44.8423,2596.81,1350000,270,-14412.603515625,17.0985,3447.06
271,44.7156,2923.93,1355000,271,-14189.16015625,19.7045,2631.27
272,44.6034,2126.11,1360000,272,-14407.7646484375,18.3927,3163.97
273,44.813,3262.19,1365000,273,-14712.0361328125,18.3209,3359.28
274,44.6086,3268.01,1370000,274,-14320.9169921875,21.776,3612.82
275,44.9505,2789.71,1375000,275,-14407.1591796875,19.8487,3851.05
276,45.0233,2655.76,1380000,276,-14457.96875,20.2149,3772.76
277,44.3545,3043.81,1385000,277,-14435.51171875,17.993,3706.76
278,43.8071,3284.97,1390000,278,-14361.943359375,23.983,3822.37
279,44.0381,2642.04,1395000,279,-14659.2236328125,16.682,3779.71
280,43.9406,3038.31,1400000,280,-14823.287109375,17.2108,3849.89
281,44.076,3505.78,1405000,281,-14433.681640625,17.9065,3757.23
282,44.1607,3456.02,1410000,282,-15122.6728515625,22.1396,3834.98
283,44.0995,2767.38,1415000,283,-15543.0732421875,17.242,3860.86
284,44.914,3055.33,1420000,284,-15173.2255859375,18.3748,3805.74
285,44.3609,2677.56,1425000,285,-15854.03125,16.6098,3878.33
286,43.7873,3128.95,1430000,286,-15485.0771484375,16.0882,3541.64
287,44.3183,2665.25,1435000,287,-15993.5732421875,20.5705,3707.47
288,44.8141,3554.17,1440000,288,-15883.6025390625,17.4647,3730.63
289,44.9193,3373.74,1445000,289,-15729.6337890625,17.5751,3699.31
290,43.9653,3454.04,1450000,290,-15638.884765625,16.217,3890.27
291,43.7561,3309.93,1455000,291,-15397.3359375,16.5547,3819.38
292,44.2739,2920.08,1460000,292,-15739.68359375,17.1526,3843.43
293,44.3892,3395.61,1465000,293,-16275.927734375,17.0072,3903.1
294,44.5936,2854.1,1470000,294,-16701.904296875,17.2377,2916.7
295,44.7786,2181.93,1475000,295,-16881.646484375,15.6817,2454.62
296,44.4974,2487.09,1480000,296,-16792.91796875,16.2113,2951.42
297,44.6357,2440.42,1485000,297,-16433.80859375,17.8479,3327.9
298,44.2274,3184.38,1490000,298,-16338.791015625,17.2277,3792.82
299,44.1235,3427.61,1495000,299,-16618.85546875,16.9,3930.47
300,44.4317,3009.51,1500000,300,-17101.478515625,17.6497,3536.27
301,44.6776,3448.33,1505000,301,-17170.939453125,17.9807,3617.36
302,44.7445,3258.19,1510000,302,-16787.962890625,18.6707,2687.93
303,44.6711,2923.13,1515000,303,-17459.22265625,16.0016,3131.56
304,44.0184,3482.38,1520000,304,-16748.17578125,16.796,3922.63
305,44.5062,3015.5,1525000,305,-16527.21484375,17.1445,3682.3
306,44.9354,2570.35,1530000,306,-17663.419921875,15.3031,2999.09
307,44.185,2619.08,1535000,307,-17350.779296875,16.4861,2833.73
308,44.2121,3140.91,1540000,308,-16777.15625,17.7309,3870.03
309,44.3118,3183.96,1545000,309,-17508.90625,16.1145,3605.66
310,44.0754,2876.79,1550000,310,-17507.89453125,16.6956,3712.32
311,44.1846,2875.71,1555000,311,-18110.556640625,15.1713,3062.27
312,44.4334,2787.36,1560000,312,-18155.53515625,16.3267,3529.29
313,44.4767,2811.35,1565000,313,-18141.03515625,15.0658,2568.16
314,44.3174,2442.35,1570000,314,-17826.953125,16.1847,2904.62
315,43.9743,2574.27,1575000,315,-18504.451171875,15.7624,2809.18
316,44.3074,2986.33,1580000,316,-18199.990234375,18.9308,3774.18
317,43.7747,2350.62,1585000,317,-18625.486328125,15.2669,3440.89
318,44.3452,3655.84,1590000,318,-18917.560546875,16.5572,3863.02
319,43.9484,2588.75,1595000,319,-18860.6328125,15.5812,3648.98
320,44.1967,2831.39,1600000,320,-19939.62109375,14.4382,3015.48
321,44.1147,2699.07,1605000,321,-19379.021484375,13.9254,3655.23
322,44.2924,3567.49,1610000,322,-19221.185546875,16.6464,3557.09
323,44.2954,3423.59,1615000,323,-18993.34375,17.0984,3299.25
324,44.2625,2793.32,1620000,324,-19303.265625,16.5246,3539.11
325,44.763,2611.24,1625000,325,-20700.033203125,23.3989,2560.84
326,44.454,3015.07,1630000,326,-20262.119140625,16.7346,3373.37
327,44.4334,2938.01,1635000,327,-19946.16015625,15.6819,3579.93
328,44.4207,2928.3,1640000,328,-20504.474609375,15.6974,3328.77
329,44.1383,2434.71,1645000,329,-19716.58984375,20.6908,3837.25
330,44.1748,2584.26,1650000,330,-20569.57421875,15.2892,3589.83
331,44.7394,2744.62,1655000,331,-19981.16015625,17.0066,3625.24
332,44.1589,3012.66,1660000,332,-20331.845703125,16.7386,3343.07
333,44.1768,3227.4,1665000,333,-20363.908203125,16.1299,3332.9
334,44.5508,3223.08,1670000,334,-20930.228515625,15.4398,3337.46
335,44.2919,2962.75,1675000,335,-21149.7734375,14.5089,3432.15
336,44.2995,3185.03,1680000,336,-20813.9765625,16.626,3615.88
337,44.3731,3141.97,1685000,337,-21534.056640625,18.2943,2902.31
338,44.5656,3162.15,1690000,338,-20797.2421875,16.7197,3691.94
339,43.8007,3364.68,1695000,339,-20732.02734375,16.2776,3703.9
340,44.0872,3672.41,1700000,340,-20825.85546875,18.1126,3557.95
341,44.533,3281.72,1705000,341,-20805.859375,17.0282,2972.47
342,44.2802,3389.01,1710000,342,-20748.142578125,16.0834,3738.22
343,45.0034,3650.42,1715000,343,-21842.615234375,17.8156,3587.14
344,43.8153,3464.42,1720000,344,-21322.5703125,16.2389,3501.84
345,44.0716,3022.81,1725000,345,-21527.3671875,17.3545,3765.67
346,44.5756,3110.81,1730000,346,-21901.78515625,16.3185,3651.63
347,44.7938,3373.52,1735000,347,-22564.61328125,16.205,3429.55
348,44.5531,3232.45,1740000,348,-22932.38671875,16.5863,3643.67
349,44.5022,3153.51,1745000,349,-22609.3203125,18.4235,2249.78
350,44.7065,3490.11,1750000,350,-22902.896484375,16.4943,3560.69
351,43.658,3414.89,1755000,351,-23751.412109375,14.452,3694.42
352,44.3039,2951.6,1760000,352,-24633.142578125,14.2898,3468.37
353,44.6069,3363.04,1765000,353,-24067.060546875,15.9564,2573.82
354,44.6857,2597.96,1770000,354,-23640.16796875,17.108,3763.73
355,44.538,3235.77,1775000,355,-23819.736328125,17.0598,3698.26
356,44.3375,3596.75,1780000,356,-23919.86328125,16.3124,3685.22
357,44.5577,3399.16,1785000,357,-24163.296875,17.329,3806.01
358,44.4209,3453.77,1790000,358,-25470.0625,15.635,3599.66
359,44.6461,3600.54,1795000,359,-24206.9296875,18.7425,3234.94
360,44.5923,3578.02,1800000,360,-24563.990234375,17.6464,3643.6
361,44.6003,3258.37,1805000,361,-25112.390625,15.6411,3757.86
362,44.5769,3115.64,1810000,362,-24549.333984375,16.0662,3549.6
363,44.4186,3111.42,1815000,363,-24771.080078125,16.1252,3458.48
364,44.3809,3331.59,1820000,364,-25524.12890625,16.4324,3701.22
365,44.4022,3691.28,1825000,365,-25116.103515625,17.2577,3835.64
366,44.1698,3544.32,1830000,366,-25531.82421875,16.6228,3687.08
367,44.1894,3374.05,1835000,367,-24800.53515625,17.1099,3680.54
368,43.9321,3632.17,1840000,368,-24636.03515625,17.664,3806.44
369,44.058,3699.64,1845000,369,-25622.30859375,16.0327,3745.86
370,44.1358,3380.71,1850000,370,-26233.49609375,15.3023,3789.5
371,44.1371,3251.15,1855000,371,-24762.67578125,18.2049,3802.07
372,44.3793,3572.79,1860000,372,-26232.0703125,16.7826,3781.56
373,44.1811,3722.74,1865000,373,-25735.70703125,17.6625,3841.26
374,44.1914,3620.72,1870000,374,-26904.49609375,15.3466,3702.01
375,44.0525,3594.03,1875000,375,-26833.59765625,15.6705,3759.15
376,44.3689,3466.32,1880000,376,-25317.0703125,18.2868,3874.57
377,44.2904,3563.71,1885000,377,-26031.05859375,17.3748,3717.69
378,44.216,3227.96,1890000,378,-27023.283203125,15.6491,3731.3
379,44.4125,3689.93,1895000,379,-26477.244140625,16.6882,3826.51
380,44.0904,3574.34,1900000,380,-27127.119140625,16.7745,3663.89
381,44.4856,3505.73,1905000,381,-27348.439453125,16.3636,3738.87
382,44.2662,3230.31,1910000,382,-27845.259765625,16.1693,3781.88
383,44.1388,3516.02,1915000,383,-26750.638671875,17.3856,3599.56
384,44.7696,3627.32,1920000,384,-28177.03125,16.2831,3498.99
385,43.9552,3512.51,1925000,385,-27983.759765625,16.6513,3738.64
386,44.5412,3596.49,1930000,386,-28681.0625,15.79,3650.94
387,44.361,3402.65,1935000,387,-28412.2109375,16.6036,3690.86
388,44.1493,3693.74,1940000,388,-27649.5703125,16.5438,3857.86
389,44.1279,3472.4,1945000,389,-27722.57421875,17.8171,3832.55
390,44.3218,3752.89,1950000,390,-29687.287109375,14.5779,3832.96
391,44.5773,3675.13,1955000,391,-29191.671875,16.3432,3806.02
392,44.1687,3041.52,1960000,392,-28467.3984375,16.3881,3929.04
393,44.0732,3574.2,1965000,393,-29221.79296875,15.887,3987.53
394,44.0438,3794.67,1970000,394,-28489.501953125,16.2429,3877.0
395,43.694,3439.68,1975000,395,-28792.71484375,15.0984,3904.53
396,43.821,3180.67,1980000,396,-28812.314453125,15.3408,3871.34
397,44.1916,2874.56,1985000,397,-29193.609375,16.4926,3583.83
398,44.3976,3208.84,1990000,398,-30920.7578125,13.9393,3934.6
399,43.6216,3004.57,1995000,399,-28253.205078125,16.8533,3946.15
400,43.8741,3141.54,2000000,400,-29889.81640625,14.6813,3977.5
401,43.9586,2596.86,2005000,401,-30594.171875,14.3893,3544.62
402,43.7655,3051.91,2010000,402,-28635.388671875,16.3857,3374.94
403,44.1522,2899.24,2015000,403,-29320.4609375,17.5222,3951.82
404,45.8551,441.48,2020000,404,-33144.671875,29.35,708.09
405,44.4574,2747.69,2025000,405,-30479.80859375,19.0751,3576.66
406,43.8489,2667.61,2030000,406,-30855.572265625,15.4395,2423.13
407,43.821,3643.84,2035000,407,-31242.337890625,18.7729,3757.41
408,43.9089,3692.26,2040000,408,-31899.548828125,15.6934,3719.82
409,43.9947,3201.76,2045000,409,-31238.099609375,15.9445,3524.68
410,43.5178,2835.95,2050000,410,-31009.998046875,15.9858,3797.26
411,44.4439,3635.17,2055000,411,-32332.41015625,16.0592,3508.8
412,43.9829,3233.0,2060000,412,-32275.7421875,20.9074,3853.95
413,44.3038,3744.66,2065000,413,-32628.97265625,15.9584,3754.36
414,44.1766,3723.57,2070000,414,-32663.37890625,20.7191,3817.51
415,44.2512,3642.11,2075000,415,-31860.685546875,17.3022,3953.62
416,44.1134,3728.69,2080000,416,-32475.41796875,16.8488,3863.56
417,44.63,2830.73,2085000,417,-33349.6328125,17.2682,3704.6
418,43.8638,3260.44,2090000,418,-32487.642578125,15.4761,3883.59
419,44.0863,3072.42,2095000,419,-32524.27734375,16.485,3905.69
420,44.6073,3603.37,2100000,420,-33085.19921875,17.2055,3247.71
421,44.2226,3440.06,2105000,421,-33378.6171875,16.0656,3910.05
422,44.2558,3691.45,2110000,422,-32529.513671875,16.5192,3898.0
423,44.0397,3501.22,2115000,423,-31577.841796875,18.4523,3963.67
424,44.2171,3788.69,2120000,424,-33602.39453125,16.6462,3799.36
425,44.306,3853.58,2125000,425,-33528.4375,16.5315,3776.04
426,43.8085,3355.14,2130000,426,-32265.701171875,17.1405,3999.35
427,43.5754,3840.68,2135000,427,-32859.421875,16.4156,3673.81
428,44.1891,3356.6,2140000,428,-32856.58984375,18.0531,3894.47
429,43.6762,3530.64,2145000,429,-32969.3984375,16.9845,3838.3
430,44.4055,3280.74,2150000,430,-32332.88671875,18.4149,3849.51
431,44.1724,3626.0,2155000,431,-33292.88671875,17.8511,3793.61
432,43.8747,3777.84,2160000,432,-32982.58203125,17.7537,3844.45
433,43.9079,3462.06,2165000,433,-34275.41015625,16.2986,3963.76
434,44.1279,3606.64,2170000,434,-33264.109375,17.8037,3782.33
435,44.1194,3683.32,2175000,435,-33455.6953125,18.4863,3809.52
436,43.9323,3669.72,2180000,436,-33136.5859375,17.6686,3950.62
437,43.7436,3512.46,2185000,437,-33976.65625,16.8614,3896.83
438,44.0584,3146.72,2190000,438,-34947.6953125,15.8139,3889.85
439,43.6759,3578.87,2195000,439,-32592.046875,17.19,3775.87
440,43.9767,3708.03,2200000,440,-33265.40234375,18.9596,3316.48
441,43.9722,3710.67,2205000,441,-33642.34765625,17.6321,3383.09
442,43.9162,3686.01,2210000,442,-33769.82421875,16.7222,3784.02
443,44.2145,3793.83,2215000,443,-34069.32421875,17.682,3626.08
444,43.7564,3423.06,2220000,444,-33048.33984375,17.7291,3621.97
445,44.0779,3636.03,2225000,445,-34630.234375,15.8715,3766.18
446,44.4716,3737.25,2230000,446,-35896.81640625,15.8875,3307.55
447,43.7782,3640.73,2235000,447,-34091.8515625,18.0227,3329.41
448,44.1641,3531.45,2240000,448,-34288.84375,17.8885,3742.25
449,44.121,3606.88,2245000,449,-34305.5390625,18.7021,3741.46
450,44.3951,3544.59,2250000,450,-35733.2578125,17.7738,3406.87
451,43.9992,3647.22,2255000,451,-35072.7890625,17.718,3367.3
452,43.8088,3329.65,2260000,452,-35453.8359375,15.9228,3147.14
453,43.9923,3608.79,2265000,453,-34548.04296875,17.0447,3953.95
454,44.0334,3434.83,2270000,454,-34830.08984375,16.7341,3776.35
455,44.1155,3486.19,2275000,455,-35647.28125,15.9293,3831.23
456,43.7504,3598.25,2280000,456,-35047.015625,16.6557,3876.41
457,44.1377,3406.22,2285000,457,-35187.73046875,16.7261,3698.34
458,44.2036,3380.15,2290000,458,-36310.09765625,17.1923,3746.92
459,43.9958,3242.04,2295000,459,-36072.5546875,16.9896,3864.09
460,44.1942,3557.66,2300000,460,-35257.453125,18.0584,3960.71
461,44.2044,3463.84,2305000,461,-36354.40625,15.8577,3859.92
462,44.2558,3391.66,2310000,462,-36415.27734375,16.3386,3890.11
463,44.0239,3348.27,2315000,463,-36390.27734375,15.739,3803.14
464,43.7736,2617.62,2320000,464,-36644.90234375,15.1239,4015.82
465,43.9134,3230.85,2325000,465,-36233.01171875,15.582,3753.2
466,43.6889,3419.99,2330000,466,-36233.29296875,16.4791,3887.83
467,44.0917,3210.4,2335000,467,-35571.328125,17.6653,3951.63
468,43.3147,3262.22,2340000,468,-35966.32421875,15.8732,3951.15
469,44.0967,3604.36,2345000,469,-36325.94921875,16.7889,3801.72
470,43.8782,3215.46,2350000,470,-36709.3203125,15.3471,3746.0
471,43.8775,3375.97,2355000,471,-34990.6484375,17.713,3939.97
472,44.1849,3636.53,2360000,472,-36866.875,16.7108,3759.21
473,44.1678,2466.53,2365000,473,-36785.234375,15.928,3598.26
474,44.172,3902.25,2370000,474,-36661.2890625,17.3631,3879.27
475,43.9463,3553.59,2375000,475,-36547.23046875,16.9023,3913.37
476,52.3366,-8.93,2380000,476,-43404.90234375,21.0076,-10.93
477,44.7173,2746.86,2385000,477,-36995.0,18.086,2868.08
478,44.0985,3503.22,2390000,478,-36885.2109375,17.0579,3984.68
479,44.3483,3043.91,2395000,479,-39199.73046875,14.9906,3745.41
480,44.1416,2494.27,2400000,480,-39340.421875,14.1757,3642.26
481,43.785,3042.83,2405000,481,-37751.55859375,15.7071,3489.39
482,43.8341,3025.72,2410000,482,-37096.1953125,15.9345,3884.49
483,44.0697,3100.45,2415000,483,-37038.04296875,16.6903,3962.95
484,43.8127,3812.84,2420000,484,-37405.94921875,17.7073,3902.92
485,44.1767,3398.92,2425000,485,-37398.828125,18.5976,3940.26
486,43.8186,3411.48,2430000,486,-38187.0234375,17.1145,3949.61
487,43.857,3098.93,2435000,487,-38777.09375,15.5762,3966.96
488,44.0865,2765.9,2440000,488,-39142.5234375,18.9542,3096.49
489,44.2547,2724.25,2445000,489,-38966.3046875,18.5628,3191.62
490,44.0278,3034.95,2450000,490,-37916.35546875,18.7746,2957.57
491,44.1842,3101.19,2455000,491,-39653.6171875,18.4212,3933.26
492,43.9508,2977.63,2460000,492,-38190.5703125,17.1822,3290.45
493,43.761,2940.02,2465000,493,-38124.96875,17.2646,3674.12
494,43.9341,2964.57,2470000,494,-39574.05859375,16.7944,3462.12
495,43.5229,3184.93,2475000,495,-38381.875,17.2313,2407.0
496,43.7863,3231.7,2480000,496,-38878.48828125,19.1821,3575.49
497,44.178,2742.53,2485000,497,-40011.6875,17.5599,3432.34
498,44.6049,3125.14,2490000,498,-38611.0703125,18.8397,3354.03
499,44.1707,2437.94,2495000,499,-39631.03125,17.7971,2282.41
500,44.0251,3145.41,2500000,500,-38185.1640625,17.6724,3618.57
501,44.4134,2966.84,2505000,501,-40177.17578125,19.1559,3574.08
502,44.042,2707.48,2510000,502,-39196.6796875,17.8966,3656.13
503,43.8317,2757.69,2515000,503,-38999.77734375,23.1368,3022.2
504,44.2811,3375.98,2520000,504,-39430.2578125,20.8098,3972.88
505,44.0872,3121.3,2525000,505,-40165.11328125,18.604,4010.65
506,43.6874,3098.94,2530000,506,-38846.95703125,17.0987,3980.73
507,44.4978,3042.18,2535000,507,-38996.99609375,18.4743,3589.8
508,43.9353,3511.31,2540000,508,-39284.35546875,18.2615,3704.87
509,44.4152,3364.86,2545000,509,-39672.9296875,17.4876,3305.66
510,45.7597,196.55,2550000,510,-44566.15625,22.2312,32.46
511,56.3797,36.53,2555000,511,-40859.140625,46.8322,36.93
512,44.7789,3088.84,2560000,512,-39725.04296875,20.0545,3619.39
513,44.3709,3313.93,2565000,513,-39902.296875,21.9801,3874.68
514,43.6939,2930.34,2570000,514,-39177.04296875,18.4087,4062.25
515,43.65,3285.93,2575000,515,-39392.12109375,20.739,4014.21
516,44.3109,2921.35,2580000,516,-41423.828125,20.6003,3678.45
517,43.6296,3300.01,2585000,517,-39325.35546875,20.5828,3713.41
518,43.8153,3467.86,2590000,518,-39586.04296875,18.4368,3949.26
519,43.9159,3157.75,2595000,519,-40422.61328125,17.7644,3756.01
520,44.1749,3678.28,2600000,520,-41165.78515625,18.5921,3897.45
521,43.9064,3348.4,2605000,521,-40753.27734375,17.4101,3866.45
522,43.738,3439.87,2610000,522,-40061.0390625,18.5001,3990.42
523,44.0648,2943.94,2615000,523,-39394.23046875,19.711,4024.72
524,44.2448,3547.52,2620000,524,-40528.1015625,19.578,3973.65
525,44.3073,3437.24,2625000,525,-41604.84375,19.0495,3477.34
526,45.4482,2554.66,2630000,526,-42216.90234375,27.8532,3329.9
527,50.7759,610.34,2635000,527,-46999.90625,70.0356,310.03
528,53.3607,145.32,2640000,528,-45231.890625,64.0346,132.11
529,47.934,716.84,2645000,529,-44015.86328125,40.1531,77.49
530,44.0503,2213.54,2650000,530,-42433.40625,26.6121,2432.65
531,43.9108,2964.07,2655000,531,-42024.60546875,22.7468,3845.71
532,43.7355,3693.83,2660000,532,-42753.53125,19.0885,3863.38
533,43.4231,3325.55,2665000,533,-42557.53125,17.8247,3638.75
534,43.3866,3232.43,2670000,534,-41465.04296875,18.4337,3829.28
535,44.2044,3305.92,2675000,535,-41737.078125,22.2558,3653.24
536,43.7259,2670.04,2680000,536,-42596.875,19.4675,3718.0
537,43.9077,3450.92,2685000,537,-41596.7265625,18.6196,4094.97
538,43.7286,3372.13,2690000,538,-42709.61328125,26.7278,3669.05
539,43.5,3662.79,2695000,539,-40636.078125,18.6244,3999.51
540,44.088,3474.55,2700000,540,-42025.28515625,18.0787,4014.52
541,44.163,3841.29,2705000,541,-42155.30078125,18.71,3884.35
542,43.865,3497.54,2710000,542,-43176.328125,23.4773,3502.92
543,44.1741,3637.37,2715000,543,-43889.37109375,21.8022,3893.1
544,43.7571,3771.04,2720000,544,-42751.4375,20.0192,3544.69
545,43.903,3191.11,2725000,545,-42114.3828125,17.6981,3958.69
546,43.3098,3616.42,2730000,546,-42006.14453125,18.6952,3972.13
547,43.5546,3194.28,2735000,547,-42403.09375,19.4783,3716.51
548,43.5746,3841.98,2740000,548,-43259.015625,17.4314,3924.16
549,43.9699,3353.48,2745000,549,-43467.02734375,20.7464,3841.33
550,43.7229,3463.44,2750000,550,-43481.13671875,17.4281,3843.4
551,44.006,3261.53,2755000,551,-44349.21484375,15.8842,3328.13
552,43.7818,3205.47,2760000,552,-43235.1171875,16.7307,3508.89
553,43.3217,3512.6,2765000,553,-43653.58984375,15.4331,3607.79
554,43.656,3770.79,2770000,554,-43847.52734375,16.8152,3800.53
555,43.5082,3489.15,2775000,555,-42910.50390625,16.709,3565.22
556,44.0602,3621.02,2780000,556,-44671.5859375,16.8454,3858.77
557,43.5861,3293.94,2785000,557,-45487.265625,16.9179,3449.9
558,43.4844,3326.92,2790000,558,-44138.82421875,17.2172,3452.22
559,43.3359,3670.76,2795000,559,-44349.61328125,17.6978,3765.58
560,43.782,3404.0,2800000,560,-45319.6796875,15.601,3933.37
561,43.9017,3613.47,2805000,561,-46841.98828125,17.2458,3767.85
562,44.7423,3703.08,2810000,562,-47414.47265625,16.9213,3705.39
563,44.0679,3525.35,2815000,563,-45685.3125,16.9923,3923.92
564,43.9146,3872.31,2820000,564,-45727.9765625,18.9107,3775.71
565,43.6246,3978.76,2825000,565,-45311.4765625,16.375,3951.67
566,43.8844,3735.96,2830000,566,-45966.80078125,16.8533,3927.22
567,44.3359,3378.46,2835000,567,-46069.80859375,17.5559,3921.3
568,44.3153,3783.34,2840000,568,-45953.984375,16.8444,3822.03
569,43.6749,3564.79,2845000,569,-45960.1015625,17.177,4011.48
570,43.576,3614.54,2850000,570,-45813.85546875,16.4859,3935.45
571,43.9841,3503.18,2855000,571,-46173.76953125,17.2093,3930.85
572,44.132,3640.64,2860000,572,-46955.62109375,18.7475,3990.25
573,43.8332,3508.65,2865000,573,-45492.98828125,18.1441,3516.39
574,43.8145,3288.88,2870000,574,-45435.078125,20.2231,3889.77
575,43.5319,3261.01,2875000,575,-44769.984375,21.7155,3715.93
576,44.0594,3778.07,2880000,576,-46944.28125,17.2269,3830.87
577,46.0764,797.53,2885000,577,-45836.34765625,39.5532,2114.44
578,45.5777,1000.1,2890000,578,-47634.71484375,46.9076,2903.44
579,47.1255,111.36,2895000,579,-51014.984375,27.4827,38.88
580,44.3708,3358.45,2900000,580,-46504.3515625,21.9887,3457.28
581,44.5088,3093.49,2905000,581,-46711.265625,25.6332,3393.05
582,43.8807,2530.1,2910000,582,-45751.7421875,19.7984,3469.65
583,43.697,3493.11,2915000,583,-46008.45703125,18.4052,3839.82
584,43.7238,3718.53,2920000,584,-46718.796875,17.2071,3793.51
585,44.1802,3376.9,2925000,585,-46749.83203125,19.944,3658.34
586,44.1452,3310.77,2930000,586,-47489.17578125,19.2586,3562.17
587,44.4863,3588.43,2935000,587,-48980.32421875,18.8548,3651.2
588,43.3829,3613.93,2940000,588,-47025.46875,18.9286,3753.59
589,44.4097,3716.89,2945000,589,-48634.80078125,17.5887,3883.05
590,43.8954,3533.82,2950000,590,-47035.0625,21.2409,3853.67
591,44.0169,3231.97,2955000,591,-47482.79296875,19.8308,3357.77
592,44.108,3819.67,2960000,592,-47882.91015625,19.4529,3521.7
593,44.0174,3649.08,2965000,593,-47024.609375,22.409,3900.38
594,44.4593,3737.91,2970000,594,-47953.67578125,22.9766,3663.52
595,43.9297,3849.6,2975000,595,-48093.94140625,20.0791,3955.12
596,44.1572,3710.04,2980000,596,-49308.14453125,19.0828,3779.05
597,43.8631,3069.85,2985000,597,-48470.21484375,19.8417,3756.98
598,43.9288,3650.28,2990000,598,-47998.01171875,19.0077,3923.96
599,43.9378,3526.5,2995000,599,-47776.61328125,19.741,3927.49
600,43.8276,3879.13,3000000,600,-48751.28515625,17.7555,3858.55
601,44.5989,3670.43,3005000,601,-49251.33203125,18.7375,3754.48
602,44.2885,3881.11,3010000,602,-49662.12109375,17.7445,3867.66
603,43.8687,3877.89,3015000,603,-48968.71875,17.5698,3918.02
604,44.1244,3802.9,3020000,604,-49307.4609375,18.5514,3949.92
605,43.7999,3395.75,3025000,605,-49465.5625,17.4298,3929.26
606,44.0683,3975.28,3030000,606,-49092.49609375,17.7071,3944.7
607,43.6267,3251.27,3035000,607,-48552.9375,20.867,4021.26
608,43.9609,3546.72,3040000,608,-50069.1015625,21.0968,3854.89
609,44.1113,4014.97,3045000,609,-49732.4765625,18.4966,4012.9
610,43.8992,3558.96,3050000,610,-49594.71875,22.9261,4075.96
611,44.4607,3776.32,3055000,611,-50606.2265625,17.1782,3690.03
612,44.4129,3865.99,3060000,612,-50207.62109375,18.0065,3956.6
613,43.6096,3667.3,3065000,613,-49860.59375,17.0009,3847.27
614,43.7964,3781.44,3070000,614,-49975.6640625,16.8984,3752.3
615,43.8123,3882.25,3075000,615,-50724.078125,17.5709,4029.95
616,44.416,3894.37,3080000,616,-51393.01953125,17.3728,3970.11
617,44.1416,3908.01,3085000,617,-50345.8828125,17.8904,3976.85
618,43.5929,3922.75,3090000,618,-51036.234375,17.725,4038.84
619,43.6059,3896.45,3095000,619,-50680.55078125,18.065,4082.97
620,44.1997,3892.85,3100000,620,-51159.2734375,21.3624,3894.68
621,44.0266,3865.79,3105000,621,-50257.05859375,20.6998,3987.27
622,44.1114,3825.07,3110000,622,-50873.8203125,17.6878,4030.05
623,44.0328,3782.72,3115000,623,-51658.8359375,17.3046,3792.64
624,43.4339,3853.73,3120000,624,-50121.8125,17.0136,4055.32
625,44.1311,3903.7,3125000,625,-50484.9296875,16.7887,4017.66
626,44.0494,3932.37,3130000,626,-51313.96484375,17.9424,4019.96
627,43.8756,3856.34,3135000,627,-50535.05078125,17.8769,3914.41
628,43.8181,3851.37,3140000,628,-51445.1015625,17.4456,3710.57
629,43.7918,3889.56,3145000,629,-51460.7421875,17.52,3748.37
630,43.7297,3931.13,3150000,630,-51852.94921875,17.3208,3764.29
631,43.8531,3877.15,3155000,631,-52342.30078125,16.8186,3436.61
632,43.5656,3813.76,3160000,632,-52031.47265625,17.9115,3674.78
633,44.014,3756.28,3165000,633,-51911.109375,18.8202,3551.97
634,43.9975,3708.91,3170000,634,-51970.55859375,17.3691,3542.9
635,43.7945,3835.02,3175000,635,-51642.7578125,17.3254,3500.12
636,43.7516,3918.56,3180000,636,-51496.15625,19.401,3598.06
637,43.7919,3802.25,3185000,637,-51899.0390625,17.4855,3425.41
638,43.7077,3694.27,3190000,638,-52290.10546875,18.7463,3901.59
639,43.9535,3627.3,3195000,639,-52438.71875,21.2606,3999.85
640,43.8374,3602.6,3200000,640,-52642.2734375,17.3981,3833.78
641,43.4067,3786.88,3205000,641,-50944.78515625,21.5038,3832.23
642,43.8908,3593.44,3210000,642,-51091.62109375,20.4955,3721.85
643,43.9514,3744.03,3215000,643,-52643.234375,19.459,3650.19
644,43.9376,3870.82,3220000,644,-52395.296875,21.6221,4006.28
645,43.7082,3576.08,3225000,645,-52460.04296875,18.4778,3868.76
646,43.7445,3672.14,3230000,646,-51608.30078125,19.0614,3821.0
647,43.7096,3590.54,3235000,647,-52607.50390625,20.0521,3957.92
648,44.1553,3772.78,3240000,648,-53434.7421875,18.852,3798.47
649,43.9388,3876.0,3245000,649,-52953.9765625,20.0186,4002.37
650,44.338,3718.61,3250000,650,-53819.90625,20.92,3895.21
651,43.3771,3881.02,3255000,651,-52868.2109375,17.9166,3840.38
652,44.1053,3893.49,3260000,652,-54315.82421875,17.9018,3880.47
653,44.0684,3860.85,3265000,653,-53473.9609375,18.275,3935.79
654,43.7321,3781.92,3270000,654,-53688.48828125,18.216,3835.67
655,43.578,3826.06,3275000,655,-53467.03125,17.8197,3914.03
656,47.3705,26.29,3280000,656,-52652.5625,67.7005,24.09
657,48.3428,1271.89,3285000,657,-49889.8984375,44.2625,2485.34
658,45.498,2703.86,3290000,658,-51806.9453125,27.1407,2649.87
659,43.8358,3645.53,3295000,659,-52593.8671875,18.0822,3455.62
660,43.989,3806.75,3300000,660,-53587.046875,18.5133,3804.42
661,44.0788,3855.94,3305000,661,-54568.71875,17.9293,3783.35
662,44.1576,3849.65,3310000,662,-55429.45703125,17.5092,3705.41
663,43.7296,3874.11,3315000,663,-54852.0546875,17.5169,3808.27
664,44.3783,3776.82,3320000,664,-55478.453125,16.6574,3640.26
665,43.5177,3818.23,3325000,665,-54050.140625,16.6421,3437.47
666,43.7414,3799.38,3330000,666,-55604.80078125,16.0833,3501.73
667,43.9769,3857.66,3335000,667,-55749.1171875,16.698,3433.73
668,43.7579,3850.02,3340000,668,-55067.4765625,17.2371,3446.82
669,43.4536,3817.79,3345000,669,-55714.52734375,16.5824,3386.02
670,43.9448,3853.35,3350000,670,-56253.82421875,17.4288,3750.32
671,43.6936,3892.29,3355000,671,-55390.86328125,16.7708,3711.88
672,44.1236,3989.25,3360000,672,-55342.89453125,19.1302,3814.54
673,44.1695,3871.12,3365000,673,-56349.515625,17.4539,3809.63
674,43.6474,3870.49,3370000,674,-54372.9453125,20.242,3874.65
675,43.8665,3878.3,3375000,675,-55891.953125,17.9721,3662.61
676,43.7325,3885.08,3380000,676,-54955.11328125,16.7696,3698.84
677,44.0171,3855.63,3385000,677,-56223.9609375,17.7804,3711.19
678,43.4664,3866.26,3390000,678,-54420.9140625,18.5669,3741.0
679,43.7787,3860.79,3395000,679,-55334.90625,17.9948,3684.47
680,43.4223,3950.72,3400000,680,-54005.65625,18.5246,3737.51
681,43.7834,3925.93,3405000,681,-54525.1796875,18.1033,3315.07
682,44.2035,3816.9,3410000,682,-55335.2265625,17.5071,3462.19
683,44.2836,3987.13,3415000,683,-55338.1015625,19.7321,3935.45
684,44.2767,3879.74,3420000,684,-55544.7734375,17.9726,3764.5
685,43.4458,3923.22,3425000,685,-52470.93359375,20.7155,3983.96
686,43.728,3776.41,3430000,686,-53966.64453125,18.8334,3859.47
687,44.0463,3919.05,3435000,687,-54865.828125,18.7844,3951.1
688,43.6593,3913.66,3440000,688,-55743.77734375,17.3708,3416.79
689,43.7913,3993.38,3445000,689,-55639.89453125,18.1613,3651.99
690,44.0695,3837.9,3450000,690,-56291.359375,17.8356,3371.07
691,43.954,3736.3,3455000,691,-55699.22265625,17.3364,3591.88
692,44.2967,3742.11,3460000,692,-56246.2109375,16.8856,3314.53
693,44.0719,3873.61,3465000,693,-56475.3359375,17.825,3554.33
694,44.4445,3846.11,3470000,694,-57010.79296875,18.065,3578.44
695,44.5387,3779.76,3475000,695,-55559.45703125,18.4348,3313.85
696,43.6637,3902.56,3480000,696,-55729.1796875,18.262,3394.71
697,43.8332,3873.12,3485000,697,-55981.265625,18.8852,3503.81
698,44.3035,3927.07,3490000,698,-56226.59375,18.6445,3365.34
699,43.8983,3936.95,3495000,699,-55474.6875,17.8918,3351.05
700,43.4842,3923.35,3500000,700,-56051.35546875,18.351,3883.18
701,43.9543,3956.66,3505000,701,-55990.2578125,18.9763,3737.8
702,43.4643,3659.66,3510000,702,-55241.97265625,20.7122,3664.87
703,43.6042,3920.54,3515000,703,-55870.921875,18.2385,3804.21
704,43.401,3955.33,3520000,704,-55699.37109375,18.2388,3850.9
705,43.4931,3912.28,3525000,705,-55111.36328125,18.4013,3765.31
706,43.3331,3343.75,3530000,706,-54490.0234375,20.4178,3587.93
707,43.4913,3894.22,3535000,707,-56062.546875,18.1782,3594.96
708,43.8507,3722.1,3540000,708,-55389.78515625,20.9337,3431.8
709,43.9826,3782.68,3545000,709,-55606.6953125,21.8867,3473.93
710,43.4741,3508.91,3550000,710,-55461.86328125,18.3452,3758.45
711,43.0309,3910.44,3555000,711,-55662.5234375,18.98,3333.18
712,44.1083,3841.73,3560000,712,-56253.40234375,18.1264,3220.4
713,43.3088,3959.73,3565000,713,-54895.87109375,17.5746,3630.71
714,43.8038,3834.22,3570000,714,-56103.65234375,18.5407,3527.11
715,43.3897,3677.55,3575000,715,-54917.50390625,18.8161,3393.93
716,44.002,3972.29,3580000,716,-56032.1796875,18.8072,3749.37
717,43.677,3791.74,3585000,717,-54942.13671875,18.2896,3322.03
718,43.5901,3819.94,3590000,718,-56534.5625,17.6557,3489.57
719,43.8339,3745.38,3595000,719,-57152.4140625,18.7556,3531.44
720,43.6829,3806.26,3600000,720,-56557.4609375,17.6898,3746.63
721,43.5524,3800.76,3605000,721,-55427.51171875,17.6947,3597.26
722,43.8045,3844.62,3610000,722,-55554.3984375,17.5663,3800.16
723,43.5368,3865.97,3615000,723,-57282.8046875,18.2396,3607.49
724,43.7105,3988.25,3620000,724,-56794.1953125,18.3358,3949.94
725,43.697,3682.12,3625000,725,-57686.14453125,18.7649,3830.39
726,43.4989,3900.37,3630000,726,-57441.1875,17.7585,3813.6
727,43.2603,3724.89,3635000,727,-55967.453125,17.6133,3795.04
728,43.9124,3838.64,3640000,728,-56942.90625,18.7691,3554.76
729,43.6456,3821.56,3645000,729,-57543.80859375,17.7747,3496.07
730,43.9147,3845.44,3650000,730,-57590.22265625,18.6556,3869.45
731,43.7119,3942.58,3655000,731,-57132.63671875,18.1989,3772.66
732,44.0818,3787.06,3660000,732,-57229.91015625,17.3942,3339.63
733,43.6669,3742.68,3665000,733,-56575.5,17.8576,3761.14
734,43.4897,4037.39,3670000,734,-57202.78125,17.9897,3825.13
735,43.8443,3981.53,3675000,735,-58147.28125,18.4157,3869.42
736,43.8637,3874.75,3680000,736,-57735.7265625,17.3337,3732.73
737,44.1291,3937.62,3685000,737,-57508.27734375,17.3762,3830.66
738,43.5254,3887.36,3690000,738,-58319.37109375,17.1891,3774.07
739,43.9328,3839.11,3695000,739,-57629.02734375,17.1654,3476.18
740,43.3918,3895.96,3700000,740,-57339.03515625,16.8946,3874.78
741,43.8197,3892.12,3705000,741,-58731.46484375,17.3193,3603.73
742,43.9287,3893.92,3710000,742,-58248.33203125,16.8322,3710.14
743,44.2348,3863.48,3715000,743,-58777.765625,16.5954,3462.29
744,43.5574,3702.9,3720000,744,-57701.45703125,16.6165,3496.89
745,43.5131,3120.75,3725000,745,-56081.4765625,16.2333,3112.47
746,43.8374,3382.12,3730000,746,-56846.88671875,16.4868,3844.75
747,44.3549,3825.31,3735000,747,-57997.5078125,19.6764,3745.39
748,46.9419,904.45,3740000,748,-55308.2265625,30.1412,818.01
749,44.8988,3208.45,3745000,749,-57860.359375,21.7705,3035.02
750,43.8822,3682.27,3750000,750,-57567.671875,17.9131,3704.38
751,44.1301,3725.78,3755000,751,-57945.03125,19.1216,3604.9
752,43.7657,3506.27,3760000,752,-58023.53515625,18.3101,3415.57
753,43.9095,3591.72,3765000,753,-58166.57421875,18.389,3442.17
754,43.7015,3580.67,3770000,754,-58412.796875,21.6087,2753.5
755,43.3951,3890.78,3775000,755,-56798.76953125,17.1292,3859.28
756,43.4624,3664.76,3780000,756,-57524.640625,19.9067,3689.0
757,43.734,3926.14,3785000,757,-58484.8046875,18.5095,3897.56
758,43.7789,3932.69,3790000,758,-59250.9296875,18.4244,3985.74
759,43.8113,3967.3,3795000,759,-59608.65625,17.545,3862.35
760,43.5272,3925.15,3800000,760,-58881.8828125,17.4273,3880.73
761,43.7367,3958.96,3805000,761,-59130.29296875,17.268,3829.26
762,43.6626,3763.37,3810000,762,-59881.5,18.1191,3848.59
763,44.1596,3961.33,3815000,763,-60347.7578125,17.9251,3867.01
764,43.6877,3929.21,3820000,764,-59154.609375,17.3944,3861.73
765,44.0412,3829.06,3825000,765,-60001.0078125,17.8992,3759.76
766,43.3239,3881.91,3830000,766,-57773.1953125,17.3322,3782.99
767,43.6155,3572.82,3835000,767,-59221.78515625,18.2959,3832.91
768,44.0626,3809.57,3840000,768,-59963.24609375,19.5435,3871.08
769,55.0267,-19.95,3845000,769,-55318.28515625,105.7621,-10.74
770,45.5251,2775.64,3850000,770,-56103.6875,35.0654,3317.65
771,44.683,2968.44,3855000,771,-59285.28125,17.0754,3490.39
772,44.1945,3596.36,3860000,772,-58399.34765625,18.8132,3458.42
773,43.5497,3866.05,3865000,773,-59056.703125,17.8373,3661.35
774,44.0667,3880.41,3870000,774,-60187.98828125,17.5508,3509.4
775,44.0018,3811.36,3875000,775,-59387.45703125,17.5137,3777.11
776,43.3446,3706.4,3880000,776,-59280.625,16.8254,3587.89
777,43.2448,3937.07,3885000,777,-59390.13671875,16.242,3813.09
778,43.2158,3808.57,3890000,778,-59337.90625,17.0694,3753.07
779,43.6496,3900.93,3895000,779,-59817.484375,17.0307,3600.46
780,43.7987,3752.07,3900000,780,-59945.125,16.1478,3100.57
781,44.191,3900.36,3905000,781,-60266.72265625,14.9982,3681.32
782,43.9698,3944.21,3910000,782,-59860.08984375,17.6125,3707.88
783,43.744,3736.85,3915000,783,-60393.66015625,16.8977,3507.52
784,43.5803,3800.22,3920000,784,-60032.94140625,17.4188,3796.85
785,44.1109,3874.03,3925000,785,-60792.9296875,16.9313,3454.53
786,43.6348,3793.74,3930000,786,-59473.23828125,16.9985,3790.35
787,44.0647,3742.09,3935000,787,-60727.640625,15.1484,3536.42
788,43.716,3911.4,3940000,788,-59312.51953125,18.06,3811.37
789,43.4239,3819.03,3945000,789,-58507.9921875,18.856,3895.12
790,43.4762,3949.65,3950000,790,-59987.83984375,18.1592,3892.72
791,43.8806,3624.68,3955000,791,-59668.27734375,16.6092,3722.26
792,44.021,3685.06,3960000,792,-60052.0,17.6442,3845.97
793,44.0278,3829.38,3965000,793,-59993.66015625,17.2081,3793.33
794,43.7325,3568.02,3970000,794,-60002.21484375,17.0738,3748.43
795,43.8296,3888.9,3975000,795,-60701.69140625,17.4322,3847.64
796,43.7572,3675.86,3980000,796,-59993.85546875,18.3436,3802.59
797,43.7259,3757.29,3985000,797,-60787.7421875,18.1163,3837.2
798,44.7573,3724.83,3990000,798,-61148.80078125,17.6332,3710.29
799,44.1377,3701.92,3995000,799,-60394.39453125,17.1687,3640.02
800,44.211,3909.22,4000000,800,-60793.71484375,17.5477,3838.98
801,43.4719,3902.13,4005000,801,-60566.3359375,17.1733,3854.42
802,43.8707,3916.92,4010000,802,-60833.375,17.9671,3881.0
803,44.0762,3791.84,4015000,803,-60821.8828125,17.4036,3773.93
804,43.4261,3834.86,4020000,804,-60040.17578125,17.8425,3717.68
805,43.5175,3864.78,4025000,805,-59342.71875,17.4303,3709.09
806,44.0733,3796.37,4030000,806,-61336.7734375,17.3084,3736.94
807,43.6456,3827.22,4035000,807,-61542.09375,17.5469,3798.06
808,44.1378,3762.05,4040000,808,-60889.67578125,18.3522,3737.66
809,43.7585,3839.92,4045000,809,-61447.046875,16.9657,3939.97
810,43.9519,3693.83,4050000,810,-61674.16796875,17.5009,3942.72
811,44.1842,3765.66,4055000,811,-61800.33984375,18.5135,3859.29
812,43.7597,3977.24,4060000,812,-62123.7578125,17.395,3872.36
813,43.7288,3759.23,4065000,813,-62079.578125,17.6658,3888.89
814,53.9706,170.78,4070000,814,-62195.4296875,25.7736,-14.24
815,53.4484,-12.22,4075000,815,-65136.0546875,28.1625,-6.83
816,44.1535,3678.05,4080000,816,-60283.67578125,20.0609,3923.53
817,44.2944,3790.46,4085000,817,-61203.984375,19.4916,3796.11
818,44.2234,3814.16,4090000,818,-61975.0078125,19.7276,3849.21
819,44.252,3955.04,4095000,819,-61835.49609375,18.8122,3789.43
820,44.6664,3808.17,4100000,820,-62975.03125,18.969,3886.81
821,43.6736,4047.74,4105000,821,-60584.48046875,18.9486,3960.72
822,44.4654,3934.14,4110000,822,-61918.04296875,18.6098,3919.81
823,44.0342,3970.49,4115000,823,-62346.5625,18.3499,3935.28
824,44.0861,3902.11,4120000,824,-63015.55859375,18.2203,3799.99
825,44.4947,3868.58,4125000,825,-62649.6796875,19.4313,3986.55
826,44.0504,4047.16,4130000,826,-61713.12890625,19.434,4019.48
827,44.0308,4030.29,4135000,827,-61646.62109375,18.6285,3883.17
828,43.7082,3882.84,4140000,828,-61481.69921875,19.7571,4047.16
829,44.0209,4101.63,4145000,829,-61745.9921875,19.2244,4007.1
830,44.3184,4029.57,4150000,830,-62445.76953125,20.1026,3917.49
831,44.2515,3966.18,4155000,831,-62690.59375,18.5599,3704.03
832,44.3221,4034.7,4160000,832,-63004.0859375,18.4295,3956.5
833,44.2157,3976.04,4165000,833,-62633.23046875,19.1679,3932.06
834,44.0233,3913.13,4170000,834,-62413.32421875,19.2782,3882.68
835,44.03,4026.83,4175000,835,-63249.30859375,18.3619,3919.14
836,43.9213,3923.42,4180000,836,-62545.32421875,19.0233,3967.5
837,44.4189,3824.6,4185000,837,-63915.86328125,18.9087,3668.97
838,45.0182,3785.24,4190000,838,-63295.65234375,18.7912,3521.65
839,43.9688,3875.67,4195000,839,-61835.8515625,19.1762,3931.44
840,44.1703,3551.0,4200000,840,-62265.30078125,17.8721,3824.13
841,44.3752,3888.62,4205000,841,-63101.69140625,19.3993,3762.64
842,44.2795,3767.91,4210000,842,-62437.265625,18.9792,3896.8
843,44.3,3887.59,4215000,843,-62797.73828125,17.0029,3650.55
844,43.9034,3979.67,4220000,844,-61294.3046875,18.2925,3913.52
845,44.2196,3926.11,4225000,845,-61789.0,18.6303,3834.18
846,43.5995,3925.09,4230000,846,-61349.3125,16.7706,3850.72
847,43.9006,3923.87,4235000,847,-62090.93359375,17.5244,3596.79
848,43.8744,3986.55,4240000,848,-62187.58984375,17.5915,3925.89
849,43.731,3907.14,4245000,849,-63646.96875,19.1698,3961.73
850,43.5718,3874.38,4250000,850,-62172.984375,17.3489,3920.13
851,43.554,3991.42,4255000,851,-62139.1640625,18.0031,3953.87
852,43.7168,4029.91,4260000,852,-62243.1875,19.0486,3987.42
853,43.7809,3841.05,4265000,853,-61333.0703125,18.3757,3946.36
854,43.9931,3885.67,4270000,854,-62198.46484375,19.4926,4027.53
855,43.6016,4029.49,4275000,855,-62166.77734375,18.3604,3958.82
856,44.1885,3989.86,4280000,856,-63358.78515625,18.1707,3916.91
857,43.9674,4051.31,4285000,857,-62085.52734375,19.0943,4035.41
858,43.3357,3910.0,4290000,858,-61251.40625,18.0856,3993.13
859,43.8313,3973.51,4295000,859,-62015.37109375,18.7091,4006.21
860,43.9716,3954.17,4300000,860,-62072.28125,18.9253,3923.66
861,45.0774,555.35,4305000,861,-63208.796875,17.0038,1094.39
862,47.0048,599.74,4310000,862,-66180.0390625,15.9159,964.94
863,45.3793,2600.29,4315000,863,-64251.3515625,16.9417,2041.24
864,44.1267,3910.1,4320000,864,-62455.29296875,18.8185,3794.46
865,43.9758,3728.21,4325000,865,-63117.7421875,18.1127,3741.98
866,43.7073,4035.88,4330000,866,-62228.84375,19.86,3875.77
867,43.586,3848.06,4335000,867,-62447.0625,18.5454,3715.62
868,43.8254,3859.13,4340000,868,-61375.140625,17.9936,3402.6
869,44.0728,3812.27,4345000,869,-63060.73828125,18.5693,3731.9
870,43.4708,3699.27,4350000,870,-62928.83984375,18.5349,3866.2
871,43.8192,3897.53,4355000,871,-62589.81640625,18.5038,3960.42
872,43.6503,3907.93,4360000,872,-63486.3359375,18.6924,3880.29
873,43.8356,3869.38,4365000,873,-62989.1328125,19.1726,3804.46
874,43.9352,3969.58,4370000,874,-62899.66796875,18.9797,3898.02
875,43.7567,3891.3,4375000,875,-62383.84375,18.8366,3634.26
876,43.8885,3906.3,4380000,876,-63043.23828125,18.3092,3735.98
877,44.1938,3852.36,4385000,877,-62529.53125,19.1907,3579.7
878,44.0406,3878.36,4390000,878,-63315.46484375,19.8902,3799.94
879,44.37,3773.7,4395000,879,-63745.4375,19.7016,3421.42
880,44.2234,3725.32,4400000,880,-63417.6875,18.6318,3346.6
881,44.1546,3919.65,4405000,881,-63722.03515625,19.0682,3466.75
882,43.7142,3978.93,4410000,882,-62445.85546875,21.3635,3728.65
883,44.4472,3751.26,4415000,883,-62887.55859375,19.1852,3660.1
884,44.1009,3857.41,4420000,884,-63417.71875,19.594,3433.1
885,44.0742,3940.64,4425000,885,-62523.26953125,17.6725,3599.71
886,43.9567,3441.08,4430000,886,-62109.73828125,19.3993,3713.08
887,43.818,3997.01,4435000,887,-62033.62109375,18.0768,3773.05
888,44.0965,3859.75,4440000,888,-63692.64453125,20.8579,3627.14
889,43.719,3635.23,4445000,889,-62069.55859375,19.2739,3485.59
890,44.2705,3512.99,4450000,890,-63111.96875,22.0309,3444.36
891,43.8436,3562.67,4455000,891,-62566.171875,20.0094,3692.42
892,44.05,3310.04,4460000,892,-62197.31640625,19.1309,3589.58
893,44.0906,3726.0,4465000,893,-62422.8828125,22.4015,3869.42
894,44.3231,3619.86,4470000,894,-63510.234375,19.3923,3440.82
895,43.9861,3460.87,4475000,895,-63336.7421875,21.7019,3159.7
896,43.9478,3257.25,4480000,896,-62907.37890625,19.225,3577.57
897,43.6696,3584.89,4485000,897,-61580.015625,18.97,3408.22
898,44.6373,3277.72,4490000,898,-63032.046875,20.5009,3076.24
899,44.5496,3534.86,4495000,899,-63700.33984375,20.0364,3609.61
900,43.9935,3560.66,4500000,900,-63280.67578125,19.5194,3558.54
901,44.7693,3550.12,4505000,901,-64577.13671875,31.2785,3465.51
902,43.993,3558.97,4510000,902,-63117.953125,18.7785,3440.53
903,44.3913,3562.41,4515000,903,-62498.1484375,19.1327,3728.44
904,44.4443,3515.35,4520000,904,-62891.2265625,20.569,3512.12
905,44.3502,3921.59,4525000,905,-64183.57421875,20.1173,3828.27
906,44.0564,3739.43,4530000,906,-63204.35546875,19.171,3409.02
907,44.2193,3803.09,4535000,907,-63563.0546875,19.7946,3896.91
908,44.2288,3607.61,4540000,908,-63791.640625,24.2872,3643.28
909,44.2672,3855.06,4545000,909,-63422.38671875,19.3363,3766.78
910,43.9068,3909.8,4550000,910,-63388.12890625,20.0012,3990.54
911,44.41,3886.0,4555000,911,-63223.28125,21.6679,4003.98
912,43.9818,3905.42,4560000,912,-63870.84375,20.327,3952.88
913,43.8681,3977.5,4565000,913,-63226.85546875,19.5574,3993.51
914,43.9408,4023.95,4570000,914,-62763.78515625,19.3239,3507.47
915,43.5996,3963.86,4575000,915,-63304.01171875,18.8986,4095.13
916,43.9174,4114.06,4580000,916,-62465.20703125,19.2106,4123.16
917,44.0619,3944.95,4585000,917,-63626.86328125,19.1448,4037.31
918,43.7192,3828.79,4590000,918,-63098.83984375,18.2391,3930.96
919,44.0625,3897.88,4595000,919,-62653.453125,18.7984,3913.75
920,44.1502,3917.22,4600000,920,-63380.62890625,18.6021,3912.11
921,44.0603,3678.74,4605000,921,-62231.58984375,21.766,3901.73
922,43.866,3819.72,4610000,922,-61779.34375,21.4177,3773.32
923,43.7953,3523.54,4615000,923,-62396.09375,18.6373,3859.77
924,43.9617,3767.45,4620000,924,-63317.109375,17.5854,3871.84
925,43.5095,4045.67,4625000,925,-63159.7578125,19.134,4045.28
926,43.6044,3782.25,4630000,926,-63145.9921875,20.0682,3824.95
927,44.2245,3450.82,4635000,927,-63834.87109375,18.8207,3333.9
928,43.9232,3801.66,4640000,928,-63570.1328125,17.87,3953.72
929,43.6037,3979.94,4645000,929,-63061.6171875,19.315,4092.38
930,43.8487,3655.29,4650000,930,-62929.515625,18.1949,3580.1
931,43.5939,4106.3,4655000,931,-62712.75390625,19.7052,4035.33
932,43.1888,3805.89,4660000,932,-61871.4765625,19.1538,3787.02
933,43.2663,3526.12,4665000,933,-60910.1328125,20.831,3750.76
934,44.1387,3729.59,4670000,934,-63333.6171875,19.9446,3945.63
935,43.9576,3702.49,4675000,935,-64148.31640625,19.8852,3905.43
936,43.4937,3844.13,4680000,936,-63187.01171875,17.8091,3920.21
937,43.522,3917.62,4685000,937,-63366.8671875,17.7584,4017.97
938,43.5909,3610.51,4690000,938,-62250.54296875,19.2268,3628.32
939,43.4246,3560.16,4695000,939,-62916.05859375,17.9701,3673.52
940,43.2702,3939.52,4700000,940,-62232.171875,18.7324,3897.18
941,44.805,1887.65,4705000,941,-62383.3671875,33.6396,393.5
942,53.563,47.15,4710000,942,-54500.1328125,59.9465,41.09
943,46.5007,415.64,4715000,943,-60080.65234375,51.4831,379.04
944,49.2246,391.42,4720000,944,-63778.1484375,46.6205,382.91
945,51.0843,156.81,4725000,945,-66382.4765625,47.4666,154.8
946,48.4293,393.33,4730000,946,-63637.66015625,42.805,373.27
947,43.8414,3378.31,4735000,947,-62686.5859375,22.6937,3564.97
948,44.1758,3742.82,4740000,948,-64225.48828125,24.2147,3980.11
949,44.4032,3525.26,4745000,949,-64965.4296875,22.0003,3897.41
950,43.7343,3732.48,4750000,950,-64046.39453125,21.0779,3772.39
951,44.2116,3541.3,4755000,951,-64673.37890625,20.6773,3299.59
952,43.7582,3755.97,4760000,952,-64849.1953125,19.3015,3293.05
953,44.4088,3680.44,4765000,953,-64440.26171875,22.3392,3186.14
954,44.1254,3929.16,4770000,954,-65386.67578125,21.9506,4061.63
955,44.2103,3918.31,4775000,955,-64985.7265625,20.944,4069.26
956,43.9739,3794.55,4780000,956,-65998.9609375,20.235,3887.81
957,43.909,3621.98,4785000,957,-65884.3046875,20.6628,3903.49
958,43.8998,4091.15,4790000,958,-65060.1875,20.2189,4063.73
959,43.9598,3874.64,4795000,959,-65159.60546875,21.7204,4037.88
960,43.8694,4040.2,4800000,960,-65038.35546875,19.1725,4062.9
961,44.0026,3895.7,4805000,961,-65306.3203125,20.2847,4078.26
962,43.8431,4017.49,4810000,962,-65611.703125,21.6065,3779.07
963,44.0465,3719.22,4815000,963,-65559.2421875,20.6353,3708.48
964,44.0248,4010.87,4820000,964,-65056.30078125,20.0779,4022.39
965,43.6932,3991.37,4825000,965,-65313.2421875,19.8454,3761.45
966,44.1582,3962.98,4830000,966,-66682.9609375,20.2772,3938.79
967,43.9879,3938.81,4835000,967,-65921.4921875,18.8714,3961.65
968,44.136,3981.32,4840000,968,-65955.015625,19.4251,3840.01
969,43.6816,4032.39,4845000,969,-65798.3671875,19.257,3974.54
970,43.881,3537.23,4850000,970,-66640.25,19.0112,3821.25
971,43.9183,3846.56,4855000,971,-67343.3515625,18.9653,3623.25
972,43.6156,3843.05,4860000,972,-65357.515625,18.8644,3710.82
973,44.2072,4010.93,4865000,973,-66960.5703125,19.8411,3968.88
974,43.7819,3921.16,4870000,974,-65898.8203125,19.9857,3972.01
975,43.865,4010.81,4875000,975,-66508.1328125,19.5135,3733.24
976,44.2725,3991.57,4880000,976,-66681.78125,19.289,3747.42
977,43.701,4080.77,4885000,977,-66574.84375,20.9141,3951.92
978,43.6712,3728.75,4890000,978,-65871.703125,19.5503,3969.45
979,44.1757,3559.07,4895000,979,-65156.53125,20.0564,3927.19
980,43.7415,3679.1,4900000,980,-65736.6171875,17.6586,3722.84
981,44.1553,3812.56,4905000,981,-65354.5390625,21.157,3967.16
982,44.2686,3998.67,4910000,982,-66325.6171875,20.7374,3925.15
983,43.6743,3887.11,4915000,983,-66572.84375,19.2494,3962.92
984,44.2183,3499.97,4920000,984,-65666.0703125,19.3344,3070.14
985,43.8384,3452.7,4925000,985,-64656.3671875,18.6506,2620.79
986,44.0427,3355.28,4930000,986,-65273.6640625,22.8489,3682.81
987,44.1788,3745.37,4935000,987,-66771.40625,19.0526,3807.1
988,44.0203,3857.11,4940000,988,-67032.109375,17.5301,3789.59
989,44.1155,3971.9,4945000,989,-67129.171875,20.3771,3936.92
990,44.4308,3500.25,4950000,990,-66470.34375,21.3987,3888.8
991,44.0705,3659.02,4955000,991,-65302.9609375,18.8389,3978.81
992,43.9471,3823.18,4960000,992,-65452.3984375,19.2969,3842.42
993,44.0854,3868.72,4965000,993,-66694.0390625,19.8687,3894.54
994,44.0675,3664.34,4970000,994,-65262.140625,22.8955,3626.82
995,43.9589,3964.28,4975000,995,-65604.7265625,21.146,3929.37
996,43.8832,3946.7,4980000,996,-65329.60546875,23.9305,3637.47
997,43.6526,3634.96,4985000,997,-66678.65625,19.4867,3904.64
998,43.9939,3811.84,4990000,998,-67199.0234375,20.1668,3900.05
999,43.8194,3918.38,4995000,999,-65333.8203125,19.3061,3343.56
1000,43.658,3789.46,5000000,1000,-65358.4140625,20.849,3594.91
1001,43.4537,3164.5,5005000,1001,-64959.921875,22.3303,3576.43
1002,43.7832,3863.42,5010000,1002,-66691.34375,19.1572,3958.96
1003,43.7089,4004.29,5015000,1003,-66511.9921875,18.2398,4114.64
1004,43.336,3999.6,5020000,1004,-65566.8125,19.3041,3741.62
1005,43.5244,4007.06,5025000,1005,-67124.390625,18.2714,3984.38
1006,43.5062,3950.99,5030000,1006,-66846.453125,20.0299,3932.68
1007,43.9374,4086.65,5035000,1007,-67905.8046875,19.085,4091.09
1008,43.555,3436.58,5040000,1008,-67014.8046875,19.8409,3940.61
1009,43.8283,3901.03,5045000,1009,-66378.765625,19.8202,3822.76
1010,43.737,3708.61,5050000,1010,-66701.140625,20.0754,4034.96
1011,43.7715,4081.56,5055000,1011,-67368.578125,18.985,4140.77
1012,43.7144,4055.02,5060000,1012,-67157.4140625,18.7886,4066.94
1013,44.631,1915.67,5065000,1013,-63107.5625,39.6751,3654.05
1014,47.7506,264.56,5070000,1014,-68278.1484375,47.2332,262.04
1015,48.8946,223.87,5075000,1015,-68085.65625,34.3469,246.66
1016,50.346,354.57,5080000,1016,-68409.65625,49.1815,368.47
1017,47.1437,1239.62,5085000,1017,-66244.1640625,44.62,814.64
1018,52.6373,405.46,5090000,1018,-69695.3203125,54.9261,410.33
1019,45.3745,1180.99,5095000,1019,-63919.73828125,32.9672,1349.71
1020,44.7379,2756.12,5100000,1020,-66764.4375,24.9184,2044.4
1021,43.8495,2666.97,5105000,1021,-65738.7890625,21.5333,3156.37
1022,43.4694,3544.56,5110000,1022,-66664.3359375,18.8916,3775.76
1023,43.246,3979.85,5115000,1023,-66817.6796875,19.1356,3916.52
1024,43.9486,3927.08,5120000,1024,-66641.765625,19.649,4051.05
1025,43.7141,3754.32,5125000,1025,-68138.9921875,19.9798,4092.38
1026,43.7155,4044.55,5130000,1026,-67377.46875,19.137,3946.18
1027,43.7844,3546.65,5135000,1027,-66413.6875,18.2458,3774.78
1028,44.0222,3178.04,5140000,1028,-67145.8515625,19.3205,3538.26
1029,43.7986,3767.53,5145000,1029,-67838.6640625,19.4912,4048.51
1030,43.8718,3806.51,5150000,1030,-67848.9609375,19.6135,3926.21
1031,44.0176,3214.08,5155000,1031,-66352.0625,17.2418,3796.08
1032,43.8856,3192.53,5160000,1032,-66329.0546875,19.1231,3921.08
1033,44.0778,3575.32,5165000,1033,-66485.921875,17.6564,3836.52
1034,44.1931,3727.05,5170000,1034,-68422.828125,17.7265,3989.34
1035,44.0509,2468.33,5175000,1035,-67260.84375,24.0012,2355.25
1036,43.6064,3245.94,5180000,1036,-67729.90625,19.7982,3920.03
1037,43.1257,4067.51,5185000,1037,-67835.671875,18.951,4101.48
1038,43.0262,3809.37,5190000,1038,-67275.1328125,18.9504,3774.22
1039,43.6747,3931.77,5195000,1039,-68586.0390625,20.4579,3987.25
1040,44.1938,4034.05,5200000,1040,-69327.796875,20.3263,4034.12
1041,43.8287,3301.82,5205000,1041,-67017.6015625,19.1477,3874.51
1042,43.4735,3961.12,5210000,1042,-67299.203125,18.9846,3980.14
1043,44.0202,3532.16,5215000,1043,-65962.40625,17.0676,3843.66
1044,43.5225,4009.18,5220000,1044,-69173.6484375,18.5399,4039.5
1045,44.2446,3992.92,5225000,1045,-68842.7890625,18.8876,4019.45
1046,43.8609,3470.07,5230000,1046,-68216.2109375,19.9448,4045.46
1047,44.0005,3911.23,5235000,1047,-68138.0234375,19.3252,4129.48
1048,44.2357,4054.54,5240000,1048,-70852.6015625,20.0279,4077.11
1049,44.2049,4135.07,5245000,1049,-70457.421875,20.5559,4187.6
1050,44.4276,4023.91,5250000,1050,-71298.40625,21.0915,4103.61
1051,44.2266,4177.28,5255000,1051,-71199.5546875,20.6223,4198.74
1052,44.4512,4072.72,5260000,1052,-71005.546875,21.0655,4136.47
1053,44.203,3971.0,5265000,1053,-69732.3203125,19.9819,4090.04
1054,43.9394,4140.46,5270000,1054,-70557.9765625,20.9027,4132.27
1055,44.283,3984.26,5275000,1055,-70767.921875,20.4452,4089.45
1056,44.5667,4003.82,5280000,1056,-71301.21875,20.0669,4078.34
1057,44.2135,3964.71,5285000,1057,-70549.6171875,19.2812,4018.15
1058,44.3473,4094.15,5290000,1058,-70948.5390625,20.012,4078.17
1059,44.1792,4044.9,5295000,1059,-70960.15625,20.1005,4030.15
1060,44.1041,3942.01,5300000,1060,-70939.6328125,20.0559,4018.08
1061,44.2707,4121.19,5305000,1061,-70937.0,19.8033,4080.64
1062,44.8184,3979.93,5310000,1062,-70951.0,21.271,4052.21
1063,44.453,4045.16,5315000,1063,-70370.125,20.1308,3922.57
1064,44.6401,3997.29,5320000,1064,-71462.8125,20.7081,4058.91
1065,44.5234,3933.63,5325000,1065,-70876.6328125,20.7443,4019.84
1066,44.5948,3976.73,5330000,1066,-68461.2421875,26.8214,4025.73
1067,54.8548,0.27,5335000,1067,-24215.21484375,42.2215,0.23
1068,52.7347,273.26,5340000,1068,-67590.40625,145.2917,317.87
1069,50.4435,376.01,5345000,1069,-58412.671875,57.2715,406.18
1070,48.0453,960.21,5350000,1070,-65253.96484375,36.6409,1404.06
1071,49.2169,616.66,5355000,1071,-68904.1015625,29.6078,637.41
1072,47.4207,611.66,5360000,1072,-69214.1015625,34.1611,721.42
1073,50.7892,402.82,5365000,1073,-76258.140625,77.428,396.57
1074,47.1233,3056.95,5370000,1074,-71872.1015625,26.3307,3170.79
1075,46.7091,1271.24,5375000,1075,-68776.6328125,25.2542,1478.56
1076,46.4632,1329.46,5380000,1076,-66120.6328125,28.3626,1269.06
1077,46.6658,1126.18,5385000,1077,-67250.7421875,35.7227,1101.9
1078,46.2074,1509.28,5390000,1078,-77333.9765625,71.6266,1738.7
1079,46.248,1880.8,5395000,1079,-71731.2265625,44.5106,2121.88
1080,46.1989,1813.24,5400000,1080,-67550.2421875,32.566,1577.12
1081,51.1338,366.2,5405000,1081,-72686.03125,52.3303,376.7
1082,45.6419,2805.6,5410000,1082,-71626.0546875,28.473,3495.68
1083,45.5433,2749.32,5415000,1083,-71754.1171875,33.2677,3291.04
1084,44.8664,2740.49,5420000,1084,-70959.640625,22.4346,1620.92
1085,45.325,3281.03,5425000,1085,-71913.9921875,22.1002,3215.67
1086,46.1511,2840.3,5430000,1086,-74114.75,23.505,3236.14
1087,45.6864,3064.67,5435000,1087,-74192.625,20.9013,3144.7
1088,45.4485,3287.13,5440000,1088,-72938.5625,24.313,3105.15
1089,46.6011,3018.82,5445000,1089,-74175.6953125,23.2801,3424.88
1090,45.5593,3042.17,5450000,1090,-72176.1484375,22.3119,3509.0
1091,44.814,2790.15,5455000,1091,-71941.3515625,21.6914,3527.59
1092,45.1415,2856.5,5460000,1092,-72319.6328125,24.1354,3651.62
1093,45.3666,2242.99,5465000,1093,-74262.6015625,27.0385,3649.16
1094,44.3209,3037.64,5470000,1094,-72518.7421875,22.5268,3764.22
1095,44.7041,2722.35,5475000,1095,-72354.5078125,22.3325,3811.48
1096,44.7005,3219.64,5480000,1096,-71712.5625,21.9222,3308.76
1097,44.5361,3196.84,5485000,1097,-70579.4609375,22.4142,3641.98
1098,45.211,3324.45,5490000,1098,-72157.5546875,26.4998,3471.31
1099,45.1426,3284.49,5495000,1099,-71358.6171875,26.0021,3493.49
1100,45.2921,3133.05,5500000,1100,-71715.078125,25.7913,3487.24
1101,44.9126,3124.75,5505000,1101,-70806.9140625,24.1736,3461.21
1102,44.139,3287.53,5510000,1102,-69379.734375,21.657,3238.49
1103,44.9982,3077.03,5515000,1103,-70760.671875,20.2215,3431.6
1104,44.6357,3459.74,5520000,1104,-70403.4140625,19.3328,3438.55
1105,44.7094,2367.51,5525000,1105,-70086.3203125,19.628,2805.0
1106,47.3997,67.25,5530000,1106,-67833.5859375,28.5912,64.8
1107,46.0316,1908.95,5535000,1107,-72578.4375,37.0695,2912.05
1108,49.7196,464.94,5540000,1108,-54393.32421875,45.3934,504.09
1109,47.3348,623.56,5545000,1109,-61220.98046875,38.9183,89.3
1110,48.2409,1362.53,5550000,1110,-74295.046875,46.0481,297.82
1111,43.6718,2942.11,5555000,1111,-69565.28125,22.9547,3519.24
1112,44.0414,3242.85,5560000,1112,-70046.75,21.3576,3660.98
1113,43.8555,3114.15,5565000,1113,-70560.109375,24.0969,3811.59
1114,44.0355,3109.6,5570000,1114,-70649.234375,23.5676,3817.73
1115,44.3096,3270.29,5575000,1115,-70465.5625,25.829,3630.62
1116,43.6185,3253.53,5580000,1116,-70332.140625,21.0022,3320.61
1117,43.5181,3299.32,5585000,1117,-70662.7421875,22.3606,3792.09
1118,43.8194,3452.58,5590000,1118,-71079.3984375,21.3027,3869.49
1119,43.9825,3583.7,5595000,1119,-71813.265625,21.7069,3935.74
1120,56.6392,-6.7,5600000,1120,-25595.640625,124.6787,-9.45
1121,43.8509,3556.16,5605000,1121,-71383.40625,24.3444,3682.15
1122,43.4588,3108.3,5610000,1122,-70266.1953125,19.0838,3745.37
1123,43.6917,3421.65,5615000,1123,-72006.1015625,25.3223,3318.12
1124,44.2527,3273.7,5620000,1124,-72034.96875,24.396,3392.05
1125,43.9245,3533.16,5625000,1125,-72015.3671875,24.7893,3750.38
1126,44.2769,3773.74,5630000,1126,-71504.609375,21.8697,3927.18
1127,43.9269,3569.51,5635000,1127,-71572.7890625,24.5919,4008.23
1128,43.4712,3588.53,5640000,1128,-71901.5078125,21.457,3706.05
1129,43.425,3799.79,5645000,1129,-71255.015625,21.8169,3803.87
1130,43.5415,3991.53,5650000,1130,-70560.359375,20.0063,4056.57
1131,43.7086,3851.94,5655000,1131,-71381.578125,19.9691,3946.91
1132,43.5013,3815.72,5660000,1132,-70903.171875,21.0015,3901.83
1133,43.3202,3829.5,5665000,1133,-70947.46875,18.7647,3917.64
1134,43.6741,3806.12,5670000,1134,-71504.375,21.7539,4064.43
1135,43.0785,3729.55,5675000,1135,-70580.1171875,18.856,4009.02
1136,43.2091,3968.88,5680000,1136,-69629.328125,18.7413,4068.89
1137,43.9063,3898.22,5685000,1137,-70715.625,19.3343,4118.38
1138,44.0922,4040.91,5690000,1138,-72207.2734375,19.5613,4063.83
1139,43.9845,3946.56,5695000,1139,-72429.5390625,21.0981,3966.83
1140,43.8228,3907.57,5700000,1140,-70746.296875,19.194,4051.12
1141,43.7396,4012.78,5705000,1141,-71379.3125,18.8218,4021.64
1142,43.9825,4046.27,5710000,1142,-71305.34375,19.5999,4053.2
1143,43.6976,4020.95,5715000,1143,-71492.5703125,19.0458,4105.01
1144,43.565,3860.91,5720000,1144,-71667.1484375,20.4305,3833.49
1145,43.3438,3973.65,5725000,1145,-71730.78125,19.1534,4089.04
1146,43.5603,4025.67,5730000,1146,-72332.890625,19.3543,4002.79
1147,43.1839,4011.17,5735000,1147,-71082.25,19.4914,4076.28
1148,43.8916,3959.61,5740000,1148,-71207.6328125,19.1532,4050.95
1149,43.7347,3941.04,5745000,1149,-70445.84375,18.9299,4067.72
1150,43.6615,4026.55,5750000,1150,-69886.7109375,19.5641,4017.98
1151,44.1138,4037.86,5755000,1151,-71904.6875,20.4122,3961.8
1152,43.9852,3933.99,5760000,1152,-69968.921875,19.5338,3889.98
1153,43.9537,3885.2,5765000,1153,-70848.359375,19.5556,4043.09
1154,43.6775,4049.13,5770000,1154,-70714.3671875,20.3753,4017.01
1155,44.0458,3925.68,5775000,1155,-71279.34375,20.1911,4084.19
1156,44.2448,4014.34,5780000,1156,-71438.421875,21.1032,4083.94
1157,44.0365,4034.03,5785000,1157,-71823.4609375,20.803,3988.57
1158,42.9743,3943.52,5790000,1158,-70214.96875,19.2483,4058.4
1159,43.1483,4030.47,5795000,1159,-71203.9609375,19.7089,4062.36
1160,43.1486,4037.01,5800000,1160,-70893.8984375,19.8015,4127.23
1161,43.3222,4054.14,5805000,1161,-70829.1328125,19.246,4054.86
1162,42.9067,4032.12,5810000,1162,-71841.4921875,20.2974,4049.98
1163,43.1238,4030.24,5815000,1163,-72018.2109375,19.4326,3933.18
1164,55.5327,-16.87,5820000,1164,-44320.3515625,135.3968,-28.77
1165,43.9076,3969.33,5825000,1165,-72512.9140625,19.8405,3834.34
1166,43.6453,4044.59,5830000,1166,-71414.5859375,19.3978,4143.24
1167,43.5086,3923.29,5835000,1167,-71105.5625,18.7435,4038.02
1168,43.3638,3751.46,5840000,1168,-71818.3984375,18.7206,4071.51
1169,43.928,3952.27,5845000,1169,-73143.765625,19.4424,4026.45
1170,43.5385,4026.81,5850000,1170,-72969.8203125,19.5879,4056.76
1171,43.5635,4071.91,5855000,1171,-73812.5546875,20.1345,4113.77
1172,44.1118,3922.63,5860000,1172,-73894.65625,19.7726,4055.24
1173,43.6217,4150.51,5865000,1173,-73033.796875,20.5253,4124.27
1174,43.7303,4093.47,5870000,1174,-73755.1171875,20.1164,4119.89
1175,44.2082,4059.57,5875000,1175,-74972.25,19.749,4022.65
1176,44.5176,4073.84,5880000,1176,-73967.609375,20.8976,4095.21
1177,44.0981,4097.28,5885000,1177,-75427.6796875,20.0722,4175.72
1178,44.077,4096.04,5890000,1178,-73542.40625,20.293,3975.17
1179,44.4335,3925.64,5895000,1179,-74975.4765625,20.5833,4085.18
1180,43.8807,3989.36,5900000,1180,-74432.2421875,19.2935,3869.01
1181,43.4688,4073.38,5905000,1181,-73246.9765625,19.5683,4148.01
1182,43.5189,4043.49,5910000,1182,-73206.953125,18.7446,4075.14
1183,44.0269,3918.5,5915000,1183,-74917.9140625,20.0561,3841.26
1184,44.0641,3985.51,5920000,1184,-73386.984375,19.5815,3962.13
1185,44.044,4015.27,5925000,1185,-74206.34375,19.4269,4065.29
1186,44.1507,3983.43,5930000,1186,-73640.3203125,19.9574,4030.56
1187,44.0914,3823.42,5935000,1187,-73221.7890625,19.2544,4061.92
1188,43.8025,3610.42,5940000,1188,-71892.4296875,20.749,4119.63
1189,43.5819,4107.79,5945000,1189,-73971.875,19.395,4037.26
1190,43.8286,3775.11,5950000,1190,-73586.671875,19.3214,3885.82
1191,43.9091,4024.14,5955000,1191,-73466.90625,18.7211,3968.3
1192,44.5303,3985.4,5960000,1192,-73056.8671875,19.1424,3841.4
1193,43.8712,3949.23,5965000,1193,-73999.9609375,18.3472,3978.64
1194,44.0929,4027.93,5970000,1194,-73184.125,19.0765,4042.61
1195,44.2284,3497.66,5975000,1195,-75463.609375,18.8513,3798.67
1196,44.3281,3878.4,5980000,1196,-75250.7578125,18.1509,3933.51
1197,44.3716,3977.46,5985000,1197,-73473.78125,19.3236,4021.07
1198,44.1303,3752.21,5990000,1198,-73039.453125,19.2238,3200.53
1199,44.6876,3948.35,5995000,1199,-74866.59375,20.7019,3987.86
1200,43.5289,3944.81,6000000,1200,-73188.6796875,18.6857,4015.44
1201,44.0404,4047.19,6005000,1201,-73698.109375,20.0146,4142.44
1202,43.9236,4043.17,6010000,1202,-73399.6640625,19.642,4067.06
1203,43.5229,4036.36,6015000,1203,-73678.6328125,19.8297,3965.9
1204,44.2912,4072.62,6020000,1204,-74333.25,20.6222,4061.96
1205,44.179,4021.07,6025000,1205,-73622.328125,20.832,4087.79
1206,44.1205,3963.67,6030000,1206,-73795.2109375,20.9787,3996.27
1207,44.7327,4051.02,6035000,1207,-74881.46875,21.0306,4029.6
1208,44.4978,3782.44,6040000,1208,-73322.3671875,20.4111,3954.37
1209,44.4123,4032.79,6045000,1209,-74005.7734375,19.917,4038.08
1210,44.5625,3674.09,6050000,1210,-73541.578125,18.2876,3984.49
1211,51.7544,174.81,6055000,1211,-82185.984375,26.4275,160.97
1212,48.3577,463.46,6060000,1212,-80876.25,19.7342,527.11
1213,51.6491,338.43,6065000,1213,-83606.1171875,23.6993,362.16
1214,46.9671,1796.11,6070000,1214,-79393.921875,22.3355,1038.84
1215,44.6545,3584.03,6075000,1215,-75040.0390625,20.3038,3025.05
1216,45.4127,2634.21,6080000,1216,-75118.7265625,20.4109,3496.63
1217,44.4832,3976.27,6085000,1217,-72588.296875,20.8553,3967.58
1218,43.9472,4016.09,6090000,1218,-72918.9765625,21.0548,3991.44
1219,44.0916,4009.46,6095000,1219,-73372.625,21.0881,4003.07
1220,44.3007,4005.52,6100000,1220,-73893.3046875,22.0286,4087.43
1221,44.321,4098.46,6105000,1221,-74183.3125,21.0873,4117.91
1222,43.8063,4055.26,6110000,1222,-73111.1953125,20.9122,4077.97
1223,43.698,4044.27,6115000,1223,-72764.1171875,20.6539,3989.32
1224,44.0758,3979.18,6120000,1224,-73308.59375,20.5678,4068.67
1225,44.3122,4075.85,6125000,1225,-74600.7578125,20.9151,4043.33
1226,44.2737,4032.88,6130000,1226,-74194.734375,21.1717,4096.65
1227,44.087,4004.28,6135000,1227,-73322.953125,20.4807,4052.56
1228,43.7544,3903.33,6140000,1228,-73662.5234375,20.2515,4022.0
1229,44.3354,3979.06,6145000,1229,-73665.1875,20.9835,3975.01
1230,44.5356,3898.94,6150000,1230,-73715.875,20.8369,4057.69
1231,43.6269,4077.13,6155000,1231,-73512.1953125,21.0719,3933.34
1232,44.0413,4137.03,6160000,1232,-74467.2265625,20.0808,3982.86
1233,44.2138,4064.48,6165000,1233,-74485.34375,21.1182,4043.72
1234,44.4944,4106.16,6170000,1234,-73864.265625,21.7193,4038.25
1235,44.4041,3999.9,6175000,1235,-73605.0546875,20.7703,4045.57
1236,44.5644,3871.14,6180000,1236,-72316.4453125,21.6968,4004.04
1237,44.1212,4019.96,6185000,1237,-72771.1484375,20.5643,4063.11
1238,43.9518,4046.92,6190000,1238,-73121.75,20.4863,4049.71
1239,44.112,4066.83,6195000,1239,-73416.203125,20.2797,4071.29
1240,44.2981,4017.43,6200000,1240,-74432.3203125,20.5112,3989.31
1241,44.0983,4013.93,6205000,1241,-74616.3828125,21.2187,3998.97
1242,44.2815,4030.87,6210000,1242,-75245.25,21.0795,4019.82
1243,44.282,3966.44,6215000,1243,-75263.1015625,18.9829,3982.63
1244,43.3741,4101.46,6220000,1244,-73459.34375,19.9345,4082.55
1245,43.8269,4121.34,6225000,1245,-73876.2578125,20.4617,4088.5
1246,44.0568,4021.85,6230000,1246,-73815.46875,18.5905,4048.5
1247,43.7322,4110.72,6235000,1247,-74082.625,19.856,4049.83
1248,44.197,4041.63,6240000,1248,-74877.859375,19.9026,3966.51
1249,43.6273,4079.57,6245000,1249,-73426.453125,19.4522,3992.57
1250,44.0112,4061.65,6250000,1250,-73438.140625,20.1762,4065.88
1251,43.7228,3730.2,6255000,1251,-74985.859375,19.8302,4032.36
1252,44.2991,4087.85,6260000,1252,-73625.8984375,19.9096,4008.07
1253,43.8883,4069.75,6265000,1253,-75393.6796875,20.5747,4061.26
1254,43.387,3945.65,6270000,1254,-74402.0078125,20.3304,4063.39
1255,44.0657,3977.35,6275000,1255,-74488.3046875,20.8705,4032.13
1256,43.3917,4022.26,6280000,1256,-73512.4609375,20.2637,3947.19
1257,43.7927,4007.05,6285000,1257,-75092.828125,20.1481,3952.11
1258,44.3541,3931.93,6290000,1258,-75516.4140625,21.3463,3950.11
1259,43.8626,4023.59,6295000,1259,-75800.4296875,20.5668,3963.7
1260,43.3641,3925.45,6300000,1260,-75213.1953125,20.1441,3968.33
1261,43.4444,4071.25,6305000,1261,-73103.9765625,19.1594,4013.96
1262,43.3471,4057.64,6310000,1262,-74225.5390625,18.9608,3981.53
1263,43.4064,4010.63,6315000,1263,-73789.15625,18.805,3928.3
1264,43.4666,4028.6,6320000,1264,-73638.90625,18.7705,4048.41
1265,43.5087,3985.35,6325000,1265,-74468.484375,19.4144,3915.62
1266,44.0671,4116.55,6330000,1266,-75884.6328125,19.4944,4028.83
1267,43.7366,4010.27,6335000,1267,-75132.890625,19.5722,3862.4
1268,43.3744,3797.37,6340000,1268,-75326.6796875,18.5641,3817.78
1269,43.613,4068.2,6345000,1269,-74525.921875,19.0062,3897.89
1270,43.7215,3980.93,6350000,1270,-75644.6875,17.868,3988.45
1271,43.2402,4037.44,6355000,1271,-74175.453125,18.9945,4070.59
1272,43.4785,3943.23,6360000,1272,-73886.0234375,18.2397,3936.8
1273,43.1586,4116.05,6365000,1273,-73268.8515625,18.9458,3841.22
1274,43.6853,4059.57,6370000,1274,-73531.5078125,18.3605,4046.08
1275,43.4846,4078.21,6375000,1275,-73828.3203125,18.6439,4173.49
1276,44.9923,2084.47,6380000,1276,-78852.7734375,20.866,2013.77
1277,46.6578,1196.62,6385000,1277,-81332.46875,21.7754,1135.79
1278,43.8979,4088.67,6390000,1278,-74099.8671875,19.0029,4079.61
1279,43.4305,4077.85,6395000,1279,-75775.0859375,20.3477,3967.46
1280,43.8102,4099.02,6400000,1280,-74779.1484375,20.2898,4048.52
1281,43.5611,4093.14,6405000,1281,-74690.7734375,20.7357,4102.12
1282,43.6102,3945.69,6410000,1282,-74410.6484375,19.7634,3988.0
1283,43.4783,4121.68,6415000,1283,-75710.8046875,20.8264,4022.58
1284,43.3046,4098.82,6420000,1284,-74691.6015625,20.3977,4061.2
1285,43.5057,4113.95,6425000,1285,-75344.78125,20.0408,3985.43
1286,43.944,4066.14,6430000,1286,-75928.359375,19.4184,3818.94
1287,43.614,3772.51,6435000,1287,-74779.7265625,20.1092,3977.28
1288,43.5625,4043.56,6440000,1288,-75814.1953125,19.0475,3791.86
1289,43.729,4063.89,6445000,1289,-75001.765625,19.9268,4003.74
1290,43.7447,4049.47,6450000,1290,-75118.3984375,19.3182,3892.13
1291,43.9925,3975.68,6455000,1291,-75510.546875,19.7792,3915.11
1292,44.0564,4097.06,6460000,1292,-75848.6875,20.5899,3976.57
1293,43.9822,4160.23,6465000,1293,-76234.546875,21.0627,4053.73
1294,43.5831,4122.54,6470000,1294,-74796.25,20.2397,4079.11
1295,44.1419,4036.79,6475000,1295,-76813.3203125,20.1699,3914.98
1296,43.3856,4115.26,6480000,1296,-74632.4609375,19.4759,4000.17
1297,43.9816,4043.77,6485000,1297,-75814.9375,18.9034,3936.05
1298,43.9765,3778.0,6490000,1298,-75708.234375,19.1818,4046.34
1299,44.2578,3845.11,6495000,1299,-76705.453125,19.6798,4075.32
1300,43.512,3963.62,6500000,1300,-74892.6953125,18.6528,4041.73
1301,44.0174,4070.96,6505000,1301,-76237.734375,19.7013,3881.02
1302,44.1181,4082.14,6510000,1302,-76090.796875,19.6226,4058.48
1303,43.8125,4033.26,6515000,1303,-75143.953125,19.6345,4008.42
1304,43.9833,4034.95,6520000,1304,-75675.1875,19.3378,3914.31
1305,43.8644,4093.22,6525000,1305,-74507.09375,18.9656,4060.23
1306,43.8506,3996.15,6530000,1306,-75866.2890625,19.3671,4031.93
1307,43.84,4051.97,6535000,1307,-75783.1796875,19.2713,3988.38
1308,43.5883,4070.72,6540000,1308,-75340.3671875,19.6182,4035.28
1309,44.0848,4076.67,6545000,1309,-76514.265625,19.4833,4045.93
1310,43.7607,3986.37,6550000,1310,-74260.15625,19.1248,4100.51
1311,43.6053,4096.03,6555000,1311,-74883.9140625,18.6791,4105.88
1312,43.441,4117.0,6560000,1312,-73145.7890625,18.5487,4120.06
1313,43.6132,4055.38,6565000,1313,-75168.375,18.8463,3996.73
1314,43.4773,4061.81,6570000,1314,-74254.1953125,18.0011,3855.65
1315,43.5224,4067.31,6575000,1315,-74696.921875,18.6717,4100.97
1316,43.3286,4134.76,6580000,1316,-74350.828125,18.563,4118.81
1317,43.1788,4098.0,6585000,1317,-74147.0625,18.8877,4104.13
1318,43.6924,4126.8,6590000,1318,-74462.1484375,18.2814,4118.35
1319,43.9136,4029.32,6595000,1319,-73646.1328125,18.3691,4003.36
1320,43.7198,3923.77,6600000,1320,-74415.28125,18.5649,4081.87
1321,43.6496,3989.17,6605000,1321,-73390.546875,18.4916,4095.48
1322,44.6926,2394.22,6610000,1322,-74054.0546875,23.0192,2613.21
1323,46.412,1060.84,6615000,1323,-80961.203125,20.6637,351.95
1324,52.6499,343.14,6620000,1324,-84985.0703125,25.8862,352.8
1325,51.872,348.68,6625000,1325,-84952.6171875,29.9632,357.89
1326,46.1976,1772.1,6630000,1326,-80559.078125,39.7946,3019.72
1327,51.6276,367.87,6635000,1327,-85145.5078125,47.5459,358.39
1328,43.49,3914.7,6640000,1328,-71003.265625,19.0521,3968.51
1329,43.0403,4071.03,6645000,1329,-71219.765625,18.7975,3952.88
1330,43.238,4062.64,6650000,1330,-73723.453125,18.8105,3870.83
1331,43.3055,4146.81,6655000,1331,-71096.8671875,18.9111,4143.4
1332,43.9041,4050.96,6660000,1332,-72471.7109375,18.541,4117.52
1333,42.7122,3923.46,6665000,1333,-72142.125,18.2293,4028.2
1334,43.5247,4148.62,6670000,1334,-73457.390625,18.2002,4133.45
1335,57.0751,-13.98,6675000,1335,-60160.74609375,73.5697,-15.06
1336,55.9607,-31.92,6680000,1336,-61620.6796875,57.3605,-38.4
1337,47.1889,-8.0,6685000,1337,-69630.84375,46.0678,-7.89
1338,43.4938,4102.03,6690000,1338,-72526.96875,19.4975,4028.52
1339,43.5605,4009.79,6695000,1339,-73539.6875,18.9486,3969.46
1340,43.549,4012.43,6700000,1340,-75041.2109375,18.8625,4059.59
1341,43.5632,4039.7,6705000,1341,-75282.03125,18.6951,4086.31
1342,43.4444,4042.85,6710000,1342,-75048.9453125,19.4308,3879.08
1343,43.701,3912.88,6715000,1343,-75633.9140625,19.0254,4121.74
1344,43.6437,4082.74,6720000,1344,-74385.0078125,18.957,4077.25
1345,43.5021,4115.25,6725000,1345,-74603.4609375,18.9367,4082.7
1346,43.4625,4102.08,6730000,1346,-73179.0703125,19.1089,4131.22
1347,43.2856,4075.51,6735000,1347,-73430.359375,18.5999,4077.87
1348,43.7249,4128.61,6740000,1348,-72809.671875,19.2883,4239.14
1349,43.5512,4113.15,6745000,1349,-72966.09375,19.6296,3999.51
1350,43.5628,4098.33,6750000,1350,-74431.375,18.5855,4060.4
1351,43.6991,4085.65,6755000,1351,-74170.2890625,19.2523,4064.41
1352,43.1823,4075.28,6760000,1352,-73362.6796875,18.676,4077.58
1353,43.3985,4084.96,6765000,1353,-74592.8203125,18.6526,4122.81
1354,43.4284,4097.4,6770000,1354,-74891.9140625,18.4037,4125.51
1355,43.8518,4070.24,6775000,1355,-74631.6015625,18.0029,4092.71
1356,43.4636,4106.95,6780000,1356,-74550.578125,18.5656,4148.01
1357,43.855,3045.73,6785000,1357,-75899.4375,17.7284,3456.45
1358,52.1501,386.66,6790000,1358,-80757.2890625,29.5984,381.83
1359,51.8357,318.61,6795000,1359,-86169.7421875,40.1604,306.3
1360,49.9221,309.65,6800000,1360,-86138.4921875,47.3,343.62
1361,50.1789,478.92,6805000,1361,-81434.234375,19.6474,491.76
1362,51.1686,506.14,6810000,1362,-80622.234375,19.6319,565.32
1363,47.1981,1381.53,6815000,1363,-77678.1015625,24.9992,1032.58
1364,44.6462,3436.1,6820000,1364,-74499.3984375,17.9717,3237.62
1365,43.7896,3491.02,6825000,1365,-73960.8671875,18.5335,3556.02
1366,43.8671,3438.47,6830000,1366,-75196.6484375,17.5149,3730.75
1367,43.2411,3936.07,6835000,1367,-74347.6640625,18.124,3999.9
1368,42.6886,3893.27,6840000,1368,-73762.5703125,17.8731,3897.37
1369,43.2763,4030.05,6845000,1369,-75532.0390625,17.9387,3885.06
1370,43.3249,3944.39,6850000,1370,-74229.6796875,18.0036,3949.99
1371,43.1154,4021.92,6855000,1371,-74381.734375,18.1179,3945.65
1372,43.292,4061.08,6860000,1372,-74437.7578125,18.3231,4059.98
1373,43.7329,4077.86,6865000,1373,-75446.9921875,19.5838,4106.17
1374,43.2558,4079.57,6870000,1374,-75218.0703125,19.2145,4120.38
1375,43.3968,3945.87,6875000,1375,-75642.171875,18.2956,4121.32
1376,43.5584,4056.19,6880000,1376,-75625.046875,18.9222,4064.76
1377,43.2952,4098.98,6885000,1377,-74842.4296875,19.4033,4067.96
1378,42.8606,4120.14,6890000,1378,-74783.0390625,19.1051,4098.91
1379,43.5819,4114.39,6895000,1379,-74619.515625,19.4004,4043.12
1380,43.5621,4155.72,6900000,1380,-73826.875,19.3164,4160.34
1381,43.3127,4002.94,6905000,1381,-75008.3984375,18.2924,4151.65
1382,43.4088,4144.16,6910000,1382,-75348.1015625,19.5705,4095.43
1383,43.6701,3982.39,6915000,1383,-74946.2265625,19.3799,4119.86
1384,43.5061,4180.74,6920000,1384,-74305.09375,20.1863,4133.57
1385,43.859,4121.17,6925000,1385,-75548.9375,19.8772,4086.88
1386,43.6621,4162.59,6930000,1386,-76019.21875,19.5382,4153.1
1387,43.5692,4144.95,6935000,1387,-74545.2890625,19.732,4144.62
1388,43.6639,4172.58,6940000,1388,-76049.1171875,19.4804,4116.77
1389,43.5504,4120.75,6945000,1389,-76147.8984375,19.8135,4107.75
1390,43.5611,4146.1,6950000,1390,-76324.5703125,19.5427,4082.69
1391,43.4663,4156.16,6955000,1391,-75927.8828125,20.269,4060.08
1392,43.6314,4176.64,6960000,1392,-75142.25,19.8069,4153.56
1393,43.4145,4151.73,6965000,1393,-74985.1796875,19.3624,4110.95
1394,43.4327,4198.57,6970000,1394,-75936.046875,19.4351,4140.91
1395,43.3018,4188.6,6975000,1395,-76402.5703125,20.2149,4182.15
1396,43.4151,4156.15,6980000,1396,-75206.484375,19.4128,4089.06
1397,43.4069,4108.43,6985000,1397,-76461.3515625,19.9707,3994.55
1398,44.0936,4121.11,6990000,1398,-76854.375,20.1306,4086.34
1399,43.6092,4100.08,6995000,1399,-76607.265625,19.0189,4032.52
1400,43.7039,4101.49,7000000,1400,-76253.8203125,19.7078,3953.84
1401,43.8209,4145.64,7005000,1401,-75884.453125,19.6239,4057.3
1402,43.8813,4146.9,7010000,1402,-76331.578125,19.8787,3985.27
1403,42.9587,4178.95,7015000,1403,-74549.5390625,19.2309,4083.76
1404,43.2579,4163.66,7020000,1404,-74582.71875,19.5067,4123.29
1405,43.1045,4103.81,7025000,1405,-75205.3828125,18.9379,3948.04
1406,43.2212,4133.97,7030000,1406,-76522.765625,19.5586,3963.88
1407,43.0179,4170.31,7035000,1407,-75734.6875,18.9172,4114.27
1408,43.3113,4091.44,7040000,1408,-76351.3125,19.185,3767.83
1409,43.4242,4145.9,7045000,1409,-75616.421875,18.9683,4085.42
1410,43.2933,4181.24,7050000,1410,-75134.578125,19.2233,4148.2
1411,43.1405,4178.75,7055000,1411,-75570.4921875,18.8119,4146.88
1412,43.2464,4154.37,7060000,1412,-75917.25,19.1745,4107.75
1413,43.1774,4073.34,7065000,1413,-75725.7265625,18.6727,4196.97
1414,43.3547,4132.81,7070000,1414,-75866.0703125,19.5722,4047.29
1415,43.5501,4190.87,7075000,1415,-74866.9921875,19.6246,4202.32
1416,43.4618,4155.92,7080000,1416,-76037.6640625,19.0832,4148.81
1417,43.5474,4081.64,7085000,1417,-75015.359375,19.1882,4100.07
1418,43.6974,4093.65,7090000,1418,-75482.15625,18.6093,4111.4
1419,43.6274,4091.42,7095000,1419,-75995.84375,18.6827,4094.73
1420,43.6687,4082.26,7100000,1420,-76437.390625,18.801,4048.08
1421,43.6208,4081.13,7105000,1421,-75439.5546875,18.5164,4080.66
1422,43.5783,4104.77,7110000,1422,-74893.34375,18.1986,4064.39
1423,43.5744,4111.23,7115000,1423,-75463.5078125,18.7713,4106.5
1424,43.7227,4130.68,7120000,1424,-76088.78125,19.1123,4087.44
1425,44.0481,3830.01,7125000,1425,-72136.0390625,21.2981,4168.98
1426,44.0725,3678.74,7130000,1426,-75522.328125,15.7601,4015.5
1427,44.1233,3063.41,7135000,1427,-75326.7109375,17.8577,3541.29
1428,43.6075,4076.44,7140000,1428,-75634.890625,18.7006,4111.38
1429,43.7111,3943.33,7145000,1429,-75101.75,19.3332,4144.77
1430,43.3004,4158.11,7150000,1430,-74384.59375,18.6795,4129.21
1431,43.1017,4153.62,7155000,1431,-75672.6953125,18.1144,4128.33
1432,43.419,4196.31,7160000,1432,-75894.9453125,19.1905,4191.9
1433,43.3767,4131.52,7165000,1433,-75089.109375,18.1731,4136.78
1434,43.5235,4081.52,7170000,1434,-76317.8046875,18.5941,4092.96
1435,43.6983,4131.58,7175000,1435,-75564.15625,19.2169,4161.92
1436,43.5252,4194.23,7180000,1436,-75937.8046875,18.6255,4156.39
1437,43.3767,4149.5,7185000,1437,-76410.0,18.609,4166.02
1438,43.5379,4165.13,7190000,1438,-76745.046875,18.5378,4170.96
1439,43.6724,4139.62,7195000,1439,-75831.5234375,18.661,4142.4
1440,43.6539,4176.04,7200000,1440,-76172.59375,18.6296,4155.74
1441,43.5654,4225.29,7205000,1441,-76578.4921875,19.4073,4229.17
1442,43.493,4154.05,7210000,1442,-75861.5859375,19.1258,4172.85
1443,43.7631,4136.23,7215000,1443,-76585.90625,19.2811,4224.2
1444,44.3188,4143.56,7220000,1444,-76160.34375,20.4474,4220.72
1445,44.1162,4121.36,7225000,1445,-76339.171875,20.4117,4163.23
1446,43.5936,4190.16,7230000,1446,-75913.8046875,20.3763,4242.07
1447,44.1414,4139.84,7235000,1447,-75751.1796875,19.5911,4150.66
1448,43.7385,4162.83,7240000,1448,-75886.65625,19.7239,4187.08
1449,43.9381,4165.09,7245000,1449,-76421.4375,19.7734,4134.58
1450,43.9389,4160.25,7250000,1450,-75930.1015625,19.0275,4199.42
1451,43.3851,4176.74,7255000,1451,-75097.21875,19.6599,4246.49
1452,43.557,4232.61,7260000,1452,-75088.1171875,20.0613,4249.72
1453,43.3008,4157.95,7265000,1453,-75060.671875,19.2642,4162.11
1454,43.3235,4206.45,7270000,1454,-75332.390625,19.7504,4231.42
1455,42.7034,4145.21,7275000,1455,-75323.0859375,17.9824,4143.58
1456,43.4111,4160.86,7280000,1456,-75177.2578125,19.013,4193.78
1457,43.3573,4151.64,7285000,1457,-75796.1796875,19.9183,4150.19
1458,43.2614,4158.11,7290000,1458,-74789.5390625,18.6262,4202.92
1459,43.5156,4162.97,7295000,1459,-75045.7109375,19.9364,4196.5
1460,43.5712,4204.23,7300000,1460,-75524.125,18.492,4237.78
1461,43.3572,4166.7,7305000,1461,-75498.8125,19.1317,4212.36
1462,43.7191,4157.36,7310000,1462,-76112.0625,19.4367,4196.59
1463,43.6593,4179.4,7315000,1463,-76160.0859375,19.2645,4193.49
1464,43.4136,4135.71,7320000,1464,-76252.140625,18.8767,4192.03
1465,44.0407,3274.25,7325000,1465,-76505.3984375,19.4042,3571.8
1466,44.6148,2479.3,7330000,1466,-59843.375,31.7413,2873.72
1467,55.2134,-23.66,7335000,1467,-56951.74609375,42.3387,-21.4
1468,55.0354,-6.49,7340000,1468,-60391.4453125,42.9587,-6.01
1469,43.5549,4009.04,7345000,1469,-72755.203125,19.0602,4162.89
1470,43.5033,4168.37,7350000,1470,-74339.8828125,20.351,4174.76
1471,43.3938,4150.39,7355000,1471,-75773.2421875,20.1691,4184.38
1472,43.7672,4083.04,7360000,1472,-75767.9921875,20.0302,3859.05
1473,43.321,4079.71,7365000,1473,-75836.515625,18.9836,4000.18
1474,43.683,4066.6,7370000,1474,-76550.53125,21.0788,4127.93
1475,43.7277,4024.25,7375000,1475,-76432.875,19.6388,4114.06
1476,43.5453,4095.92,7380000,1476,-76795.59375,19.9405,4084.28
1477,43.3933,4075.31,7385000,1477,-76914.6484375,19.6975,4083.89
1478,43.2262,4121.9,7390000,1478,-76860.6171875,19.5906,4147.05
1479,43.9589,4143.39,7395000,1479,-77683.328125,21.0825,4153.5
1480,43.4818,4130.2,7400000,1480,-76745.8515625,19.9623,4138.17
1481,43.3858,4134.0,7405000,1481,-76954.46875,20.0971,4178.57
1482,43.7989,4148.52,7410000,1482,-77009.53125,19.9525,4154.74
1483,42.7509,4106.25,7415000,1483,-75203.6328125,19.001,4140.38
1484,43.5115,4083.39,7420000,1484,-77132.9375,20.5361,4049.81
1485,43.5291,4098.59,7425000,1485,-75891.2578125,19.6835,4146.78
1486,43.3223,4090.24,7430000,1486,-76689.796875,19.6872,4196.03
1487,43.2891,4175.82,7435000,1487,-77129.6640625,19.87,4049.93
1488,44.4891,3631.86,7440000,1488,-78831.828125,26.3597,4157.5
1489,45.2354,1822.04,7445000,1489,-82353.4296875,31.2281,1081.12
1490,44.9934,1330.84,7450000,1490,-81215.171875,33.151,3185.37
1491,44.6312,2214.57,7455000,1491,-80220.6328125,29.879,1532.89
1492,44.543,3313.94,7460000,1492,-78570.1875,27.396,3845.31
1493,44.2098,3840.38,7465000,1493,-76515.6953125,20.4263,3717.89
1494,43.6422,2549.78,7470000,1494,-74600.09375,19.922,3249.12
1495,44.2588,3143.93,7475000,1495,-74382.140625,23.9438,2947.31
1496,43.1022,4134.88,7480000,1496,-75780.6328125,18.9405,4070.02
1497,43.1189,4110.44,7485000,1497,-76110.1484375,18.9925,4118.64
1498,43.2551,4092.04,7490000,1498,-76883.078125,19.1241,4060.13
1499,43.6621,4055.65,7495000,1499,-77245.2734375,19.1247,4057.72
