Real Sto Return,Itration,Running Forward KL,Running Reverse KL,Running Update Time,Running Env Steps,Real Det Return,Reward Loss
310.07,0,49.1387,12.9441,0,0,296.51,302.94293212890625
307.51,1,49.6482,24.1557,1,5000,310.13,212.73146057128906
394.82,2,49.7136,19.4016,2,10000,393.82,444.75250244140625
395.45,3,49.2954,12.4605,3,15000,413.12,264.6805114746094
374.9,4,48.8201,14.3102,4,20000,393.98,164.1826629638672
366.55,5,48.9666,12.6989,5,25000,400.26,231.11489868164062
456.71,6,49.4006,12.8998,6,30000,403.08,221.8570098876953
439.17,7,49.0886,13.1571,7,35000,428.88,283.42205810546875
363.35,8,49.2272,13.5442,8,40000,351.73,225.17457580566406
394.62,9,49.0104,15.9386,9,45000,403.44,235.79978942871094
390.83,10,49.1647,17.393,10,50000,519.9,234.44297790527344
535.97,11,48.9144,21.2836,11,55000,527.99,206.15164184570312
446.19,12,47.9596,20.5812,12,60000,725.87,107.53864288330078
705.89,13,48.7733,14.3187,13,65000,438.04,175.38902282714844
489.28,14,50.4714,15.2872,14,70000,516.94,271.9420471191406
281.22,15,52.6127,23.6798,15,75000,644.35,-139.2146759033203
349.3,16,51.0041,20.9903,16,80000,273.71,82.24597930908203
574.74,17,49.7375,29.9353,17,85000,603.36,43.51058578491211
425.67,18,48.3352,15.0015,18,90000,426.02,115.77227783203125
649.05,19,47.2915,16.2905,19,95000,757.71,93.17532348632812
532.16,20,47.4145,24.0533,20,100000,400.6,-16.69529151916504
617.31,21,47.3086,15.2143,21,105000,638.16,132.26840209960938
518.69,22,48.2827,18.5412,22,110000,633.34,-9.17080020904541
145.03,23,48.8509,51.4626,23,115000,515.27,-120.58329772949219
811.3,24,46.4296,13.7798,24,120000,392.11,7.698267936706543
1228.96,25,47.264,20.6476,25,125000,1098.9,-46.3366813659668
454.66,26,48.1476,46.0156,26,130000,586.11,-157.70193481445312
277.45,27,50.827,71.9513,27,135000,143.57,-164.10020446777344
863.57,28,48.0448,34.5501,28,140000,1044.52,-90.1146240234375
429.9,29,48.5106,57.5319,29,145000,373.85,-136.28515625
607.9,30,49.2195,50.9837,30,150000,1008.09,-203.8254852294922
374.81,31,50.3177,22.433,31,155000,380.87,-108.88990783691406
391.01,32,49.1516,24.7766,32,160000,488.26,-88.15017700195312
10.02,33,50.514,21.5812,33,165000,11.58,-100.4146957397461
332.07,34,49.297,33.3396,34,170000,356.29,-19.04749870300293
462.81,35,49.5519,20.8155,35,175000,596.33,-141.2438507080078
1178.89,36,51.1206,26.8301,36,180000,1319.96,-268.5285339355469
1133.5,37,50.0352,18.4083,37,185000,932.54,-226.03306579589844
1550.01,38,48.7988,18.3368,38,190000,1575.89,-212.95138549804688
-6.17,39,55.6173,41.9945,39,195000,-5.86,-298.39892578125
299.93,40,50.3827,24.2007,40,200000,260.52,-149.34793090820312
277.51,41,50.2492,76.0437,41,205000,274.38,-169.0326385498047
793.81,42,47.4794,15.8041,42,210000,1043.85,-57.337642669677734
887.29,43,47.2154,17.2411,43,215000,693.19,-208.4781494140625
1751.22,44,47.6964,19.1059,44,220000,1560.48,-265.677978515625
1051.24,45,55.635,46.4141,45,225000,1035.35,-436.95782470703125
1027.74,46,54.9149,36.0044,46,230000,1027.49,-441.91815185546875
1058.15,47,55.1048,34.8301,47,235000,1031.59,-458.47613525390625
1054.75,48,54.4991,39.2222,48,240000,1032.84,-458.1549987792969
1060.75,49,53.5739,31.3813,49,245000,1031.43,-479.0836181640625
990.1,50,55.0489,27.8888,50,250000,995.56,-439.7142639160156
1476.59,51,53.0406,28.0038,51,255000,1050.02,-439.32647705078125
543.29,52,49.4566,23.6325,52,260000,565.45,-259.39453125
1037.66,53,50.997,28.0276,53,265000,1231.27,-443.9525146484375
887.37,54,54.5368,36.9864,54,270000,950.61,-529.8060302734375
941.76,55,55.3568,48.1733,55,275000,991.65,-488.28912353515625
-14.99,56,58.0059,109.4693,56,280000,-11.36,-663.8113403320312
-29.24,57,56.0565,95.3992,57,285000,-27.68,-665.593505859375
1016.73,58,56.2117,41.5884,58,290000,1017.85,-615.3063354492188
1059.73,59,55.5851,43.6552,59,295000,1053.77,-632.4041748046875
999.19,60,56.2717,45.0542,60,300000,962.31,-648.5761108398438
1009.42,61,55.6011,39.9781,61,305000,1039.81,-629.4515991210938
717.38,62,50.3533,33.4572,62,310000,472.6,-635.6262817382812
921.77,63,48.7965,33.3329,63,315000,1022.38,-546.3848266601562
674.54,64,50.8698,29.0877,64,320000,409.07,-500.30023193359375
146.23,65,54.8516,40.776,65,325000,-6.9,-605.7102661132812
60.33,66,55.4345,90.5544,66,330000,58.07,-418.28045654296875
451.05,67,52.3537,49.5439,67,335000,444.29,-591.8768920898438
370.14,68,50.7392,35.7319,68,340000,429.35,-476.79888916015625
351.97,69,51.381,41.227,69,345000,377.69,-429.0146179199219
2210.08,70,48.3269,18.1068,70,350000,2322.74,-423.98297119140625
1027.21,71,55.6883,41.3668,71,355000,1024.23,-759.55615234375
1021.59,72,55.6604,41.1456,72,360000,1021.81,-802.100341796875
1035.13,73,56.0009,48.0746,73,365000,1033.78,-834.3118286132812
867.77,74,53.0184,24.5713,74,370000,998.2,-627.0181884765625
26.26,75,50.3115,33.0518,75,375000,26.08,-552.6517333984375
17.26,76,50.7806,36.184,76,380000,18.47,-591.31884765625
297.44,77,54.2521,37.1897,77,385000,55.27,-714.6046142578125
728.24,78,53.4812,39.3755,78,390000,622.47,-794.2850341796875
-67.8,79,53.1954,46.1835,79,395000,-45.61,-746.4959716796875
601.1,80,53.3089,41.2006,80,400000,495.32,-698.4705810546875
-4.22,81,52.603,18.6348,81,405000,-3.49,-459.4197998046875
1019.61,82,56.1898,50.429,82,410000,1016.09,-940.1784057617188
976.77,83,55.5119,43.3832,83,415000,1000.51,-894.4889526367188
992.5,84,55.354,39.3206,84,420000,1004.96,-949.3243408203125
-17.13,85,52.485,89.3289,85,425000,-17.62,-797.135009765625
-13.16,86,56.4524,55.2584,86,430000,-13.84,-745.5103149414062
13.46,87,54.1339,100.0678,87,435000,7.91,-842.5336303710938
981.54,88,56.0006,59.5159,88,440000,1029.55,-1044.155029296875
43.48,89,51.6031,55.4435,89,445000,40.2,-896.379150390625
570.12,90,50.6459,34.3492,90,450000,613.95,-837.598876953125
953.79,91,53.9703,54.9635,91,455000,996.01,-1055.6282958984375
479.76,92,49.3978,22.0322,92,460000,496.55,-469.9645690917969
436.76,93,50.7489,54.9578,93,465000,338.22,-966.0828247070312
1796.61,94,49.271,24.1548,94,470000,1758.62,-851.2164306640625
1790.45,95,50.4646,23.1005,95,475000,918.16,-822.6632080078125
1104.51,96,52.7581,31.2644,96,480000,1026.37,-1043.625732421875
991.43,97,56.3026,44.1614,97,485000,999.47,-1087.371337890625
992.04,98,53.9893,26.8741,98,490000,996.38,-945.9656372070312
277.51,99,52.9357,29.0465,99,495000,246.15,-1033.469482421875
48.91,100,53.6384,34.8285,100,500000,70.34,-889.34326171875
511.01,101,54.8517,42.7824,101,505000,850.14,-1131.9322509765625
25.49,102,54.7331,73.1956,102,510000,14.85,-1181.5616455078125
1048.5,103,52.9266,23.8924,103,515000,1015.55,-1072.6903076171875
1059.25,104,53.5973,25.1009,104,520000,1066.89,-759.2827758789062
910.53,105,54.2194,50.1769,105,525000,1008.58,-1055.3033447265625
538.17,106,52.6295,78.173,106,530000,958.56,-878.7037963867188
134.46,107,51.9868,29.8166,107,535000,248.76,-877.6419067382812
11.19,108,53.3859,64.3982,108,540000,-12.78,-1125.0501708984375
1011.85,109,52.8573,18.806,109,545000,1019.28,-954.0689086914062
348.81,110,51.7432,61.0614,110,550000,342.21,-1203.8382568359375
324.34,111,52.957,59.3086,111,555000,326.02,-1185.58837890625
1362.14,112,51.0651,24.0189,112,560000,1462.29,-1085.7020263671875
952.56,113,54.5342,34.1406,113,565000,1008.02,-1305.429443359375
1029.89,114,56.1552,46.4155,114,570000,1032.24,-1412.9332275390625
1032.65,115,54.6009,41.9463,115,575000,1031.12,-1353.979736328125
938.36,116,55.4817,49.0309,116,580000,992.28,-1288.952392578125
990.71,117,55.6753,43.3974,117,585000,996.67,-1362.7784423828125
987.21,118,55.1912,43.024,118,590000,1021.45,-1400.6046142578125
1003.11,119,55.8515,49.587,119,595000,1005.02,-1469.8629150390625
1033.25,120,55.6161,43.7996,120,600000,1039.28,-1442.121826171875
1031.79,121,55.8884,51.74,121,605000,1032.35,-1521.1632080078125
1038.03,122,57.4149,51.4366,122,610000,1038.76,-1529.0604248046875
1034.81,123,57.642,53.3894,123,615000,1034.44,-1547.45654296875
1049.8,124,55.6149,47.7315,124,620000,1048.22,-1564.932373046875
26.5,125,55.9773,68.5144,125,625000,19.51,-1649.4259033203125
62.32,126,50.2305,33.5989,126,630000,46.49,-965.1572265625
640.26,127,51.1955,22.6736,127,635000,812.41,-1200.68798828125
988.68,128,55.7977,32.7307,128,640000,995.46,-1559.700439453125
720.69,129,49.8976,22.1892,129,645000,1052.68,-1151.4288330078125
286.28,130,53.9092,56.5338,130,650000,203.02,-1403.9183349609375
845.02,131,53.4176,32.1917,131,655000,996.69,-1500.6578369140625
1049.23,132,56.4015,56.2064,132,660000,1051.93,-1714.5035400390625
1053.77,133,54.9864,54.9991,133,665000,1053.49,-1716.911376953125
1039.83,134,55.5887,46.6382,134,670000,1040.24,-1747.9609375
1044.89,135,55.884,62.9644,135,675000,1044.76,-1768.696533203125
947.53,136,52.2598,38.1125,136,680000,636.89,-1656.727294921875
879.67,137,50.2456,31.7651,137,685000,922.7,-1476.9022216796875
962.24,138,56.6875,54.4828,138,690000,1010.32,-1811.455078125
986.66,139,54.3358,27.3018,139,695000,987.99,-1616.59033203125
460.18,140,52.6429,33.4832,140,700000,355.81,-1407.470947265625
988.75,141,56.8501,55.1226,141,705000,988.8,-1803.11328125
1046.93,142,55.9858,47.3679,142,710000,1047.65,-1889.16162109375
268.32,143,50.1524,30.71,143,715000,311.21,-1380.7127685546875
318.64,144,50.5523,22.577,144,720000,375.94,-1264.880859375
54.47,145,53.4379,31.7304,145,725000,71.36,-1474.67138671875
120.67,146,51.5213,34.7031,146,730000,126.16,-1660.7681884765625
140.95,147,52.4337,35.9118,147,735000,159.71,-1678.1671142578125
18.7,148,51.5321,24.258,148,740000,57.83,-1485.1572265625
156.12,149,50.1958,23.3942,149,745000,147.74,-1544.991455078125
76.87,150,52.0592,34.19,150,750000,94.05,-1697.8824462890625
257.66,151,50.4945,28.8988,151,755000,290.65,-1612.153076171875
972.58,152,51.2884,45.1515,152,760000,994.43,-1927.8502197265625
1022.95,153,55.8736,41.9221,153,765000,1025.45,-2004.7581787109375
832.71,154,52.8394,25.6545,154,770000,794.06,-1836.995361328125
978.3,155,54.1341,28.9601,155,775000,978.81,-1719.8690185546875
988.82,156,57.2876,55.0704,156,780000,989.25,-2014.3704833984375
1023.69,157,55.3762,33.9227,157,785000,1032.78,-2086.696044921875
365.36,158,51.0556,47.1103,158,790000,457.23,-1764.135009765625
1018.0,159,56.7334,41.7307,159,795000,1017.2,-2072.586669921875
966.38,160,57.6794,58.8318,160,800000,985.72,-2130.388427734375
1041.18,161,56.178,37.2669,161,805000,1038.76,-1869.5093994140625
411.85,162,49.8309,21.8546,162,810000,407.72,-1452.217529296875
348.15,163,50.5291,20.9225,163,815000,412.29,-1364.9122314453125
1046.95,164,57.4389,69.5338,164,820000,1046.97,-2298.6044921875
254.87,165,50.5923,24.195,165,825000,117.25,-1610.0845947265625
343.89,166,49.5387,21.7832,166,830000,351.58,-980.63720703125
194.14,167,48.9358,17.0837,167,835000,126.13,-1370.244140625
317.56,168,49.0117,18.5206,168,840000,321.82,-1287.422119140625
988.8,169,55.9977,41.1677,169,845000,988.69,-2290.178466796875
1001.03,170,57.1165,60.6097,170,850000,1001.3,-2421.08251953125
1024.59,171,56.7319,54.5166,171,855000,1026.75,-2293.451416015625
1024.86,172,55.8312,39.5556,172,860000,1020.82,-2227.3994140625
1052.71,173,56.571,47.6424,173,865000,1048.09,-2437.4365234375
1022.43,174,56.1807,42.495,174,870000,1024.85,-2450.63916015625
1028.55,175,56.1321,36.5077,175,875000,1029.29,-2489.5302734375
1039.91,176,56.0606,40.0558,176,880000,1037.44,-2416.3525390625
1040.74,177,55.7969,41.7377,177,885000,1037.14,-2508.32275390625
1012.24,178,56.7881,49.1086,178,890000,1014.37,-2543.33154296875
1014.45,179,56.3005,42.789,179,895000,1017.12,-2550.050537109375
1018.58,180,57.5628,61.751,180,900000,1018.79,-2635.1103515625
986.96,181,56.0544,43.5716,181,905000,1017.07,-2612.57861328125
989.59,182,57.324,45.2989,182,910000,990.91,-2612.033203125
393.28,183,50.3885,20.756,183,915000,408.26,-1594.6680908203125
357.14,184,51.1711,51.5727,184,920000,361.41,-2254.5537109375
285.58,185,51.9262,26.1861,185,925000,245.32,-2111.431640625
511.38,186,51.7168,23.8183,186,930000,257.29,-2206.572998046875
993.02,187,55.6583,46.757,187,935000,998.92,-2629.439208984375
992.32,188,55.6174,34.8605,188,940000,996.07,-2626.52685546875
1007.56,189,56.7378,48.5243,189,945000,1009.49,-2718.294677734375
751.76,190,49.4483,20.9198,190,950000,1028.72,-2281.83447265625
1064.35,191,55.5985,43.7504,191,955000,1053.07,-2786.56005859375
640.91,192,52.9681,41.2617,192,960000,712.37,-2759.661376953125
529.98,193,54.3621,40.0886,193,965000,560.5,-2665.742431640625
252.92,194,50.9299,31.6194,194,970000,301.04,-2339.352294921875
209.59,195,50.9376,23.9016,195,975000,432.92,-2180.507080078125
375.71,196,50.2786,22.0279,196,980000,361.53,-1983.9010009765625
366.15,197,49.6595,17.7734,197,985000,223.11,-1304.4371337890625
386.25,198,49.5207,19.0652,198,990000,384.13,-1505.2364501953125
425.75,199,49.9341,20.0669,199,995000,365.81,-1686.9771728515625
337.64,200,50.0762,17.6619,200,1000000,345.03,-1602.2423095703125
111.68,201,51.037,24.269,201,1005000,73.81,-2404.600830078125
387.5,202,49.782,23.1598,202,1010000,388.99,-2321.59423828125
1022.77,203,57.4142,62.2641,203,1015000,1022.7,-3126.874755859375
437.67,204,51.2057,26.5752,204,1020000,421.63,-2656.436279296875
392.26,205,50.0702,23.0435,205,1025000,441.0,-2475.35302734375
709.17,206,54.1156,41.3579,206,1030000,1015.67,-3027.370849609375
263.11,207,53.9661,30.6481,207,1035000,499.08,-2860.36669921875
996.87,208,57.2791,53.6416,208,1040000,996.9,-3234.915771484375
572.31,209,55.474,46.643,209,1045000,947.46,-3106.68896484375
350.44,210,53.6946,35.9871,210,1050000,352.15,-2878.187255859375
757.1,211,53.5693,35.9012,211,1055000,897.55,-3093.44677734375
253.44,212,51.0752,30.046,212,1060000,338.55,-1585.2933349609375
332.68,213,50.4926,21.5944,213,1065000,382.36,-2247.55908203125
396.69,214,50.0632,33.6486,214,1070000,388.43,-2641.68994140625
356.38,215,50.4865,16.22,215,1075000,398.13,-1753.9873046875
994.46,216,56.8516,58.636,216,1080000,992.58,-3413.4541015625
528.89,217,49.9351,27.2316,217,1085000,593.81,-2778.655517578125
417.35,218,52.6349,40.1792,218,1090000,541.86,-3178.588623046875
870.41,219,54.4387,46.9943,219,1095000,962.98,-3424.638427734375
1025.76,220,57.7688,49.4106,220,1100000,1026.95,-3489.308837890625
1035.42,221,57.0153,49.5481,221,1105000,1035.55,-3502.7099609375
1037.33,222,56.0825,38.9345,222,1110000,1036.36,-3507.0048828125
1038.79,223,56.8134,46.7481,223,1115000,1037.34,-3523.075927734375
1026.34,224,56.9567,46.4958,224,1120000,1026.97,-3567.429443359375
1037.56,225,57.4297,67.5825,225,1125000,1037.26,-3613.164306640625
356.22,226,50.2089,27.2519,226,1130000,410.91,-2805.701416015625
379.36,227,50.2566,37.3143,227,1135000,412.78,-2807.5146484375
341.43,228,50.3604,31.9141,228,1140000,385.96,-2962.244140625
347.79,229,50.3448,30.528,229,1145000,399.66,-2851.931640625
362.62,230,50.4738,25.5717,230,1150000,340.1,-2944.271240234375
936.42,231,52.5088,33.7169,231,1155000,933.61,-3562.111572265625
555.0,232,50.1744,22.1293,232,1160000,560.63,-2562.2236328125
1039.43,233,57.9993,63.4949,233,1165000,1039.59,-3804.546630859375
350.04,234,49.636,16.4905,234,1170000,342.51,-2524.613525390625
997.63,235,57.2377,66.3992,235,1175000,998.01,-3876.786376953125
1025.22,236,57.7355,55.275,236,1180000,1025.68,-3894.466552734375
1018.32,237,57.6534,61.3274,237,1185000,1016.14,-3892.459228515625
1000.05,238,56.2983,53.6867,238,1190000,1003.08,-3938.417236328125
1032.04,239,56.8591,57.1728,239,1195000,1039.22,-3964.3095703125
1013.99,240,57.9308,48.6915,240,1200000,1013.45,-4010.9248046875
1016.96,241,57.7294,63.9914,241,1205000,1017.25,-4063.81787109375
1013.5,242,57.2764,60.4217,242,1210000,1013.97,-4093.998046875
1042.32,243,56.6181,57.2519,243,1215000,1041.49,-4101.31396484375
1010.92,244,57.6488,65.9259,244,1220000,1010.98,-4153.533203125
1010.58,245,56.8881,60.0671,245,1225000,1012.16,-4174.34423828125
998.73,246,57.0977,59.5239,246,1230000,999.57,-4185.82568359375
966.3,247,56.2934,48.159,247,1235000,1017.53,-4212.1884765625
1018.34,248,57.2262,61.8429,248,1240000,1018.12,-4266.42578125
1011.46,249,57.3605,62.3285,249,1245000,1011.55,-4288.3125
334.27,250,49.2974,15.9357,250,1250000,375.98,-3190.53173828125
382.96,251,49.1201,14.979,251,1255000,385.45,-2717.192138671875
337.84,252,50.2988,17.8906,252,1260000,354.3,-2367.3623046875
373.51,253,49.72,15.5476,253,1265000,398.08,-2655.603515625
732.27,254,51.0611,24.55,254,1270000,979.69,-3822.543212890625
350.95,255,50.3074,33.8596,255,1275000,350.34,-3497.727294921875
400.37,256,49.4759,15.6668,256,1280000,509.05,-2968.701416015625
354.63,257,50.0331,16.6168,257,1285000,356.32,-2978.68017578125
370.31,258,49.4437,15.4645,258,1290000,364.02,-3199.0205078125
377.7,259,50.355,19.3443,259,1295000,382.7,-3534.490234375
331.77,260,50.9563,22.9145,260,1300000,333.57,-3285.629150390625
364.47,261,51.0482,18.1158,261,1305000,362.3,-3512.060546875
320.36,262,49.8957,16.8781,262,1310000,324.34,-3169.51318359375
317.71,263,49.9793,15.2262,263,1315000,348.43,-3253.29931640625
356.69,264,50.8836,20.9764,264,1320000,351.47,-3285.84521484375
308.02,265,51.6128,21.0171,265,1325000,360.12,-3518.244384765625
485.66,266,50.3,21.3926,266,1330000,607.08,-3621.7197265625
348.13,267,49.5715,15.539,267,1335000,348.83,-3331.29638671875
342.2,268,50.0255,15.8394,268,1340000,349.15,-3098.4765625
383.91,269,52.1318,26.4646,269,1345000,378.01,-4092.42333984375
332.63,270,51.8124,21.0077,270,1350000,361.02,-3364.9150390625
366.75,271,50.2484,23.2176,271,1355000,383.5,-3804.1552734375
318.77,272,51.3192,17.8236,272,1360000,340.99,-3603.275146484375
356.1,273,50.8189,37.401,273,1365000,357.7,-4256.1240234375
355.83,274,51.4721,24.7422,274,1370000,359.93,-4084.012451171875
365.32,275,49.8905,15.115,275,1375000,363.11,-3487.813232421875
561.83,276,50.2236,15.7521,276,1380000,436.31,-3537.13525390625
431.94,277,50.2323,16.1903,277,1385000,667.41,-3372.005859375
409.22,278,50.4671,15.9231,278,1390000,443.75,-3708.640625
420.99,279,50.5954,17.0026,279,1395000,479.11,-3479.69970703125
388.71,280,50.4434,16.0863,280,1400000,483.21,-3282.602783203125
383.55,281,50.0491,16.243,281,1405000,437.89,-3044.791015625
330.91,282,50.4941,17.8342,282,1410000,394.06,-2946.802001953125
340.98,283,50.2918,18.2948,283,1415000,383.15,-2992.7744140625
407.96,284,50.0393,16.1963,284,1420000,1034.35,-3440.140625
477.01,285,50.2346,15.8544,285,1425000,1028.72,-4118.61474609375
447.71,286,50.5401,19.5283,286,1430000,1026.3,-4382.79345703125
321.28,287,51.0577,13.8237,287,1435000,1031.68,-3967.846435546875
379.12,288,50.0512,16.9457,288,1440000,427.47,-3826.64453125
418.95,289,50.5731,16.4796,289,1445000,830.55,-4129.36474609375
354.09,290,50.1657,17.5593,290,1450000,386.32,-4082.0771484375
396.7,291,49.4601,15.8623,291,1455000,391.0,-3931.597900390625
284.38,292,51.8571,19.4305,292,1460000,303.9,-3627.31005859375
270.4,293,50.8045,16.435,293,1465000,329.83,-3828.423583984375
315.1,294,51.011,23.8381,294,1470000,346.43,-4798.2744140625
255.61,295,50.5924,15.8494,295,1475000,275.01,-4049.96728515625
327.44,296,50.4462,34.7807,296,1480000,295.24,-5093.65576171875
312.69,297,50.4287,16.9591,297,1485000,307.01,-4221.48388671875
343.72,298,50.1684,19.4646,298,1490000,317.95,-4567.28955078125
331.94,299,50.2713,15.6031,299,1495000,344.28,-4717.162109375
271.21,300,50.7757,15.7769,300,1500000,296.79,-4746.32861328125
378.07,301,50.9434,25.4389,301,1505000,389.82,-5273.26904296875
330.87,302,50.4847,17.1869,302,1510000,328.19,-4710.5634765625
308.25,303,49.8459,16.2386,303,1515000,344.38,-5004.37841796875
329.24,304,50.2464,31.4065,304,1520000,419.75,-5568.9228515625
335.19,305,50.6877,23.7775,305,1525000,444.45,-5407.62109375
304.11,306,50.8307,18.071,306,1530000,320.04,-4417.99365234375
325.05,307,50.6281,18.3442,307,1535000,376.22,-4964.4560546875
493.73,308,50.4732,17.118,308,1540000,686.15,-4422.71044921875
361.73,309,50.4628,20.019,309,1545000,474.63,-5116.07861328125
349.82,310,50.7779,21.428,310,1550000,473.13,-5541.06591796875
355.23,311,50.8507,16.5262,311,1555000,534.89,-4951.25537109375
361.52,312,50.7222,17.2968,312,1560000,583.17,-4497.27294921875
315.21,313,50.8264,16.3457,313,1565000,426.99,-4917.39013671875
304.15,314,50.7613,28.0391,314,1570000,289.89,-5820.57275390625
307.15,315,49.5401,19.1291,315,1575000,350.91,-5070.08447265625
393.86,316,50.1814,30.2988,316,1580000,416.96,-5897.23974609375
293.74,317,50.4896,18.5922,317,1585000,253.95,-5074.93505859375
327.55,318,50.7423,18.597,318,1590000,276.02,-5257.06982421875
411.3,319,50.0641,31.8057,319,1595000,781.45,-5979.3369140625
383.11,320,49.6221,19.3627,320,1600000,391.47,-5341.9384765625
315.19,321,49.5606,20.6003,321,1605000,137.92,-5672.51171875
480.91,322,50.0325,22.6287,322,1610000,582.01,-5679.05078125
378.6,323,50.2394,18.5676,323,1615000,505.54,-5496.92236328125
225.03,324,49.283,19.8654,324,1620000,187.2,-5788.8955078125
306.43,325,49.9551,20.4701,325,1625000,328.04,-5888.947265625
258.09,326,50.5315,19.3278,326,1630000,216.2,-5974.548828125
371.27,327,49.6614,18.362,327,1635000,228.51,-5734.576171875
361.04,328,50.1251,20.6484,328,1640000,396.84,-5919.9501953125
299.58,329,49.5152,21.5597,329,1645000,351.29,-5834.40625
304.24,330,50.2229,19.469,330,1650000,346.07,-6101.7001953125
302.21,331,49.8226,19.9015,331,1655000,368.19,-6391.59619140625
353.31,332,50.7675,18.9253,332,1660000,406.61,-6494.34716796875
-9.0,333,58.3527,185.6993,333,1665000,-9.02,-6505.28271484375
37.1,334,53.7931,43.8424,334,1670000,15.02,-6167.421875
0.19,335,55.6794,87.5901,335,1675000,0.2,-6854.95166015625
8.13,336,51.854,45.3668,336,1680000,7.93,-6124.93896484375
-20.39,337,55.0692,132.6326,337,1685000,-20.75,-6547.32861328125
0.43,338,56.1491,216.7275,338,1690000,0.43,-6869.71875
8.13,339,55.9872,199.4269,339,1695000,8.02,-6766.84619140625
2.43,340,55.2366,29.4692,340,1700000,-1.84,-7035.85107421875
463.78,341,50.9466,37.3407,341,1705000,533.42,-6944.31494140625
124.66,342,54.9469,40.3856,342,1710000,172.58,-7124.1884765625
286.75,343,54.7362,77.7575,343,1715000,303.29,-6639.744140625
308.85,344,50.8894,35.444,344,1720000,306.77,-6355.4912109375
727.46,345,53.1043,52.1753,345,1725000,672.39,-6869.1435546875
348.21,346,51.6454,51.7329,346,1730000,376.82,-6670.55712890625
262.86,347,52.4424,62.6168,347,1735000,237.02,-7013.8662109375
197.23,348,50.9234,35.1177,348,1740000,150.73,-6779.435546875
150.84,349,53.1578,20.2794,349,1745000,212.66,-6432.904296875
687.54,350,54.5712,42.1362,350,1750000,588.99,-7052.64501953125
529.88,351,49.4833,36.2109,351,1755000,511.93,-6440.6416015625
913.12,352,50.6033,57.4264,352,1760000,931.52,-6483.6044921875
181.63,353,51.5972,33.8695,353,1765000,192.17,-6818.80908203125
187.11,354,53.7786,73.9148,354,1770000,190.13,-6955.9375
502.38,355,54.3935,68.7418,355,1775000,467.13,-7084.7744140625
998.71,356,56.8364,77.4494,356,1780000,998.47,-7038.81982421875
1001.31,357,56.8815,72.1582,357,1785000,1043.22,-6999.220703125
180.32,358,51.9445,19.9081,358,1790000,87.37,-6898.4619140625
228.9,359,52.1733,60.7006,359,1795000,92.77,-7033.52294921875
1038.59,360,56.1652,66.8667,360,1800000,972.62,-7021.7802734375
310.87,361,51.9773,63.0065,361,1805000,305.39,-6544.3505859375
932.13,362,55.7176,48.1724,362,1810000,974.43,-6865.22802734375
76.67,363,50.7082,38.5045,363,1815000,63.41,-7097.5673828125
93.1,364,53.6414,82.5239,364,1820000,90.3,-7237.0361328125
253.16,365,51.7482,110.3295,365,1825000,267.79,-7314.90966796875
921.38,366,53.5661,60.3783,366,1830000,928.19,-7255.662109375
419.9,367,55.7595,95.8724,367,1835000,291.43,-7699.74462890625
972.36,368,54.6947,48.4741,368,1840000,1029.29,-7039.7783203125
456.82,369,50.8194,103.8417,369,1845000,477.04,-7353.30322265625
15.01,370,60.6737,132.7892,370,1850000,14.34,-7583.4873046875
419.31,371,53.3693,80.1594,371,1855000,537.44,-7490.2470703125
78.38,372,52.6724,52.0578,372,1860000,91.34,-7389.32666015625
112.01,373,52.4753,55.1707,373,1865000,98.94,-7392.81201171875
1047.99,374,56.9825,77.0458,374,1870000,1047.81,-7404.83349609375
997.32,375,55.6149,63.4145,375,1875000,999.05,-7510.1328125
1009.44,376,56.4564,59.203,376,1880000,1008.82,-7533.79248046875
1004.07,377,57.2313,65.1324,377,1885000,1004.7,-7582.04150390625
1001.67,378,57.0487,61.2006,378,1890000,1003.6,-7605.34130859375
1006.87,379,56.8941,60.8728,379,1895000,1007.84,-7624.09716796875
1013.86,380,56.1227,59.689,380,1900000,1014.31,-7651.2685546875
1031.55,381,56.7847,67.0174,381,1905000,1031.52,-7631.6845703125
1026.38,382,56.1015,68.9552,382,1910000,1027.63,-7681.66650390625
1010.04,383,56.5929,65.2239,383,1915000,1013.49,-7721.85107421875
171.22,384,52.0595,47.4497,384,1920000,131.21,-8394.1162109375
57.06,385,51.2531,44.0722,385,1925000,63.59,-7649.85009765625
-1.62,386,50.7238,45.8354,386,1930000,-2.91,-7726.39306640625
378.52,387,55.2476,59.859,387,1935000,484.47,-8148.85693359375
944.19,388,57.1824,57.609,388,1940000,992.53,-7904.07275390625
995.97,389,57.9824,60.1887,389,1945000,997.09,-7876.53662109375
1006.68,390,57.9552,60.4665,390,1950000,1008.03,-7849.11767578125
980.52,391,57.2319,57.6128,391,1955000,995.78,-7572.47021484375
333.14,392,51.3861,43.5373,392,1960000,394.24,-7998.38623046875
947.41,393,52.0815,45.6898,393,1965000,992.48,-7845.11572265625
642.09,394,54.8278,84.0814,394,1970000,361.8,-8112.97314453125
398.27,395,53.5115,76.1774,395,1975000,383.98,-7844.85888671875
-0.94,396,54.8007,58.8497,396,1980000,-0.26,-8495.11328125
230.1,397,56.3346,86.5596,397,1985000,230.76,-8760.65625
150.84,398,50.0035,70.8644,398,1990000,371.27,-7807.36572265625
361.9,399,52.0964,84.6219,399,1995000,364.18,-7909.71484375
295.03,400,50.5518,85.4898,400,2000000,273.62,-7916.77490234375
299.6,401,51.2776,80.298,401,2005000,320.49,-8009.57763671875
337.43,402,52.4796,46.1755,402,2010000,341.78,-8223.21875
307.27,403,50.3239,43.9685,403,2015000,319.13,-8107.060546875
1026.19,404,55.3001,59.1525,404,2020000,1030.85,-8096.888671875
950.67,405,54.9321,58.7479,405,2025000,943.84,-8083.7353515625
56.36,406,55.6833,151.2425,406,2030000,55.95,-8759.888671875
318.5,407,51.3484,66.2113,407,2035000,249.86,-8782.2548828125
52.3,408,51.4767,50.1017,408,2040000,52.55,-8502.224609375
299.91,409,51.085,39.2345,409,2045000,71.49,-8582.994140625
451.6,410,52.9174,26.8542,410,2050000,270.07,-8331.2841796875
503.24,411,51.9957,42.1019,411,2055000,884.29,-8603.55078125
632.69,412,53.8543,47.8697,412,2060000,701.54,-8793.3154296875
1031.33,413,56.2775,50.6078,413,2065000,1031.59,-8243.0986328125
1041.09,414,56.3785,53.3526,414,2070000,1042.68,-8209.4326171875
278.65,415,53.513,37.6353,415,2075000,192.52,-8372.375
887.97,416,56.2772,47.1165,416,2080000,974.36,-8347.310546875
857.52,417,53.4683,34.8908,417,2085000,897.71,-8386.126953125
211.5,418,49.4491,27.9096,418,2090000,210.97,-8133.32666015625
1013.01,419,56.3191,54.2918,419,2095000,1004.43,-8272.154296875
8.57,420,55.1297,62.4987,420,2100000,5.12,-8833.818359375
526.78,421,51.5366,33.7818,421,2105000,488.42,-7896.12744140625
363.79,422,49.7064,38.1339,422,2110000,374.25,-7940.2294921875
263.04,423,51.0968,48.3572,423,2115000,270.21,-7968.427734375
628.72,424,49.7248,89.9213,424,2120000,526.72,-8347.4296875
235.12,425,57.0692,79.8297,425,2125000,251.27,-9353.998046875
-4.46,426,56.6788,80.6809,426,2130000,0.35,-9028.2333984375
1013.83,427,56.6589,41.1624,427,2135000,1014.92,-8377.5087890625
1030.9,428,55.6032,36.9013,428,2140000,1032.39,-8339.587890625
727.19,429,52.4864,56.0051,429,2145000,858.2,-8164.8720703125
1015.43,430,54.3157,28.2422,430,2150000,1015.87,-8399.412109375
226.23,431,53.212,46.3844,431,2155000,494.46,-8927.46484375
254.66,432,51.624,30.7872,432,2160000,349.86,-8788.1552734375
124.33,433,56.4777,99.813,433,2165000,127.8,-9647.8046875
458.76,434,54.8228,48.1032,434,2170000,990.74,-8875.5185546875
9.47,435,55.6583,96.2657,435,2175000,10.72,-9875.26171875
57.33,436,55.0371,75.4551,436,2180000,6.38,-9535.59375
23.34,437,57.8844,78.0308,437,2185000,22.61,-8939.1767578125
222.17,438,53.883,53.2239,438,2190000,204.58,-9194.4228515625
293.22,439,53.9661,42.0965,439,2195000,304.29,-9044.0888671875
322.89,440,50.6261,28.6557,440,2200000,343.65,-9125.7509765625
1004.74,441,57.5333,53.2717,441,2205000,1007.62,-8632.90625
1013.31,442,57.2175,55.3794,442,2210000,1015.19,-8689.62890625
585.27,443,51.9295,39.2381,443,2215000,928.19,-8886.3349609375
1032.25,444,56.831,55.5786,444,2220000,1032.31,-8741.2275390625
1019.75,445,56.8833,54.2102,445,2225000,1020.68,-8777.0693359375
1014.01,446,57.3401,55.539,446,2230000,1015.67,-8766.837890625
1015.06,447,56.19,55.5806,447,2235000,1015.42,-8769.0205078125
993.63,448,57.1221,46.844,448,2240000,993.19,-8691.6044921875
-3.87,449,52.1073,51.5837,449,2245000,-4.12,-9608.9482421875
316.85,450,50.9061,29.6407,450,2250000,314.56,-8530.6240234375
313.19,451,50.2084,51.5017,451,2255000,384.04,-8938.919921875
-5.04,452,60.5564,147.4794,452,2260000,-5.02,-10184.353515625
487.1,453,52.7138,52.3813,453,2265000,530.6,-8451.177734375
106.91,454,50.9512,33.9994,454,2270000,107.7,-9454.0341796875
385.37,455,54.9687,41.8442,455,2275000,375.14,-8623.54296875
281.32,456,53.0706,37.5201,456,2280000,307.93,-8580.5166015625
328.57,457,49.7278,21.6202,457,2285000,336.63,-8409.2880859375
252.45,458,50.8053,54.1941,458,2290000,250.96,-9408.2158203125
219.25,459,51.5167,54.0858,459,2295000,253.3,-9265.48046875
832.72,460,56.1529,44.9526,460,2300000,1004.5,-8811.986328125
1002.22,461,57.1236,48.8392,461,2305000,1005.67,-8788.888671875
1013.05,462,56.4423,43.4652,462,2310000,1019.44,-8747.365234375
1014.29,463,56.305,40.9734,463,2315000,1021.02,-8687.78515625
1011.33,464,56.3267,47.3316,464,2320000,1011.34,-8948.4345703125
1011.93,465,57.8476,54.3743,465,2325000,1012.51,-9041.5546875
1001.57,466,57.2696,45.8983,466,2330000,1003.93,-8886.0283203125
675.77,467,56.7086,56.4084,467,2335000,995.08,-9315.5078125
371.22,468,53.83,53.8531,468,2340000,379.47,-8738.00390625
349.12,469,51.3608,42.8399,469,2345000,365.25,-8311.3115234375
534.4,470,52.1521,65.356,470,2350000,519.58,-9029.16796875
823.98,471,55.6086,56.3945,471,2355000,884.29,-9192.81640625
1011.31,472,58.4041,59.0956,472,2360000,1011.39,-9152.296875
1019.46,473,57.4197,63.2118,473,2365000,1019.71,-9128.6015625
103.96,474,51.8481,40.7166,474,2370000,112.23,-9130.375
1018.97,475,57.8128,53.8122,475,2375000,1020.43,-9026.712890625
145.05,476,54.9493,58.1979,476,2380000,167.4,-10135.263671875
1005.68,477,56.4598,44.5086,477,2385000,1009.39,-8598.29296875
1006.12,478,56.0575,39.1396,478,2390000,1010.53,-8777.7001953125
272.72,479,54.4571,35.6098,479,2395000,319.76,-9355.65234375
349.98,480,51.8439,37.0893,480,2400000,80.32,-9312.8095703125
1025.77,481,56.3927,56.7306,481,2405000,1026.18,-9150.9150390625
1034.41,482,56.3407,55.9562,482,2410000,1030.92,-9195.1728515625
615.46,483,51.6275,46.8608,483,2415000,633.61,-9222.6328125
995.64,484,56.1094,46.629,484,2420000,996.87,-9185.9912109375
661.25,485,50.8581,35.423,485,2425000,661.12,-8811.0
1033.94,486,56.7422,64.5017,486,2430000,1034.04,-9210.978515625
1043.31,487,56.8729,57.1939,487,2435000,1043.53,-9218.490234375
1011.56,488,56.6739,59.5966,488,2440000,1012.76,-9270.484375
864.06,489,53.3651,37.0828,489,2445000,901.89,-9540.4482421875
993.27,490,56.8293,60.7877,490,2450000,1029.2,-9285.1962890625
1032.2,491,57.5696,64.4091,491,2455000,1032.34,-9300.9990234375
1023.6,492,56.1095,66.1699,492,2460000,1023.2,-9276.8583984375
1017.29,493,58.3378,71.1542,493,2465000,1017.41,-9375.4248046875
1019.31,494,57.9478,72.2346,494,2470000,1020.15,-9382.7890625
1012.65,495,57.5661,76.3081,495,2475000,1012.71,-9412.576171875
1015.11,496,57.2035,65.7836,496,2480000,1015.6,-9406.2841796875
1020.76,497,58.1668,70.1338,497,2485000,1020.85,-9433.748046875
1012.77,498,57.0051,67.7321,498,2490000,1013.61,-9459.2275390625
1001.21,499,55.8289,43.9478,499,2495000,994.95,-9370.0283203125
1026.09,500,57.1699,50.9677,500,2500000,1020.36,-8986.9775390625
1016.11,501,57.1239,61.8929,501,2505000,1016.37,-9351.927734375
996.67,502,57.711,53.9234,502,2510000,1006.42,-9348.8837890625
1009.16,503,57.3652,57.9085,503,2515000,1009.64,-9486.7294921875
677.83,504,54.9166,46.1733,504,2520000,439.29,-9708.275390625
1005.72,505,58.3651,71.897,505,2525000,1005.83,-9556.33984375
1007.1,506,57.9476,67.7578,506,2530000,998.86,-9521.142578125
993.69,507,57.5436,62.8005,507,2535000,993.94,-9565.6318359375
1002.25,508,57.5718,65.8643,508,2540000,1002.52,-9601.98828125
819.14,509,56.8895,63.836,509,2545000,868.67,-9605.1025390625
994.84,510,57.1836,51.833,510,2550000,998.57,-9256.345703125
224.56,511,53.5082,58.7542,511,2555000,196.48,-9332.9912109375
0.54,512,55.2471,96.8019,512,2560000,0.92,-9301.3955078125
125.77,513,52.0712,85.6,513,2565000,51.39,-9377.9873046875
415.22,514,51.8583,74.7015,514,2570000,413.68,-8931.5283203125
1041.83,515,58.1336,58.0952,515,2575000,1041.45,-9547.205078125
1023.67,516,57.8336,56.1968,516,2580000,1023.65,-9607.5908203125
1036.32,517,57.3123,53.137,517,2585000,1035.84,-9588.4375
1037.77,518,56.3507,44.6142,518,2590000,1059.7,-9353.24609375
-6.92,519,58.555,103.5462,519,2595000,-6.74,-11112.517578125
30.67,520,56.0706,94.027,520,2600000,46.09,-10969.689453125
5.41,521,56.8798,100.4421,521,2605000,5.89,-11165.701171875
24.24,522,57.267,86.6161,522,2610000,17.47,-11029.728515625
3.94,523,56.3824,60.5341,523,2615000,2.63,-10837.5751953125
-2.1,524,55.2017,75.4689,524,2620000,-7.66,-11051.4638671875
58.58,525,53.64,70.8351,525,2625000,45.84,-10911.095703125
127.89,526,52.3833,61.2746,526,2630000,96.03,-10727.5966796875
242.35,527,51.3675,47.1896,527,2635000,237.78,-10479.0947265625
258.68,528,50.6174,33.0695,528,2640000,266.44,-9995.1982421875
219.02,529,51.2712,69.7409,529,2645000,266.49,-9744.8076171875
269.74,530,52.5791,73.5225,530,2650000,280.31,-10076.3623046875
208.07,531,53.0523,63.0892,531,2655000,228.39,-10555.6484375
180.71,532,53.6385,70.0157,532,2660000,475.2,-10568.421875
192.97,533,52.5067,58.411,533,2665000,151.25,-10570.30078125
273.37,534,50.139,35.4697,534,2670000,303.86,-9148.5419921875
274.14,535,52.1571,48.8223,535,2675000,328.04,-9753.8232421875
318.12,536,51.383,41.5154,536,2680000,352.85,-8960.791015625
311.54,537,50.6166,21.843,537,2685000,652.05,-9530.3544921875
264.63,538,50.4257,25.3426,538,2690000,555.34,-8221.1865234375
256.14,539,51.4643,63.6364,539,2695000,176.79,-9104.7607421875
254.31,540,49.8889,69.182,540,2700000,442.28,-8979.828125
344.57,541,50.6264,50.5595,541,2705000,355.96,-8996.98046875
375.97,542,49.0597,25.1198,542,2710000,385.44,-7974.71826171875
365.89,543,50.0813,51.0499,543,2715000,378.98,-9827.3125
326.42,544,49.7307,46.893,544,2720000,379.63,-8859.23046875
-29.47,545,55.622,89.37,545,2725000,-27.87,-11052.8310546875
44.14,546,56.5922,93.7269,546,2730000,41.04,-11245.4111328125
51.58,547,56.9892,90.0788,547,2735000,48.09,-11282.517578125
1022.43,548,56.7512,59.186,548,2740000,1022.95,-9781.9619140625
1027.72,549,56.1458,55.8147,549,2745000,1025.86,-9701.921875
1042.43,550,55.7287,42.6974,550,2750000,1045.15,-9630.0244140625
1026.46,551,55.3404,47.2109,551,2755000,1025.14,-9530.033203125
941.26,552,55.7764,56.2011,552,2760000,1021.13,-9804.5947265625
52.19,553,56.6447,242.6628,553,2765000,56.77,-10460.2392578125
56.65,554,55.8364,57.6667,554,2770000,66.13,-10622.1259765625
220.11,555,54.7986,69.7208,555,2775000,236.02,-10997.4755859375
1014.58,556,56.9519,53.6078,556,2780000,1013.17,-9449.275390625
998.21,557,52.9631,38.0562,557,2785000,1050.77,-9336.0478515625
930.15,558,52.9732,42.5351,558,2790000,1042.57,-9658.2021484375
1046.99,559,57.2246,56.7718,559,2795000,1047.22,-9789.451171875
1002.32,560,54.957,53.7704,560,2800000,983.21,-9848.6044921875
1014.45,561,56.6925,61.3196,561,2805000,1014.72,-9885.4775390625
1020.95,562,56.0075,62.5714,562,2810000,1021.46,-9871.71875
1024.66,563,55.8908,59.2901,563,2815000,1025.24,-9857.4658203125
1002.05,564,55.7976,37.8842,564,2820000,1004.19,-9807.951171875
999.15,565,55.5596,49.8734,565,2825000,995.07,-9824.7041015625
1007.47,566,55.7251,39.2225,566,2830000,1010.72,-9771.1943359375
991.59,567,55.4147,34.5852,567,2835000,995.56,-9196.806640625
1001.12,568,56.8915,52.0927,568,2840000,1001.66,-9858.7421875
206.0,569,56.8793,98.2026,569,2845000,209.11,-11336.3212890625
1031.32,570,56.8105,54.5626,570,2850000,1042.39,-9913.7021484375
460.46,571,53.1258,40.7939,571,2855000,503.3,-10044.0517578125
246.64,572,54.3665,86.1939,572,2860000,239.35,-11414.46484375
257.6,573,51.9543,94.8646,573,2865000,311.83,-9186.7138671875
1005.37,574,55.7554,35.2731,574,2870000,1009.95,-8853.568359375
1032.33,575,55.7366,36.1368,575,2875000,1032.05,-8600.8310546875
1001.57,576,56.0575,37.8429,576,2880000,1003.43,-8779.4755859375
990.41,577,56.4232,51.8977,577,2885000,993.46,-9739.7080078125
1016.05,578,56.8104,70.4584,578,2890000,1016.8,-9969.140625
1046.58,579,56.1719,48.6214,579,2895000,1049.82,-9557.71484375
1000.26,580,55.839,44.0266,580,2900000,1003.46,-9402.6171875
997.41,581,55.1631,38.1734,581,2905000,1003.23,-9205.23046875
999.19,582,55.1996,46.4508,582,2910000,1000.72,-9414.8388671875
1056.47,583,52.476,34.0573,583,2915000,1084.76,-9225.4765625
590.42,584,51.2562,64.1015,584,2920000,706.75,-10481.3154296875
86.76,585,56.8086,109.9142,585,2925000,120.06,-12189.3271484375
325.41,586,50.3199,81.0058,586,2930000,358.92,-9935.1669921875
97.75,587,55.3648,162.331,587,2935000,100.89,-12204.076171875
1.21,588,57.1668,118.1201,588,2940000,0.85,-12463.619140625
26.17,589,53.0661,81.5876,589,2945000,28.42,-11231.880859375
74.36,590,53.9046,66.9261,590,2950000,76.04,-10431.443359375
375.85,591,50.5128,71.6063,591,2955000,396.6,-9630.830078125
302.57,592,50.3258,67.5892,592,2960000,393.93,-10281.2744140625
967.5,593,56.4356,53.7933,593,2965000,993.97,-10082.7177734375
359.25,594,54.6518,59.7618,594,2970000,355.59,-11251.474609375
288.25,595,53.6153,83.2483,595,2975000,682.58,-10955.431640625
-6.0,596,59.295,108.9533,596,2980000,-6.22,-11658.9111328125
27.93,597,54.954,101.078,597,2985000,27.25,-11826.08203125
72.09,598,53.3169,53.344,598,2990000,69.1,-11055.6884765625
1032.02,599,56.7602,44.5193,599,2995000,1032.92,-10039.548828125
1037.16,600,55.6671,35.6251,600,3000000,1029.83,-9475.9150390625
-7.77,601,57.4732,100.5082,601,3005000,-7.76,-11774.2119140625
992.77,602,56.049,41.252,602,3010000,1001.81,-9560.05859375
1004.38,603,56.6755,45.8188,603,3015000,1009.81,-9729.830078125
1014.17,604,55.7536,36.3894,604,3020000,1017.56,-9737.5927734375
1029.54,605,56.5749,49.1676,605,3025000,1029.68,-9859.9638671875
1033.15,606,56.7205,49.8288,606,3030000,1033.73,-10124.83984375
1043.35,607,55.8138,49.8132,607,3035000,1043.2,-10090.4931640625
1037.01,608,56.4255,47.8806,608,3040000,1036.44,-10063.82421875
1034.71,609,56.2025,54.253,609,3045000,1034.07,-10155.783203125
14.89,610,52.4225,46.2642,610,3050000,14.34,-11250.7158203125
262.34,611,51.8914,27.9128,611,3055000,459.99,-10865.447265625
79.55,612,56.1094,73.4278,612,3060000,82.18,-10783.9755859375
1029.84,613,55.1834,34.908,613,3065000,1028.43,-9552.779296875
1036.87,614,55.2235,37.0022,614,3070000,1021.05,-9536.2021484375
1035.98,615,54.7737,31.9497,615,3075000,1026.08,-9435.1142578125
1033.89,616,54.5436,28.1482,616,3080000,1020.37,-9213.8427734375
1056.41,617,54.9158,34.7586,617,3085000,1030.95,-9519.732421875
660.79,618,49.9781,30.0333,618,3090000,739.71,-9586.3203125
1051.71,619,53.8876,29.6638,619,3095000,1045.39,-9841.205078125
1053.94,620,53.749,25.6242,620,3100000,1037.78,-9622.87109375
1059.28,621,53.2995,22.3733,621,3105000,1046.53,-9530.4287109375
1016.19,622,51.5232,21.7354,622,3110000,1045.67,-9275.46875
1046.05,623,51.4893,22.2695,623,3115000,1041.57,-9126.46484375
966.65,624,50.7758,25.4274,624,3120000,1044.29,-9113.1435546875
1003.55,625,51.1128,24.8537,625,3125000,1043.42,-8995.8134765625
1069.67,626,53.9039,27.3022,626,3130000,1039.33,-9223.6513671875
1058.15,627,51.8609,23.8362,627,3135000,1036.72,-8828.9931640625
1120.84,628,53.4487,27.332,628,3140000,1097.79,-8920.2685546875
1055.87,629,52.2772,22.8559,629,3145000,1091.38,-8964.591796875
850.57,630,50.8968,26.3483,630,3150000,1076.12,-9116.2783203125
605.5,631,50.9167,47.3564,631,3155000,1045.5,-9026.46875
462.42,632,51.1708,48.1367,632,3160000,411.96,-9439.431640625
500.12,633,50.375,29.5595,633,3165000,541.93,-9086.9140625
720.19,634,50.5822,20.4486,634,3170000,1053.29,-9014.5615234375
729.1,635,50.3506,17.8368,635,3175000,858.36,-9016.431640625
928.71,636,50.2032,21.2011,636,3180000,1193.58,-8922.2822265625
418.82,637,49.7636,15.3446,637,3185000,371.0,-9722.4560546875
1123.98,638,52.9446,26.5462,638,3190000,1070.77,-9091.1689453125
915.6,639,51.8444,34.005,639,3195000,867.41,-9992.259765625
19.89,640,54.4813,68.5768,640,3200000,4.11,-11811.6884765625
44.96,641,56.3223,37.5817,641,3205000,45.0,-13051.28515625
102.5,642,55.9272,106.7608,642,3210000,50.63,-13539.73046875
1024.23,643,56.6935,49.1937,643,3215000,1025.25,-10307.1279296875
1024.09,644,56.5228,46.3751,644,3220000,1025.1,-10293.369140625
1027.9,645,56.3067,48.088,645,3225000,1028.55,-10355.8837890625
1026.07,646,56.1119,51.6442,646,3230000,1027.11,-10389.0009765625
1050.75,647,54.8092,35.464,647,3235000,1043.18,-9739.5078125
1049.14,648,56.744,53.577,648,3240000,1044.78,-10282.2001953125
1041.27,649,57.4817,51.4284,649,3245000,1041.9,-10420.515625
52.26,650,53.6744,88.4416,650,3250000,51.31,-11793.14453125
189.21,651,50.3907,29.8557,651,3255000,382.79,-10591.99609375
162.42,652,51.8225,40.908,652,3260000,994.71,-11523.3994140625
912.31,653,53.7218,37.5351,653,3265000,1054.52,-10454.1552734375
665.19,654,53.0621,42.1887,654,3270000,496.8,-10088.998046875
997.52,655,53.4514,28.3629,655,3275000,1056.58,-9549.455078125
659.82,656,52.1525,44.2921,656,3280000,1086.15,-10666.23828125
1018.28,657,52.6011,24.2628,657,3285000,1032.93,-9475.2216796875
1029.66,658,52.5676,22.1868,658,3290000,1028.62,-9377.4267578125
959.5,659,50.5642,26.3883,659,3295000,1028.11,-9209.677734375
730.53,660,51.3958,30.3855,660,3300000,959.66,-10028.8505859375
779.84,661,51.2682,41.2073,661,3305000,817.74,-10725.517578125
841.03,662,51.955,18.9135,662,3310000,1033.66,-9704.7216796875
915.48,663,52.2185,21.8624,663,3315000,1055.7,-10148.3076171875
851.6,664,51.7322,16.9768,664,3320000,943.56,-9706.802734375
525.05,665,51.4039,24.3726,665,3325000,1028.83,-10607.455078125
438.21,666,51.6436,27.3174,666,3330000,117.86,-10629.5849609375
860.69,667,51.8746,20.5739,667,3335000,1057.17,-9652.9091796875
799.08,668,51.8837,23.4049,668,3340000,1107.12,-9790.33203125
827.28,669,52.2102,28.0979,669,3345000,1169.21,-10174.552734375
1072.11,670,53.5649,26.7308,670,3350000,1027.11,-9540.2236328125
1047.84,671,54.2249,27.0428,671,3355000,1021.9,-9928.46484375
988.55,672,51.5917,30.7863,672,3360000,1029.26,-10040.69921875
1032.94,673,56.2449,63.4116,673,3365000,1032.41,-10581.884765625
1041.34,674,55.41,47.0385,674,3370000,1039.4,-10512.4306640625
1044.34,675,55.1806,39.8073,675,3375000,1046.73,-10489.80859375
624.63,676,51.7488,41.5306,676,3380000,1047.04,-11177.703125
1036.13,677,54.1322,40.5592,677,3385000,1039.37,-10523.814453125
1030.83,678,55.4597,41.1959,678,3390000,1031.27,-10580.0185546875
1039.54,679,55.9893,43.7687,679,3395000,1039.0,-10559.3388671875
1026.34,680,55.5783,40.4454,680,3400000,1009.29,-10329.8310546875
596.04,681,54.6913,45.961,681,3405000,284.74,-10897.0302734375
247.22,682,51.6432,31.5604,682,3410000,176.29,-11609.6015625
241.21,683,52.9979,38.9995,683,3415000,299.25,-11729.138671875
640.0,684,54.1823,56.8031,684,3420000,1006.52,-10630.52734375
992.93,685,56.3824,37.1732,685,3425000,993.91,-10587.4873046875
946.97,686,55.2998,31.8777,686,3430000,998.5,-10280.359375
1051.28,687,54.3826,26.5129,687,3435000,1044.4,-10424.85546875
959.98,688,55.7643,48.3658,688,3440000,1006.58,-10622.5126953125
1008.61,689,54.1788,28.2693,689,3445000,1007.9,-10890.8759765625
1015.35,690,53.6539,24.3859,690,3450000,1008.6,-10320.9296875
836.36,691,52.8222,61.754,691,3455000,829.4,-11053.1796875
1040.82,692,54.3121,38.4236,692,3460000,1036.88,-10603.76953125
1010.19,693,57.1652,49.3466,693,3465000,1011.71,-10735.357421875
1010.31,694,54.8016,33.7038,694,3470000,1014.11,-10700.0791015625
1004.5,695,53.4392,20.2499,695,3475000,1010.66,-10317.4345703125
529.6,696,53.0602,42.5848,696,3480000,997.88,-11291.658203125
999.24,697,55.1393,34.0154,697,3485000,1003.02,-10711.01171875
1003.39,698,55.747,39.7729,698,3490000,1005.63,-10755.59375
701.09,699,56.0968,48.9299,699,3495000,820.9,-12098.8896484375
1009.82,700,55.3756,30.5858,700,3500000,1015.84,-10218.4697265625
1046.42,701,56.3547,46.5861,701,3505000,1028.27,-10496.5849609375
1034.41,702,53.0831,27.2016,702,3510000,1017.05,-10351.0810546875
1022.2,703,52.9867,19.9093,703,3515000,1018.18,-10228.4140625
1049.6,704,55.6127,42.6707,704,3520000,1049.13,-10396.970703125
1055.21,705,55.8959,44.8358,705,3525000,1047.99,-10784.302734375
1040.82,706,56.7471,42.7485,706,3530000,1037.14,-10841.5126953125
1031.91,707,56.3079,45.0382,707,3535000,1032.31,-10827.2392578125
1038.82,708,56.8016,48.8815,708,3540000,1032.16,-10810.0126953125
1045.59,709,56.1198,61.5774,709,3545000,1044.29,-10845.6767578125
1031.81,710,56.4087,47.8587,710,3550000,1026.06,-10731.669921875
1022.6,711,56.5833,45.9366,711,3555000,1025.41,-10736.044921875
1034.5,712,56.4979,49.1081,712,3560000,1034.61,-10818.154296875
657.62,713,52.9273,53.0848,713,3565000,986.1,-11594.8544921875
98.73,714,56.9237,94.7804,714,3570000,133.22,-12992.419921875
1008.38,715,58.1596,54.9446,715,3575000,1009.56,-10928.251953125
1027.67,716,57.2681,52.422,716,3580000,1027.91,-10932.8212890625
625.07,717,54.6565,47.7267,717,3585000,791.62,-11278.5166015625
126.37,718,55.0565,87.8389,718,3590000,178.24,-12733.8720703125
1053.87,719,56.2313,47.9926,719,3595000,1045.2,-10918.0009765625
418.38,720,54.3442,87.8845,720,3600000,462.43,-12665.3427734375
1003.21,721,54.5806,30.7392,721,3605000,1013.05,-10660.9345703125
796.72,722,53.562,32.0975,722,3610000,1047.39,-11125.734375
16.23,723,54.7032,98.0815,723,3615000,11.38,-13698.431640625
100.72,724,55.9268,88.9952,724,3620000,98.78,-13573.814453125
1042.18,725,56.6896,54.5863,725,3625000,1039.52,-11003.6982421875
1012.09,726,55.1156,33.0992,726,3630000,1021.52,-10325.8447265625
613.13,727,53.2695,55.7922,727,3635000,1021.57,-11359.3232421875
1050.62,728,53.7848,31.4753,728,3640000,1030.2,-10504.7919921875
1063.54,729,53.9954,30.9155,729,3645000,1038.79,-10390.6171875
1067.46,730,53.4061,24.1271,730,3650000,1049.73,-10371.16015625
1047.79,731,53.27,22.2338,731,3655000,1040.12,-10478.2294921875
989.23,732,52.5684,23.0929,732,3660000,1047.9,-10833.6162109375
1037.61,733,53.4082,26.2327,733,3665000,1035.25,-11037.20703125
1052.01,734,53.6133,24.2397,734,3670000,1011.2,-10750.1474609375
889.76,735,53.8656,26.6458,735,3675000,995.07,-10827.1572265625
91.79,736,52.1591,33.6512,736,3680000,7.68,-12314.91796875
775.28,737,52.1204,45.4539,737,3685000,958.15,-10888.693359375
1025.3,738,55.2518,35.2298,738,3690000,1045.35,-10772.1435546875
1017.38,739,55.0038,34.7149,739,3695000,1015.23,-10700.3505859375
1032.38,740,54.7648,33.0831,740,3700000,1033.02,-10807.533203125
1044.56,741,55.5091,42.2179,741,3705000,1043.72,-11025.650390625
895.02,742,54.4398,28.8537,742,3710000,1039.39,-10685.7783203125
1076.07,743,55.3977,33.7283,743,3715000,1053.87,-10657.5341796875
1038.52,744,55.6236,42.6384,744,3720000,1032.66,-11179.9697265625
1029.47,745,55.4191,35.5138,745,3725000,1031.25,-11186.421875
1029.81,746,55.3446,37.0874,746,3730000,1027.52,-11225.6015625
1015.62,747,56.5653,53.6741,747,3735000,1014.65,-11127.779296875
0.27,748,55.3972,49.4291,748,3740000,-0.43,-11559.51171875
70.64,749,54.9757,59.1501,749,3745000,78.63,-13054.48046875
112.26,750,53.8441,86.5762,750,3750000,124.92,-13556.8251953125
129.54,751,56.2824,82.2525,751,3755000,138.07,-13576.6162109375
132.04,752,55.4248,80.9561,752,3760000,132.69,-13643.453125
125.0,753,55.7515,81.5586,753,3765000,127.39,-13705.736328125
125.03,754,55.675,79.116,754,3770000,127.33,-13752.6279296875
181.38,755,53.7161,74.4651,755,3775000,147.97,-13636.001953125
169.59,756,55.9362,70.4168,756,3780000,182.68,-13667.388671875
190.49,757,54.2488,49.2899,757,3785000,190.76,-13428.87890625
181.63,758,54.3211,61.4346,758,3790000,182.47,-13073.095703125
194.5,759,52.7329,55.9383,759,3795000,212.8,-12849.2607421875
139.34,760,52.7287,56.4591,760,3800000,229.6,-12288.5263671875
195.51,761,53.2328,60.1875,761,3805000,196.6,-13098.548828125
173.79,762,51.0079,19.0696,762,3810000,209.44,-12932.322265625
988.81,763,54.9151,47.5972,763,3815000,993.21,-11406.923828125
298.94,764,53.9025,39.2066,764,3820000,301.46,-12130.43359375
1033.14,765,54.3238,24.6941,765,3825000,1014.5,-11001.0712890625
1028.9,766,53.8226,25.3594,766,3830000,1010.03,-10982.0595703125
1014.94,767,53.7125,21.9157,767,3835000,1009.35,-11070.49609375
493.34,768,51.3453,36.9406,768,3840000,1043.51,-12052.951171875
1042.19,769,55.3347,36.728,769,3845000,1033.3,-11329.923828125
1007.22,770,54.5813,29.876,770,3850000,1016.14,-11473.6103515625
863.34,771,51.6955,24.8651,771,3855000,1005.29,-11213.8115234375
208.1,772,50.8077,41.1409,772,3860000,209.17,-13106.123046875
200.93,773,52.947,39.546,773,3865000,198.39,-12664.89453125
260.38,774,50.8996,44.463,774,3870000,302.09,-12829.576171875
240.73,775,52.3884,65.8581,775,3875000,254.53,-13692.6787109375
270.56,776,53.0017,61.871,776,3880000,289.06,-13475.9287109375
219.01,777,52.6371,44.1519,777,3885000,222.84,-12969.85546875
141.93,778,56.2414,96.6155,778,3890000,184.34,-11438.5205078125
980.13,779,53.8792,34.7427,779,3895000,1023.2,-11600.5703125
993.47,780,56.5761,47.7534,780,3900000,997.29,-11410.546875
994.53,781,54.7927,43.1777,781,3905000,993.97,-11510.8935546875
1015.69,782,55.0604,37.7553,782,3910000,1017.71,-11399.4638671875
1006.03,783,55.0693,34.5893,783,3915000,1008.66,-11447.90625
401.0,784,54.8867,69.1294,784,3920000,960.32,-11761.0126953125
96.19,785,55.7137,113.558,785,3925000,97.37,-11490.7001953125
1009.71,786,57.3317,48.484,786,3930000,1010.03,-11747.6640625
837.2,787,54.7659,65.2302,787,3935000,759.29,-12073.7353515625
212.41,788,56.8923,84.986,788,3940000,211.0,-14653.23828125
119.46,789,54.6017,74.2964,789,3945000,114.96,-14640.876953125
137.51,790,51.9039,93.1832,790,3950000,176.66,-12217.2978515625
1010.73,791,56.0259,44.7645,791,3955000,1016.82,-11626.078125
710.52,792,49.9015,37.3635,792,3960000,1051.1,-12148.146484375
1028.55,793,56.1381,49.4262,793,3965000,1027.04,-11706.478515625
1012.05,794,55.8642,36.9827,794,3970000,1014.59,-11808.6123046875
1005.02,795,57.0273,52.8278,795,3975000,1007.61,-11789.98046875
912.36,796,53.5908,27.2369,796,3980000,1006.41,-12345.986328125
930.87,797,55.8054,40.2439,797,3985000,984.72,-11238.849609375
1054.12,798,54.8957,33.395,798,3990000,1038.98,-11290.486328125
1049.85,799,55.1145,43.1777,799,3995000,1048.19,-11755.556640625
150.0,800,54.4626,52.8943,800,4000000,206.21,-14961.9541015625
205.85,801,54.0173,88.2711,801,4005000,109.93,-13411.0068359375
213.67,802,53.3524,64.6234,802,4010000,236.62,-14874.798828125
356.76,803,51.5991,78.8548,803,4015000,294.21,-11028.736328125
353.75,804,54.2532,112.3635,804,4020000,362.36,-10060.607421875
316.18,805,53.804,100.9671,805,4025000,315.05,-10782.271484375
349.82,806,54.8584,68.2572,806,4030000,349.74,-14345.3056640625
1037.1,807,58.1979,55.7863,807,4035000,1036.12,-11949.5048828125
1034.02,808,56.4571,43.9005,808,4040000,1034.24,-11872.1650390625
1032.95,809,56.5946,45.1677,809,4045000,1033.65,-11897.9013671875
1034.64,810,56.6962,45.7008,810,4050000,1034.8,-11911.0400390625
1036.8,811,56.431,46.2669,811,4055000,1035.44,-11934.0986328125
999.66,812,57.3132,49.1256,812,4060000,1003.09,-11969.97265625
1027.7,813,55.0146,37.015,813,4065000,1028.62,-12061.0029296875
1029.5,814,55.7843,38.0976,814,4070000,1029.55,-11688.125
465.49,815,53.7202,45.9005,815,4075000,965.2,-13326.2451171875
1004.75,816,55.7688,39.4201,816,4080000,1008.33,-12081.240234375
1010.68,817,55.5724,37.466,817,4085000,1012.78,-12057.140625
1000.54,818,57.0645,56.0174,818,4090000,1003.03,-12065.1337890625
-2.76,819,55.8522,53.2412,819,4095000,-2.78,-15491.0888671875
10.99,820,57.4285,72.0926,820,4100000,7.41,-15495.369140625
-2.26,821,53.9367,73.433,821,4105000,-3.45,-16572.40234375
524.61,822,56.4549,83.2246,822,4110000,504.45,-14816.583984375
1051.32,823,56.8211,51.796,823,4115000,1040.66,-12071.9111328125
1058.57,824,55.9865,45.0737,824,4120000,1042.71,-12034.9541015625
1050.99,825,55.5442,41.546,825,4125000,1038.53,-12029.5791015625
1001.75,826,54.8135,31.5557,826,4130000,1001.36,-11965.9501953125
1056.01,827,55.1005,40.2095,827,4135000,1023.03,-12038.82421875
84.44,828,52.3861,83.0935,828,4140000,85.42,-15096.189453125
337.41,829,55.1957,80.19,829,4145000,247.59,-16036.052734375
411.49,830,56.2173,76.6552,830,4150000,428.88,-14990.328125
1012.15,831,54.6993,39.0529,831,4155000,1011.0,-12002.5986328125
32.99,832,54.8643,47.5525,832,4160000,41.28,-15294.7333984375
972.15,833,55.0728,35.5766,833,4165000,1015.43,-11627.162109375
893.68,834,52.2266,25.8279,834,4170000,1011.19,-12176.666015625
958.74,835,52.4897,23.6141,835,4175000,1039.25,-11937.0732421875
345.29,836,53.3328,94.3392,836,4180000,273.23,-14194.1123046875
749.74,837,53.0047,51.4594,837,4185000,695.37,-14481.2919921875
829.88,838,53.087,77.2291,838,4190000,565.62,-14458.763671875
1072.68,839,53.5942,25.3593,839,4195000,1028.8,-11860.3369140625
1114.16,840,52.81,19.1725,840,4200000,1037.92,-11538.236328125
406.34,841,56.0366,70.2776,841,4205000,349.02,-14847.109375
1030.42,842,56.2075,41.8615,842,4210000,1036.36,-11782.5126953125
1015.05,843,55.5028,33.1394,843,4215000,1019.98,-12270.1337890625
1035.3,844,54.811,31.1147,844,4220000,1025.32,-12051.0703125
983.74,845,54.3688,31.2056,845,4225000,1023.32,-12232.6513671875
1034.57,846,56.8546,47.2097,846,4230000,1028.53,-12436.3134765625
1042.98,847,56.1569,40.9999,847,4235000,1034.11,-12439.89453125
984.31,848,54.2297,30.6599,848,4240000,1033.96,-11916.1640625
893.79,849,53.6183,35.2381,849,4245000,1036.28,-12543.4794921875
1051.87,850,54.7935,29.6575,850,4250000,1041.81,-12348.83984375
1015.0,851,54.9467,29.5964,851,4255000,1026.01,-11915.5859375
1020.14,852,55.8493,38.8937,852,4260000,1019.87,-12410.5849609375
775.53,853,55.6045,45.0227,853,4265000,775.96,-13647.76953125
-0.93,854,54.5932,27.0117,854,4270000,-2.76,-11080.6845703125
50.55,855,52.4879,42.7007,855,4275000,66.33,-12907.302734375
80.3,856,54.364,43.6673,856,4280000,48.75,-14382.427734375
19.66,857,54.4856,114.7644,857,4285000,19.6,-11821.064453125
1000.0,858,56.6564,49.0291,858,4290000,1000.72,-12500.2919921875
998.0,859,56.16,38.1372,859,4295000,998.93,-12518.52734375
998.71,860,54.5385,28.0617,860,4300000,1003.2,-12537.3994140625
980.21,861,52.9518,18.4228,861,4305000,974.07,-12488.5458984375
983.51,862,53.6319,22.5886,862,4310000,983.99,-13031.71484375
996.39,863,55.091,38.1055,863,4315000,998.59,-12534.5625
996.41,864,54.6081,37.0767,864,4320000,998.99,-12539.3125
1064.38,865,55.1604,38.2816,865,4325000,1049.71,-12638.765625
848.92,866,52.4775,22.0482,866,4330000,873.92,-13628.1845703125
936.93,867,52.6486,29.4605,867,4335000,980.84,-12539.5712890625
1036.86,868,54.8784,41.0963,868,4340000,1037.06,-12773.0029296875
911.64,869,52.8778,44.6138,869,4345000,918.63,-13429.5595703125
256.41,870,51.0742,48.2953,870,4350000,260.91,-12530.2265625
212.78,871,50.632,31.5759,871,4355000,223.86,-14979.5146484375
217.04,872,49.9361,37.9122,872,4360000,222.13,-13784.8720703125
1008.37,873,56.5279,58.3443,873,4365000,1008.83,-12769.125
1029.99,874,55.3221,39.1103,874,4370000,1016.72,-12674.931640625
1007.39,875,53.5636,27.9482,875,4375000,1013.07,-12893.9970703125
1004.54,876,53.3752,27.2899,876,4380000,1014.38,-12882.826171875
1045.44,877,53.5375,29.7926,877,4385000,1021.44,-12743.5546875
1006.24,878,54.56,37.4923,878,4390000,1010.98,-12629.3388671875
822.28,879,53.6119,43.823,879,4395000,812.1,-12938.5517578125
1013.89,880,55.2598,41.6318,880,4400000,1010.88,-12661.234375
1011.83,881,54.1293,31.7891,881,4405000,1016.44,-13026.998046875
943.94,882,54.5685,34.9997,882,4410000,989.25,-12986.1669921875
960.41,883,53.4298,31.6447,883,4415000,1007.71,-12867.6953125
287.66,884,51.9264,58.6241,884,4420000,170.41,-13463.8671875
310.75,885,53.5917,77.5312,885,4425000,282.93,-12363.2412109375
767.25,886,53.2124,55.8912,886,4430000,899.32,-12861.56640625
231.86,887,50.1481,87.8865,887,4435000,233.39,-12376.21875
1005.42,888,55.4159,59.7151,888,4440000,1005.94,-12986.892578125
1017.1,889,54.641,29.8204,889,4445000,1014.79,-13073.8759765625
1023.84,890,56.0009,47.025,890,4450000,1027.32,-12959.529296875
1009.68,891,55.0439,32.7441,891,4455000,1021.16,-12620.30078125
722.87,892,52.1968,34.5804,892,4460000,802.21,-13285.404296875
1003.19,893,56.4716,46.4854,893,4465000,1007.84,-13119.595703125
1012.01,894,53.5696,21.6599,894,4470000,1022.22,-13043.8173828125
1019.49,895,55.2877,39.1829,895,4475000,1024.31,-13205.9208984375
666.07,896,54.3736,44.0319,896,4480000,1006.43,-14315.58984375
245.04,897,50.5509,48.6675,897,4485000,119.36,-11812.9482421875
265.79,898,50.0349,51.5772,898,4490000,300.37,-12074.5
273.68,899,50.8971,55.5004,899,4495000,297.76,-12126.9052734375
279.47,900,50.4325,51.4983,900,4500000,308.84,-11945.4248046875
1002.4,901,56.1367,43.8955,901,4505000,1005.18,-13153.224609375
993.98,902,55.9185,37.2799,902,4510000,996.65,-12980.15625
1081.3,903,54.269,34.8651,903,4515000,1040.2,-13426.55078125
991.24,904,54.9788,39.2541,904,4520000,996.71,-13158.376953125
978.03,905,54.2146,33.4795,905,4525000,1004.77,-13098.974609375
1027.53,906,54.1822,27.7189,906,4530000,1021.31,-12945.974609375
451.55,907,52.616,33.8546,907,4535000,1009.71,-15541.6298828125
668.2,908,54.288,38.0045,908,4540000,1006.68,-15317.193359375
1017.78,909,55.3177,37.0053,909,4545000,1015.99,-13142.6357421875
559.98,910,51.4799,64.458,910,4550000,633.23,-11649.2275390625
315.83,911,51.0155,80.7867,911,4555000,318.82,-10953.681640625
303.74,912,51.5764,76.8252,912,4560000,301.97,-11664.4169921875
300.56,913,52.0631,77.7715,913,4565000,314.69,-11089.103515625
1007.06,914,56.5416,50.9354,914,4570000,1013.09,-13390.8291015625
328.24,915,51.1687,38.2147,915,4575000,201.13,-13874.677734375
996.37,916,55.6825,37.0927,916,4580000,1002.3,-13138.28515625
1026.02,917,54.5906,29.533,917,4585000,1018.22,-12869.0283203125
863.71,918,54.4813,29.9445,918,4590000,870.16,-13602.0478515625
337.43,919,52.6458,32.0537,919,4595000,674.96,-14095.1611328125
957.05,920,55.6997,37.5122,920,4600000,1011.61,-14022.3603515625
297.86,921,51.578,98.6763,921,4605000,303.88,-10103.1025390625
262.62,922,52.0224,74.7953,922,4610000,284.72,-11480.07421875
289.83,923,51.318,44.109,923,4615000,300.58,-13303.9755859375
291.94,924,50.872,55.2536,924,4620000,297.86,-10921.2021484375
295.82,925,51.6275,82.2885,925,4625000,302.68,-10117.7587890625
39.49,926,49.7976,25.964,926,4630000,8.8,-11946.2763671875
812.22,927,54.6013,56.2609,927,4635000,999.16,-14039.7890625
1061.68,928,52.5068,35.6465,928,4640000,1051.25,-13476.0146484375
292.53,929,51.9011,85.5485,929,4645000,300.84,-10090.0224609375
287.17,930,51.2328,85.9628,930,4650000,294.18,-10941.2763671875
288.27,931,49.7616,20.983,931,4655000,295.51,-11823.4990234375
301.2,932,49.0859,27.3628,932,4660000,300.34,-11383.7099609375
282.44,933,50.8265,35.4048,933,4665000,284.04,-10620.27734375
280.18,934,50.473,39.7489,934,4670000,295.94,-11506.009765625
260.04,935,49.2413,26.9623,935,4675000,211.89,-13185.6025390625
253.09,936,50.1059,32.8945,936,4680000,260.15,-13175.12109375
262.15,937,50.1365,64.0616,937,4685000,417.95,-12499.173828125
218.2,938,50.8767,35.4981,938,4690000,236.4,-14624.73828125
309.3,939,50.9487,64.7186,939,4695000,328.85,-13826.970703125
318.53,940,50.6977,69.311,940,4700000,325.82,-13562.658203125
312.82,941,49.9789,59.7433,941,4705000,323.55,-13884.7333984375
292.17,942,50.9793,47.2768,942,4710000,316.75,-13495.732421875
254.87,943,49.6748,20.0773,943,4715000,310.41,-15543.9453125
290.86,944,49.5805,21.4352,944,4720000,304.94,-16316.8583984375
282.63,945,48.3777,32.116,945,4725000,296.56,-13862.060546875
306.44,946,49.3659,41.3655,946,4730000,305.51,-12818.525390625
915.75,947,56.7429,39.7674,947,4735000,995.2,-13675.9091796875
859.33,948,55.1874,34.3624,948,4740000,995.77,-13631.484375
999.58,949,54.9072,28.942,949,4745000,1006.55,-13451.349609375
958.81,950,53.974,34.1303,950,4750000,1000.99,-14097.3095703125
1005.98,951,55.215,59.7759,951,4755000,1006.39,-14335.94140625
1002.45,952,54.8073,32.1323,952,4760000,1004.96,-13507.0302734375
397.2,953,49.3782,36.0638,953,4765000,299.86,-13283.9248046875
713.68,954,55.6636,53.45,954,4770000,823.58,-14182.69140625
283.49,955,51.2728,62.5837,955,4775000,291.63,-17384.796875
268.4,956,49.3059,17.9165,956,4780000,292.78,-12622.095703125
281.52,957,50.5574,45.9172,957,4785000,290.64,-14710.4853515625
250.38,958,49.9311,56.1043,958,4790000,276.11,-15644.9150390625
212.65,959,50.1883,30.3665,959,4795000,217.38,-13090.974609375
230.06,960,50.869,39.8167,960,4800000,225.65,-15808.8115234375
236.2,961,49.5018,20.664,961,4805000,285.54,-12979.216796875
291.14,962,50.5155,45.749,962,4810000,298.11,-14058.0859375
280.73,963,50.0491,46.3269,963,4815000,298.23,-13845.3388671875
276.85,964,50.7498,42.0878,964,4820000,286.97,-15746.1689453125
236.51,965,51.0708,39.9808,965,4825000,227.9,-15512.8291015625
286.27,966,50.0187,31.9498,966,4830000,294.14,-15960.06640625
253.79,967,49.7832,33.0246,967,4835000,213.27,-16451.4765625
300.49,968,50.4902,68.8794,968,4840000,303.67,-14088.8740234375
300.21,969,50.5347,41.0079,969,4845000,313.41,-14050.2490234375
266.0,970,49.9832,40.9951,970,4850000,290.69,-16411.66796875
284.77,971,50.6916,34.9872,971,4855000,295.92,-14991.6435546875
280.02,972,49.8354,49.1105,972,4860000,286.88,-16876.548828125
282.83,973,50.169,40.3207,973,4865000,298.43,-14967.83984375
285.64,974,49.2091,37.8629,974,4870000,312.29,-15231.9775390625
265.76,975,50.6701,39.9488,975,4875000,293.92,-15923.89453125
280.28,976,50.0332,36.6207,976,4880000,302.45,-13079.2578125
261.16,977,49.8089,57.5386,977,4885000,212.72,-15211.8564453125
294.13,978,50.3682,110.6088,978,4890000,320.36,-14755.19140625
221.02,979,49.0294,33.1041,979,4895000,204.78,-15439.296875
249.16,980,49.2955,33.0643,980,4900000,284.1,-14962.240234375
218.06,981,51.0187,30.4264,981,4905000,275.63,-13879.068359375
323.15,982,49.5513,23.0499,982,4910000,353.76,-13706.0537109375
293.68,983,49.2087,21.0387,983,4915000,307.11,-16399.095703125
301.81,984,48.3462,16.8766,984,4920000,312.15,-15876.400390625
286.56,985,49.8432,19.6984,985,4925000,300.58,-14776.35546875
292.81,986,48.5295,20.3372,986,4930000,336.53,-15204.84375
288.74,987,48.6854,15.1474,987,4935000,324.82,-14615.197265625
306.85,988,48.2862,15.801,988,4940000,327.4,-14681.3916015625
290.62,989,48.6587,30.7381,989,4945000,264.57,-14025.80859375
295.79,990,47.7006,52.9819,990,4950000,277.79,-12968.9873046875
272.2,991,49.4667,31.3152,991,4955000,238.86,-13923.27734375
994.99,992,56.4584,47.7883,992,4960000,996.34,-13763.529296875
927.47,993,55.0189,34.7676,993,4965000,951.6,-15455.1552734375
299.69,994,53.8245,35.8935,994,4970000,594.51,-15087.3818359375
706.34,995,53.1253,27.893,995,4975000,799.2,-15361.509765625
309.85,996,50.0137,23.5875,996,4980000,330.59,-14031.1064453125
1039.13,997,54.4569,31.9203,997,4985000,1035.43,-14668.5732421875
1024.31,998,56.0208,45.4683,998,4990000,1024.47,-14530.6455078125
1008.5,999,57.5316,54.4768,999,4995000,1009.72,-14612.0244140625
640.31,1000,49.4623,25.075,1000,5000000,680.81,-14044.525390625
294.05,1001,48.4622,17.0763,1001,5005000,304.24,-14846.7958984375
289.53,1002,49.203,17.9418,1002,5010000,304.97,-14481.0029296875
306.92,1003,49.0412,17.1131,1003,5015000,326.46,-14352.6474609375
333.63,1004,48.8536,20.9002,1004,5020000,378.24,-14935.0888671875
334.13,1005,48.8827,17.1995,1005,5025000,377.46,-13557.2431640625
685.28,1006,53.4201,28.9189,1006,5030000,1000.88,-15035.345703125
885.65,1007,52.0627,45.2179,1007,5035000,888.96,-15509.822265625
96.85,1008,54.0201,34.3033,1008,5040000,96.88,-13073.9169921875
1036.58,1009,53.2734,31.7448,1009,5045000,1029.44,-14513.4013671875
1038.66,1010,56.0165,56.0542,1010,5050000,1040.86,-14788.9765625
906.71,1011,51.993,51.2144,1011,5055000,904.97,-14687.1796875
340.95,1012,49.1318,19.046,1012,5060000,352.66,-13797.7470703125
355.96,1013,48.7582,18.8299,1013,5065000,353.34,-14061.7099609375
350.48,1014,48.449,15.2357,1014,5070000,352.44,-13581.525390625
335.63,1015,48.8086,15.53,1015,5075000,326.74,-14123.685546875
361.75,1016,48.5946,17.6943,1016,5080000,337.91,-14288.3994140625
360.58,1017,49.2033,17.8115,1017,5085000,366.31,-14282.962890625
1018.07,1018,56.6148,42.9564,1018,5090000,1018.44,-14272.732421875
1016.55,1019,55.9786,40.6568,1019,5095000,1016.07,-14385.7587890625
363.73,1020,54.573,35.409,1020,5100000,568.98,-15893.255859375
1007.26,1021,55.7659,32.6496,1021,5105000,1007.95,-14822.5517578125
1002.5,1022,56.3169,48.0498,1022,5110000,1005.37,-15067.958984375
985.04,1023,56.0341,44.1572,1023,5115000,996.69,-15042.3798828125
323.99,1024,50.9485,42.3995,1024,5120000,340.62,-14317.650390625
322.77,1025,49.4534,14.1114,1025,5125000,324.12,-15003.794921875
330.64,1026,49.5009,15.7895,1026,5130000,334.0,-15075.61328125
343.14,1027,49.2356,19.24,1027,5135000,363.01,-14823.279296875
313.24,1028,47.9418,16.105,1028,5140000,348.32,-14649.08203125
326.78,1029,49.8135,19.6747,1029,5145000,342.21,-14100.77734375
273.87,1030,49.8041,23.3493,1030,5150000,297.72,-14617.3017578125
252.04,1031,50.4603,19.5888,1031,5155000,309.86,-15546.7470703125
273.63,1032,49.3278,18.1656,1032,5160000,359.53,-15831.703125
322.58,1033,49.4678,16.5493,1033,5165000,345.46,-15394.650390625
340.5,1034,49.4332,18.1952,1034,5170000,361.87,-14485.3359375
315.92,1035,49.7175,27.1207,1035,5175000,380.52,-15017.3505859375
234.7,1036,49.3409,26.5085,1036,5180000,370.42,-15398.525390625
268.15,1037,50.4138,55.4923,1037,5185000,312.23,-16069.6640625
274.72,1038,49.057,18.779,1038,5190000,403.76,-14375.4580078125
282.81,1039,49.3095,21.1252,1039,5195000,367.12,-15379.501953125
336.43,1040,50.0373,38.8017,1040,5200000,270.92,-14983.150390625
320.94,1041,49.7838,37.0674,1041,5205000,348.88,-15279.5751953125
314.32,1042,49.6933,31.9487,1042,5210000,312.07,-14568.0546875
299.13,1043,49.9436,34.1968,1043,5215000,332.19,-14311.9833984375
386.7,1044,49.5312,28.9017,1044,5220000,374.62,-14693.419921875
345.29,1045,49.4627,53.6153,1045,5225000,367.9,-13337.5107421875
342.18,1046,50.6248,24.7498,1046,5230000,352.64,-14480.857421875
327.88,1047,50.3474,33.9384,1047,5235000,353.67,-12935.310546875
338.25,1048,49.4172,25.9561,1048,5240000,342.68,-16032.130859375
302.77,1049,50.0622,22.8686,1049,5245000,301.87,-15355.8984375
339.58,1050,49.6383,22.2113,1050,5250000,337.42,-13848.6728515625
327.53,1051,49.4177,20.9153,1051,5255000,322.65,-15477.044921875
303.41,1052,50.2067,28.3712,1052,5260000,316.42,-15480.150390625
351.34,1053,49.9647,22.2708,1053,5265000,359.07,-14853.208984375
291.0,1054,49.1694,16.9735,1054,5270000,299.15,-15564.4404296875
301.14,1055,49.615,18.8971,1055,5275000,304.28,-15554.0234375
335.79,1056,49.1936,19.4123,1056,5280000,367.73,-16412.158203125
280.95,1057,48.849,18.5951,1057,5285000,293.97,-16559.19921875
275.29,1058,49.8755,32.6687,1058,5290000,286.92,-15617.8115234375
260.92,1059,50.1335,24.9594,1059,5295000,284.23,-15589.8994140625
251.25,1060,49.526,15.5956,1060,5300000,264.47,-15232.390625
307.39,1061,49.9934,26.0796,1061,5305000,348.94,-15611.41796875
214.87,1062,49.3618,19.2471,1062,5310000,317.99,-15938.2314453125
337.51,1063,50.0842,21.1025,1063,5315000,350.51,-15632.486328125
367.32,1064,49.9846,23.1708,1064,5320000,405.08,-16406.38671875
308.04,1065,49.4949,17.0319,1065,5325000,309.73,-16368.34765625
231.23,1066,49.5844,21.9071,1066,5330000,288.88,-16355.8544921875
305.78,1067,49.1924,32.7036,1067,5335000,335.95,-14088.1298828125
103.6,1068,49.8746,18.468,1068,5340000,184.73,-15909.3720703125
332.76,1069,50.2237,24.7679,1069,5345000,347.82,-17035.927734375
268.45,1070,50.4539,35.8889,1070,5350000,345.38,-17402.1875
277.51,1071,49.9558,26.2359,1071,5355000,281.35,-16054.8857421875
297.05,1072,49.6689,35.361,1072,5360000,314.4,-17456.658203125
249.77,1073,50.148,32.2204,1073,5365000,358.72,-16918.8125
312.95,1074,49.9445,24.0883,1074,5370000,929.88,-17062.935546875
256.15,1075,49.5405,30.782,1075,5375000,362.36,-17024.12109375
305.0,1076,49.0091,17.0481,1076,5380000,427.03,-16226.650390625
292.05,1077,49.2572,22.4694,1077,5385000,312.06,-16302.642578125
288.05,1078,49.0403,41.7816,1078,5390000,332.6,-15961.607421875
305.32,1079,49.0971,30.1389,1079,5395000,489.93,-15321.775390625
319.47,1080,50.4255,46.738,1080,5400000,324.99,-14682.625
253.51,1081,49.9156,22.8162,1081,5405000,284.72,-14645.689453125
293.38,1082,49.0631,20.2406,1082,5410000,348.58,-15565.8701171875
275.17,1083,49.5375,29.977,1083,5415000,306.25,-14344.794921875
273.35,1084,49.5726,45.1911,1084,5420000,282.26,-14189.0185546875
321.61,1085,49.5221,18.6645,1085,5425000,289.91,-14597.71484375
274.39,1086,50.6514,19.2152,1086,5430000,285.44,-15359.4619140625
287.21,1087,49.7849,17.3548,1087,5435000,347.29,-14707.857421875
268.19,1088,49.609,16.0398,1088,5440000,287.72,-16149.5537109375
336.63,1089,48.7055,15.3891,1089,5445000,354.12,-14561.3994140625
270.82,1090,49.8476,27.2532,1090,5450000,295.92,-17264.783203125
309.76,1091,50.0513,18.9389,1091,5455000,317.8,-16776.375
260.91,1092,49.749,19.2347,1092,5460000,276.3,-15873.70703125
264.03,1093,50.294,26.2262,1093,5465000,289.66,-16675.224609375
260.43,1094,49.9135,36.0432,1094,5470000,274.11,-17074.873046875
192.13,1095,50.1647,23.4561,1095,5475000,152.11,-17105.65234375
364.75,1096,49.2203,20.9134,1096,5480000,995.91,-15342.5087890625
272.61,1097,49.2299,13.9594,1097,5485000,285.15,-16179.50390625
339.86,1098,48.9848,35.2694,1098,5490000,348.67,-16290.30078125
286.01,1099,49.7868,45.4531,1099,5495000,299.62,-16081.4130859375
277.0,1100,49.4515,14.9759,1100,5500000,310.07,-16685.427734375
331.6,1101,49.3833,20.1682,1101,5505000,325.9,-16420.115234375
310.98,1102,49.3088,31.9868,1102,5510000,347.54,-16857.193359375
278.47,1103,48.9582,21.3982,1103,5515000,349.31,-16896.900390625
265.93,1104,49.6145,23.2402,1104,5520000,255.58,-17273.5546875
334.42,1105,49.5631,95.9529,1105,5525000,335.33,-17029.720703125
316.28,1106,49.2256,15.9004,1106,5530000,338.11,-16801.96484375
305.62,1107,49.5081,18.8414,1107,5535000,357.11,-17266.3984375
257.19,1108,50.8626,32.4642,1108,5540000,269.0,-17868.712890625
368.34,1109,49.8097,41.9923,1109,5545000,395.82,-17765.45703125
355.98,1110,49.4432,15.6992,1110,5550000,372.44,-17693.458984375
286.45,1111,49.1754,17.0955,1111,5555000,578.02,-17382.431640625
343.73,1112,48.3448,17.2443,1112,5560000,349.82,-17102.740234375
335.22,1113,49.5939,18.6551,1113,5565000,350.97,-17273.134765625
289.78,1114,49.5142,22.9185,1114,5570000,299.52,-17500.373046875
276.96,1115,50.6811,31.4999,1115,5575000,312.86,-17836.990234375
326.58,1116,48.5967,17.8649,1116,5580000,370.66,-17297.359375
347.46,1117,49.1368,19.6808,1117,5585000,339.44,-17400.001953125
277.23,1118,49.2099,18.1606,1118,5590000,259.67,-17491.4140625
324.61,1119,49.0301,19.5941,1119,5595000,343.64,-17500.064453125
273.91,1120,49.6167,22.885,1120,5600000,319.39,-17839.599609375
348.11,1121,50.126,19.952,1121,5605000,355.57,-17848.53125
285.02,1122,49.1516,20.4195,1122,5610000,382.24,-17227.541015625
323.99,1123,48.7559,19.6005,1123,5615000,355.23,-17476.69140625
257.72,1124,50.7073,26.8682,1124,5620000,285.92,-17478.74609375
282.86,1125,49.9229,30.3635,1125,5625000,282.27,-18048.87109375
335.55,1126,49.4072,28.3488,1126,5630000,378.71,-17952.92578125
279.0,1127,50.7813,44.8629,1127,5635000,256.9,-18028.40234375
348.93,1128,49.866,23.6409,1128,5640000,375.98,-17824.69921875
359.26,1129,49.803,29.0556,1129,5645000,322.75,-17630.91796875
338.84,1130,50.3513,35.7976,1130,5650000,340.8,-18028.630859375
298.63,1131,50.0452,50.8938,1131,5655000,263.18,-17800.791015625
342.73,1132,49.7784,36.4732,1132,5660000,355.02,-17806.935546875
347.9,1133,49.6935,22.7294,1133,5665000,380.38,-17910.52734375
901.8,1134,52.4558,48.9883,1134,5670000,905.44,-15775.0419921875
111.36,1135,50.3055,25.0451,1135,5675000,114.59,-17236.03515625
361.96,1136,49.7554,20.1692,1136,5680000,382.12,-17639.529296875
362.11,1137,49.9672,24.9614,1137,5685000,371.18,-18064.93359375
292.84,1138,50.0298,19.8847,1138,5690000,302.72,-17868.607421875
354.51,1139,49.3895,19.957,1139,5695000,386.3,-17839.494140625
349.38,1140,47.9727,17.1641,1140,5700000,440.06,-17127.302734375
401.7,1141,49.8497,24.4467,1141,5705000,497.68,-17371.478515625
334.68,1142,49.2998,22.0684,1142,5710000,345.97,-17524.703125
349.49,1143,48.3113,15.7325,1143,5715000,391.22,-17574.970703125
35.71,1144,51.1813,24.0575,1144,5720000,-3.31,-17889.14453125
273.83,1145,49.4245,19.3229,1145,5725000,479.19,-17930.5390625
114.32,1146,49.0292,29.4613,1146,5730000,314.94,-17609.205078125
278.45,1147,48.8676,49.5375,1147,5735000,303.16,-17782.623046875
288.03,1148,49.9276,91.7343,1148,5740000,328.16,-18058.77734375
339.84,1149,50.0817,54.1782,1149,5745000,407.93,-18142.107421875
399.24,1150,48.9448,27.36,1150,5750000,444.0,-17809.166015625
334.56,1151,48.961,20.8505,1151,5755000,341.97,-17689.775390625
304.3,1152,49.6052,22.5403,1152,5760000,299.13,-17878.970703125
359.15,1153,49.8936,30.3719,1153,5765000,350.07,-17994.298828125
368.49,1154,49.9621,24.8507,1154,5770000,385.63,-17710.328125
237.18,1155,51.2454,17.4782,1155,5775000,341.99,-17299.125
379.45,1156,49.1279,25.6234,1156,5780000,405.78,-17109.169921875
607.21,1157,50.1683,24.8568,1157,5785000,949.88,-17384.67578125
364.98,1158,50.5456,29.9176,1158,5790000,487.28,-17938.796875
389.77,1159,50.5348,44.737,1159,5795000,379.36,-17821.392578125
363.05,1160,49.862,43.1592,1160,5800000,378.65,-17937.62109375
439.9,1161,49.0907,22.2172,1161,5805000,492.92,-17685.611328125
318.32,1162,49.171,74.5794,1162,5810000,277.07,-17823.4609375
362.46,1163,49.6107,19.1855,1163,5815000,407.52,-17277.126953125
432.12,1164,49.7316,49.165,1164,5820000,527.17,-17881.888671875
372.76,1165,50.1101,41.5756,1165,5825000,521.07,-14044.6318359375
415.75,1166,49.5411,22.3615,1166,5830000,521.41,-16397.7265625
465.14,1167,49.3262,22.0761,1167,5835000,991.35,-15952.8505859375
417.6,1168,49.5847,32.5173,1168,5840000,496.08,-17079.822265625
388.64,1169,49.31,16.7789,1169,5845000,421.62,-15953.1669921875
446.73,1170,49.7412,24.4894,1170,5850000,505.18,-17026.470703125
383.86,1171,49.4443,16.7658,1171,5855000,402.37,-17274.037109375
446.92,1172,48.7594,14.7957,1172,5860000,542.71,-16886.3046875
399.31,1173,49.4495,31.8218,1173,5865000,403.6,-17158.51171875
305.45,1174,49.7311,16.9194,1174,5870000,351.65,-16590.671875
403.36,1175,50.098,28.9947,1175,5875000,477.09,-16044.7802734375
344.1,1176,49.4877,19.7582,1176,5880000,363.36,-17053.814453125
330.37,1177,49.9642,24.0823,1177,5885000,338.05,-15409.5419921875
493.29,1178,50.1678,33.8609,1178,5890000,673.21,-13759.494140625
369.72,1179,50.3686,75.1274,1179,5895000,358.22,-12275.806640625
364.54,1180,49.1669,15.5047,1180,5900000,377.81,-17163.5078125
380.51,1181,50.6602,35.7827,1181,5905000,423.2,-15066.48828125
389.14,1182,49.8992,35.3163,1182,5910000,423.22,-14346.416015625
390.02,1183,50.5554,32.548,1183,5915000,408.6,-17977.41796875
492.23,1184,49.9876,19.6656,1184,5920000,584.22,-18061.03125
431.26,1185,49.2051,16.6201,1185,5925000,498.62,-17384.30078125
368.01,1186,49.076,16.0775,1186,5930000,432.74,-16864.0546875
399.16,1187,48.7146,20.0026,1187,5935000,424.89,-17156.34375
397.82,1188,48.8071,31.1641,1188,5940000,471.15,-17707.6953125
426.81,1189,50.1208,44.4439,1189,5945000,431.21,-18067.330078125
546.97,1190,50.2356,48.9457,1190,5950000,887.31,-17259.63671875
505.56,1191,50.0069,38.7586,1191,5955000,504.79,-17555.921875
330.4,1192,50.8165,32.6893,1192,5960000,319.24,-18178.359375
381.71,1193,49.4952,29.7987,1193,5965000,379.28,-17896.33984375
454.21,1194,49.2298,35.7756,1194,5970000,457.53,-17775.923828125
418.49,1195,49.6609,43.787,1195,5975000,482.51,-17868.404296875
413.55,1196,48.7133,25.2533,1196,5980000,396.56,-17636.3984375
326.51,1197,49.0143,29.9923,1197,5985000,345.25,-17814.81640625
443.15,1198,49.3315,28.5091,1198,5990000,523.93,-17708.119140625
484.37,1199,48.9276,32.0421,1199,5995000,650.62,-17738.076171875
428.18,1200,49.625,39.4619,1200,6000000,517.81,-17837.333984375
473.97,1201,50.2224,42.1081,1201,6005000,650.48,-17884.45703125
455.42,1202,49.0585,17.3591,1202,6010000,684.75,-17314.46484375
363.66,1203,50.5527,43.1865,1203,6015000,645.34,-14630.208984375
391.27,1204,49.4136,31.2043,1204,6020000,427.53,-18088.44140625
352.12,1205,50.1889,31.1388,1205,6025000,371.91,-18186.51953125
379.82,1206,50.0657,44.9694,1206,6030000,420.54,-18159.9453125
494.51,1207,48.6785,19.0323,1207,6035000,554.68,-17344.142578125
397.8,1208,49.5544,28.9753,1208,6040000,408.99,-17725.919921875
389.95,1209,49.4724,32.7517,1209,6045000,400.89,-17037.478515625
365.1,1210,49.7344,52.7645,1210,6050000,389.23,-13931.1083984375
360.78,1211,48.0611,23.3923,1211,6055000,418.81,-16806.802734375
379.79,1212,49.9755,41.1687,1212,6060000,372.24,-17941.71875
380.38,1213,49.4894,19.0126,1213,6065000,392.5,-17942.2578125
356.53,1214,49.6069,19.1821,1214,6070000,451.08,-17391.517578125
323.66,1215,50.4624,40.7149,1215,6075000,341.53,-13802.9208984375
359.76,1216,49.4295,79.3509,1216,6080000,394.68,-17155.552734375
410.49,1217,49.1417,29.5905,1217,6085000,465.83,-17767.970703125
402.24,1218,50.1647,43.6899,1218,6090000,455.52,-17368.75
532.35,1219,49.2919,23.5504,1219,6095000,1967.44,-17560.56640625
335.25,1220,50.3912,34.335,1220,6100000,347.58,-17753.857421875
374.55,1221,49.8743,80.4436,1221,6105000,402.57,-17944.607421875
348.83,1222,49.7359,29.7283,1222,6110000,394.93,-17868.234375
282.09,1223,49.8906,31.8309,1223,6115000,537.5,-17364.158203125
329.46,1224,49.6859,33.4674,1224,6120000,321.89,-16162.3876953125
379.38,1225,49.1183,40.1755,1225,6125000,459.36,-13211.0859375
352.43,1226,50.1568,72.5267,1226,6130000,333.35,-15004.7265625
364.21,1227,49.396,25.127,1227,6135000,436.21,-17190.818359375
372.34,1228,49.4265,34.0118,1228,6140000,516.32,-14085.7275390625
416.51,1229,50.0206,50.3556,1229,6145000,451.64,-13783.6953125
367.78,1230,49.4811,74.9586,1230,6150000,442.77,-12608.705078125
382.8,1231,49.2312,34.6739,1231,6155000,409.94,-16604.548828125
423.31,1232,49.3896,89.6893,1232,6160000,443.66,-12692.9052734375
334.7,1233,50.2954,73.6322,1233,6165000,384.26,-12397.3369140625
402.0,1234,49.6747,44.0879,1234,6170000,443.59,-15424.5703125
458.23,1235,49.4852,69.4172,1235,6175000,472.46,-12654.765625
325.19,1236,49.4266,83.1359,1236,6180000,355.66,-12467.748046875
299.6,1237,49.5008,66.2191,1237,6185000,337.99,-12534.5
489.26,1238,49.478,58.7594,1238,6190000,559.79,-13181.5849609375
355.4,1239,49.878,25.7721,1239,6195000,371.37,-17555.48828125
367.33,1240,49.8438,41.0693,1240,6200000,413.11,-12802.74609375
392.71,1241,49.8606,20.9363,1241,6205000,424.27,-15510.166015625
344.58,1242,49.8143,43.79,1242,6210000,443.08,-13775.4794921875
444.84,1243,49.6705,37.1217,1243,6215000,521.19,-13309.5498046875
60.08,1244,48.9789,70.5065,1244,6220000,162.42,-13197.2578125
418.98,1245,49.6167,25.2142,1245,6225000,563.22,-17747.123046875
379.34,1246,49.9481,22.6582,1246,6230000,354.34,-14106.4951171875
480.22,1247,49.8789,29.708,1247,6235000,736.61,-14582.6943359375
406.14,1248,49.548,30.5638,1248,6240000,552.8,-17698.22265625
398.37,1249,49.4264,25.9449,1249,6245000,696.26,-17787.734375
397.84,1250,49.6195,23.8033,1250,6250000,497.57,-17752.013671875
254.26,1251,50.4106,27.7392,1251,6255000,281.93,-18110.330078125
545.39,1252,48.7148,18.3668,1252,6260000,742.27,-17485.59375
531.79,1253,49.6851,54.3355,1253,6265000,914.41,-17516.056640625
467.15,1254,49.3087,18.9272,1254,6270000,582.42,-17807.09375
368.49,1255,50.1282,24.0198,1255,6275000,386.28,-16201.970703125
415.82,1256,49.0694,30.1044,1256,6280000,451.17,-17833.86328125
378.38,1257,50.5103,27.8668,1257,6285000,369.66,-15160.94921875
467.0,1258,49.1767,26.0477,1258,6290000,1416.45,-17590.20703125
422.21,1259,49.4813,37.4815,1259,6295000,451.49,-17487.95703125
820.55,1260,49.3161,35.6361,1260,6300000,832.88,-17364.98046875
384.99,1261,50.4822,37.6591,1261,6305000,416.19,-18071.357421875
417.26,1262,50.0228,36.4832,1262,6310000,447.53,-17785.576171875
459.95,1263,49.5648,33.9525,1263,6315000,615.43,-17705.87109375
721.44,1264,49.3902,23.618,1264,6320000,970.66,-17496.666015625
556.71,1265,49.9244,17.4794,1265,6325000,834.22,-17983.46484375
427.45,1266,49.87,23.9844,1266,6330000,533.39,-18074.59375
406.86,1267,50.1144,24.9084,1267,6335000,393.33,-18046.8984375
470.81,1268,49.5478,23.3852,1268,6340000,719.35,-17592.720703125
529.23,1269,49.5737,23.1697,1269,6345000,525.61,-17654.044921875
429.56,1270,49.8737,23.4523,1270,6350000,449.92,-18049.31640625
459.3,1271,49.3741,15.0885,1271,6355000,488.96,-17634.421875
426.51,1272,49.6031,15.7029,1272,6360000,529.38,-17688.708984375
450.26,1273,49.1116,13.1399,1273,6365000,440.38,-17494.576171875
392.77,1274,48.8451,15.1388,1274,6370000,442.62,-17577.404296875
390.29,1275,49.4979,16.3922,1275,6375000,402.0,-17769.8984375
399.8,1276,48.8425,13.5466,1276,6380000,518.26,-17627.79296875
670.31,1277,48.5057,37.119,1277,6385000,1243.1,-17255.21875
439.46,1278,49.4572,17.1265,1278,6390000,851.52,-17792.01953125
441.07,1279,49.6957,16.0609,1279,6395000,576.28,-17515.001953125
523.24,1280,49.1971,16.5933,1280,6400000,482.38,-17288.71484375
516.55,1281,49.3454,19.2348,1281,6405000,457.7,-17115.173828125
491.17,1282,49.2145,17.3716,1282,6410000,359.0,-17216.51953125
547.7,1283,48.8925,14.8633,1283,6415000,746.81,-17059.474609375
671.53,1284,48.2201,18.9282,1284,6420000,914.93,-17162.74609375
475.92,1285,50.2696,37.3616,1285,6425000,639.89,-17587.994140625
426.67,1286,49.5132,31.1247,1286,6430000,425.33,-17928.748046875
396.84,1287,49.5348,30.575,1287,6435000,390.8,-18020.181640625
377.51,1288,50.7168,30.532,1288,6440000,222.75,-17928.763671875
219.94,1289,50.5912,45.4741,1289,6445000,10.12,-17350.94140625
383.24,1290,50.0185,30.276,1290,6450000,465.0,-18020.41796875
771.54,1291,49.6463,26.5675,1291,6455000,863.77,-17490.326171875
580.99,1292,49.6351,27.9765,1292,6460000,736.82,-17560.103515625
460.45,1293,49.508,24.3757,1293,6465000,539.59,-18009.453125
809.38,1294,49.227,17.5836,1294,6470000,1016.47,-17381.52734375
445.28,1295,49.8688,16.7052,1295,6475000,421.31,-18015.10546875
596.22,1296,49.2219,18.1396,1296,6480000,586.09,-17582.44921875
922.33,1297,50.0681,23.4033,1297,6485000,992.61,-18097.94921875
1069.03,1298,52.4948,16.9349,1298,6490000,1005.54,-18475.486328125
824.78,1299,52.0352,30.1329,1299,6495000,999.02,-18411.80078125
730.2,1300,50.5623,48.1357,1300,6500000,835.07,-18190.30859375
700.36,1301,49.94,17.0817,1301,6505000,734.32,-18061.861328125
460.72,1302,50.0645,20.3297,1302,6510000,989.13,-17888.62109375
447.54,1303,50.0909,38.5975,1303,6515000,771.74,-17783.416015625
411.11,1304,49.3428,23.3846,1304,6520000,690.2,-17832.404296875
523.95,1305,49.2422,19.0228,1305,6525000,988.38,-17473.9140625
576.18,1306,49.7447,15.2251,1306,6530000,514.38,-17428.408203125
515.0,1307,49.4234,18.096,1307,6535000,586.47,-17444.828125
442.76,1308,49.8883,22.1851,1308,6540000,430.28,-17639.251953125
451.38,1309,49.1283,26.6911,1309,6545000,832.36,-17856.314453125
436.44,1310,50.0484,39.095,1310,6550000,506.69,-17723.552734375
410.69,1311,50.5195,44.3667,1311,6555000,482.48,-17727.00390625
394.76,1312,49.8972,46.0459,1312,6560000,374.32,-17869.076171875
482.85,1313,50.3775,43.9297,1313,6565000,970.05,-17830.794921875
613.61,1314,49.9911,45.4291,1314,6570000,794.7,-17949.607421875
656.63,1315,49.68,25.7736,1315,6575000,1084.22,-17627.001953125
476.86,1316,50.5878,36.9374,1316,6580000,854.83,-17874.48828125
526.39,1317,50.3823,39.122,1317,6585000,1005.3,-18016.212890625
542.24,1318,50.2067,42.9604,1318,6590000,583.19,-17988.09765625
550.78,1319,49.855,51.8078,1319,6595000,665.29,-18038.177734375
424.78,1320,49.8925,31.7641,1320,6600000,563.17,-17841.671875
438.58,1321,50.1845,35.3533,1321,6605000,456.94,-18004.330078125
469.28,1322,49.7697,57.9759,1322,6610000,722.81,-17829.798828125
537.1,1323,49.8757,27.3626,1323,6615000,766.84,-17522.412109375
525.53,1324,49.2056,20.456,1324,6620000,981.23,-17090.00390625
862.77,1325,50.171,24.3262,1325,6625000,998.58,-16638.263671875
749.84,1326,49.6497,25.6971,1326,6630000,606.35,-17039.55859375
465.61,1327,49.0512,19.0629,1327,6635000,622.72,-17507.83203125
699.89,1328,50.74,20.6816,1328,6640000,952.61,-16646.427734375
792.23,1329,50.7915,24.1308,1329,6645000,1030.81,-16524.943359375
413.73,1330,50.2643,19.828,1330,6650000,347.62,-17306.646484375
323.4,1331,50.2535,51.487,1331,6655000,392.58,-17778.33984375
484.95,1332,50.8337,95.9087,1332,6660000,635.8,-17987.875
235.41,1333,51.1682,87.687,1333,6665000,257.6,-17321.552734375
32.9,1334,53.7383,90.5354,1334,6670000,31.75,-18435.818359375
117.77,1335,52.6594,42.1452,1335,6675000,92.2,-18312.091796875
97.92,1336,53.5133,86.9745,1336,6680000,80.26,-18428.05078125
710.28,1337,52.1395,26.498,1337,6685000,478.36,-18011.1953125
1166.16,1338,53.3064,22.0054,1338,6690000,1036.89,-18489.77734375
988.24,1339,52.7316,21.6919,1339,6695000,879.67,-18484.703125
1091.08,1340,52.2785,19.4718,1340,6700000,1020.73,-18489.017578125
145.81,1341,51.9423,23.1863,1341,6705000,126.25,-18483.455078125
1291.73,1342,51.8488,33.3357,1342,6710000,1282.71,-16038.8583984375
849.62,1343,51.3165,69.0253,1343,6715000,1209.1,-17113.720703125
1149.56,1344,49.6579,23.7955,1344,6720000,1300.99,-17128.927734375
982.67,1345,56.063,24.5326,1345,6725000,999.64,-18501.34375
250.82,1346,50.9738,46.6814,1346,6730000,173.86,-17750.96484375
403.14,1347,54.2651,58.1538,1347,6735000,491.43,-17461.8515625
136.84,1348,52.0814,65.2472,1348,6740000,343.66,-17346.259765625
438.63,1349,49.8015,45.566,1349,6745000,431.78,-17698.5390625
396.26,1350,49.8797,47.1038,1350,6750000,412.78,-17368.16796875
321.3,1351,50.35,51.6359,1351,6755000,352.62,-18246.2578125
684.84,1352,49.53,31.8272,1352,6760000,400.47,-17833.2265625
1474.27,1353,49.6763,20.654,1353,6765000,1569.26,-17611.384765625
969.78,1354,50.5419,47.5708,1354,6770000,1394.43,-18086.955078125
1536.18,1355,49.2803,17.8733,1355,6775000,1588.85,-17329.22265625
804.79,1356,48.9869,22.3192,1356,6780000,887.37,-16785.333984375
902.15,1357,50.331,33.91,1357,6785000,989.7,-17874.400390625
252.4,1358,51.0706,52.6814,1358,6790000,387.75,-18094.25
358.97,1359,50.3869,23.2302,1359,6795000,389.93,-15978.0498046875
44.34,1360,50.0033,31.2705,1360,6800000,50.6,-17870.646484375
146.94,1361,54.319,34.0167,1361,6805000,155.87,-18283.951171875
306.64,1362,51.6752,21.1345,1362,6810000,314.07,-18329.810546875
288.15,1363,51.0909,81.036,1363,6815000,244.98,-18263.14453125
440.19,1364,50.0295,34.4177,1364,6820000,432.74,-17279.849609375
502.45,1365,50.7656,52.0112,1365,6825000,643.52,-17888.775390625
693.46,1366,51.7704,27.7103,1366,6830000,525.01,-17875.412109375
1160.16,1367,53.029,19.9034,1367,6835000,1026.93,-18463.310546875
1039.95,1368,53.3827,20.9201,1368,6840000,1025.93,-18488.666015625
866.58,1369,53.9701,25.566,1369,6845000,1006.54,-18492.615234375
254.71,1370,51.1093,51.743,1370,6850000,768.31,-17102.408203125
415.23,1371,51.9282,59.022,1371,6855000,425.43,-18355.732421875
304.58,1372,52.6559,37.1583,1372,6860000,884.89,-18414.7265625
650.82,1373,51.7703,68.6256,1373,6865000,853.33,-18035.111328125
301.25,1374,51.5127,82.0826,1374,6870000,255.19,-17652.791015625
353.31,1375,49.707,89.0652,1375,6875000,331.91,-17758.376953125
283.81,1376,50.465,85.845,1376,6880000,382.6,-17957.90625
375.27,1377,49.7854,116.2726,1377,6885000,457.93,-17887.458984375
310.43,1378,50.5874,105.7568,1378,6890000,339.4,-17441.4140625
323.87,1379,50.0671,60.1768,1379,6895000,347.96,-15538.4306640625
359.6,1380,49.3855,71.2445,1380,6900000,401.67,-16764.96875
433.21,1381,49.404,41.4462,1381,6905000,461.46,-16414.595703125
294.34,1382,48.3424,18.2512,1382,6910000,356.56,-16589.55859375
317.34,1383,49.1952,16.1193,1383,6915000,359.03,-17325.37109375
333.14,1384,49.8704,21.1776,1384,6920000,404.85,-17915.322265625
344.65,1385,49.5516,16.4685,1385,6925000,442.62,-18052.3671875
309.86,1386,50.3927,24.2547,1386,6930000,299.83,-17749.955078125
363.83,1387,49.659,21.2813,1387,6935000,496.07,-18037.205078125
420.9,1388,50.2395,34.7978,1388,6940000,420.66,-17540.0546875
518.23,1389,49.7711,18.2908,1389,6945000,689.69,-17008.041015625
402.46,1390,49.2618,16.079,1390,6950000,772.77,-17646.30078125
408.3,1391,48.8109,16.0569,1391,6955000,585.66,-17555.83984375
327.28,1392,49.1707,25.7262,1392,6960000,587.97,-17805.16796875
381.51,1393,50.7092,32.8665,1393,6965000,868.13,-17757.0625
458.43,1394,50.0366,50.7366,1394,6970000,508.39,-17902.484375
455.01,1395,49.9952,36.4968,1395,6975000,802.04,-17797.705078125
425.31,1396,50.0023,24.6954,1396,6980000,378.53,-17937.998046875
469.67,1397,50.24,38.2973,1397,6985000,369.56,-17867.2890625
341.29,1398,49.9149,24.9039,1398,6990000,321.55,-17941.958984375
422.07,1399,50.5335,45.3666,1399,6995000,418.77,-18155.62109375
193.25,1400,49.3968,30.3348,1400,7000000,285.17,-18198.001953125
340.62,1401,50.3275,45.3546,1401,7005000,373.14,-18303.763671875
241.12,1402,49.3389,23.3657,1402,7010000,17.11,-17248.18359375
394.78,1403,49.3546,50.4276,1403,7015000,500.35,-18179.599609375
461.17,1404,49.2817,49.4738,1404,7020000,437.0,-17964.21875
452.24,1405,49.5635,41.9447,1405,7025000,605.29,-17800.1484375
452.39,1406,49.1052,22.3984,1406,7030000,648.77,-17979.77734375
447.29,1407,49.0975,17.0732,1407,7035000,1380.18,-17533.443359375
454.5,1408,49.1948,16.6174,1408,7040000,612.8,-17683.26171875
444.63,1409,49.1939,31.039,1409,7045000,504.27,-18069.484375
136.3,1410,50.0164,43.5611,1410,7050000,22.45,-17408.9921875
100.87,1411,50.7036,43.8525,1411,7055000,323.78,-17931.224609375
398.23,1412,51.1871,46.3222,1412,7060000,486.86,-17666.15234375
364.87,1413,50.1736,50.6181,1413,7065000,343.89,-17723.0546875
371.14,1414,51.0896,130.2424,1414,7070000,330.39,-18055.623046875
278.08,1415,50.1607,38.8189,1415,7075000,361.06,-17684.447265625
404.48,1416,49.3309,32.5682,1416,7080000,406.35,-17788.013671875
415.25,1417,49.9979,128.9684,1417,7085000,365.5,-17885.478515625
318.47,1418,49.7591,87.2983,1418,7090000,324.65,-18093.9375
430.51,1419,49.9547,42.159,1419,7095000,543.97,-18188.27734375
265.83,1420,50.6865,61.393,1420,7100000,331.79,-18122.455078125
330.48,1421,50.6425,62.2961,1421,7105000,383.83,-18436.6875
387.87,1422,49.6131,31.7372,1422,7110000,336.69,-18287.494140625
504.65,1423,49.6513,21.2876,1423,7115000,693.29,-18260.79296875
730.37,1424,48.9937,19.8741,1424,7120000,508.62,-17781.646484375
639.84,1425,49.2684,25.6299,1425,7125000,885.22,-17304.736328125
880.81,1426,48.0237,20.0349,1426,7130000,1144.77,-17016.15625
485.85,1427,48.7837,19.3176,1427,7135000,181.9,-17995.986328125
255.32,1428,49.0615,26.4628,1428,7140000,280.9,-18264.466796875
584.18,1429,48.8114,16.6573,1429,7145000,662.16,-16999.404296875
520.54,1430,49.3164,23.5892,1430,7150000,646.22,-17534.005859375
550.87,1431,48.4454,34.9609,1431,7155000,538.86,-16937.4609375
457.0,1432,49.3137,19.7181,1432,7160000,523.4,-15247.625
446.67,1433,50.0367,55.4502,1433,7165000,457.07,-17610.22265625
503.72,1434,49.2019,25.1593,1434,7170000,533.26,-17089.927734375
557.27,1435,49.064,45.0773,1435,7175000,619.91,-15389.5224609375
355.06,1436,49.8988,46.3709,1436,7180000,329.47,-17867.173828125
455.09,1437,49.0475,54.9361,1437,7185000,440.94,-15360.03125
444.76,1438,48.9796,39.6528,1438,7190000,430.47,-17838.3515625
497.29,1439,49.456,105.449,1439,7195000,755.8,-17723.193359375
406.76,1440,49.8631,44.0724,1440,7200000,530.84,-16127.705078125
167.12,1441,50.3828,53.2522,1441,7205000,418.32,-15803.4365234375
480.35,1442,49.3127,55.8768,1442,7210000,524.04,-15519.9794921875
536.82,1443,49.7551,60.7651,1443,7215000,547.66,-15316.9423828125
675.01,1444,48.0871,42.8944,1444,7220000,581.7,-14759.4091796875
512.0,1445,48.8883,32.5496,1445,7225000,1712.72,-16234.8212890625
755.75,1446,49.0516,53.5905,1446,7230000,1929.93,-14846.6298828125
761.95,1447,48.5821,50.8259,1447,7235000,1038.97,-14838.71875
645.56,1448,48.7195,55.0859,1448,7240000,706.33,-14659.2529296875
465.44,1449,49.6664,53.7701,1449,7245000,529.65,-15059.4345703125
498.61,1450,49.7065,62.2669,1450,7250000,754.49,-15415.330078125
636.31,1451,48.9168,58.0528,1451,7255000,916.91,-15020.3349609375
394.13,1452,50.4115,62.9979,1452,7260000,718.64,-15353.013671875
395.78,1453,49.8033,55.9103,1453,7265000,442.43,-15324.12890625
297.8,1454,51.3942,80.3157,1454,7270000,320.62,-15627.357421875
542.6,1455,50.1093,60.5205,1455,7275000,664.74,-15529.2021484375
459.83,1456,49.7364,59.2924,1456,7280000,751.92,-15349.6376953125
644.86,1457,48.7087,50.0805,1457,7285000,362.95,-15311.619140625
467.24,1458,48.8862,54.4073,1458,7290000,593.34,-15328.138671875
590.85,1459,48.5864,47.1944,1459,7295000,1074.13,-15203.546875
460.76,1460,49.3516,53.6,1460,7300000,466.25,-15643.9189453125
385.46,1461,50.236,60.5502,1461,7305000,424.22,-15686.978515625
627.21,1462,48.969,55.697,1462,7310000,488.89,-15812.5703125
652.99,1463,48.9956,38.0397,1463,7315000,853.47,-15608.0029296875
639.3,1464,49.2238,34.7032,1464,7320000,982.24,-17283.740234375
624.73,1465,49.0885,28.5212,1465,7325000,818.98,-15655.4326171875
804.77,1466,48.3432,45.9993,1466,7330000,1106.88,-15785.2412109375
691.36,1467,48.9789,52.3412,1467,7335000,481.99,-16137.1875
515.74,1468,49.1625,32.385,1468,7340000,474.37,-15805.3359375
793.33,1469,48.3742,31.5998,1469,7345000,1284.13,-15363.3974609375
1115.09,1470,47.3786,35.592,1470,7350000,1198.95,-15243.4072265625
791.35,1471,48.8319,49.9175,1471,7355000,569.18,-15700.0908203125
837.3,1472,47.7262,43.1242,1472,7360000,563.13,-15223.482421875
866.17,1473,47.8289,40.6634,1473,7365000,1729.22,-15497.0546875
639.19,1474,47.7265,35.1168,1474,7370000,458.72,-15835.341796875
485.4,1475,48.8996,47.9825,1475,7375000,479.13,-16095.21484375
630.89,1476,47.3801,46.6824,1476,7380000,687.15,-15552.7978515625
1200.87,1477,47.9205,34.2519,1477,7385000,1296.82,-15724.9111328125
1140.51,1478,46.886,27.561,1478,7390000,1588.23,-14767.6376953125
585.03,1479,49.0991,44.2616,1479,7395000,749.46,-16607.349609375
287.6,1480,49.6092,60.3399,1480,7400000,234.42,-16284.9580078125
343.71,1481,50.0708,61.2574,1481,7405000,504.95,-16670.77734375
616.25,1482,49.3056,54.2506,1482,7410000,800.17,-16564.369140625
430.26,1483,48.9316,57.4252,1483,7415000,434.49,-16301.18359375
477.77,1484,48.567,60.8181,1484,7420000,468.2,-16370.294921875
185.23,1485,50.4083,80.0807,1485,7425000,29.73,-17640.099609375
538.73,1486,49.3084,53.1631,1486,7430000,654.51,-16438.412109375
641.79,1487,48.6193,45.641,1487,7435000,583.81,-16128.9482421875
655.78,1488,48.3439,37.9722,1488,7440000,423.79,-16800.994140625
717.22,1489,48.069,40.6956,1489,7445000,1439.38,-16195.05078125
850.53,1490,47.8695,35.3967,1490,7450000,897.94,-15642.810546875
602.92,1491,48.6146,47.3384,1491,7455000,645.91,-16576.3125
573.76,1492,48.4682,38.6102,1492,7460000,617.92,-16946.15625
548.2,1493,48.8046,41.2154,1493,7465000,509.55,-15483.46484375
539.66,1494,47.8143,38.309,1494,7470000,651.33,-15801.2587890625
534.11,1495,48.9205,37.6848,1495,7475000,525.07,-15447.7666015625
552.99,1496,49.0851,29.4724,1496,7480000,671.16,-15360.505859375
501.27,1497,48.6216,54.81,1497,7485000,488.05,-16336.6298828125
495.05,1498,48.9623,53.5901,1498,7490000,590.1,-16351.0361328125
409.48,1499,48.9262,38.373,1499,7495000,635.14,-16550.212890625
