Reward Loss,Running Env Steps,Running Reverse KL,Real Det Return,Running Forward KL,Itration,Running Update Time,Real Sto Return
131.35487365722656,0,12.9729,259.53,49.4427,0,0,263.98
54.546878814697266,5000,21.594,463.67,49.2766,1,1,302.56
85.83740997314453,10000,18.4953,372.96,49.6845,2,2,337.37
95.54273223876953,15000,15.5275,379.71,49.2792,3,3,350.22
-115.93981170654297,20000,48.0229,316.17,50.0887,4,4,327.2
34.05995559692383,25000,21.0374,365.89,49.4633,5,5,352.3
-74.8569564819336,30000,25.2885,401.44,49.9613,6,6,426.54
68.67974853515625,35000,13.0392,116.02,50.0597,7,7,392.13
42.52910614013672,40000,14.9187,527.65,48.9953,8,8,479.05
-54.7668342590332,45000,25.4181,667.21,48.316,9,9,631.92
-39.36731719970703,50000,17.7977,513.29,49.0844,10,10,467.89
-137.37643432617188,55000,39.7606,758.07,48.3915,11,11,681.19
-111.54653930664062,60000,26.3772,710.09,47.3921,12,12,755.43
-134.82058715820312,65000,28.3013,666.59,47.9402,13,13,632.55
-157.6710968017578,70000,23.301,643.92,48.5932,14,14,687.5
-101.6155014038086,75000,16.4045,697.52,47.2888,15,15,654.34
-172.95387268066406,80000,22.4554,674.29,47.764,16,16,596.42
-150.61557006835938,85000,20.9981,805.72,47.0452,17,17,879.36
-29.478342056274414,90000,14.7111,837.95,47.3083,18,18,950.87
-109.64545440673828,95000,20.7305,733.34,47.5578,19,19,744.73
-51.348880767822266,100000,15.7759,1978.19,46.8407,20,20,1245.95
-105.20015716552734,105000,22.1158,2255.01,47.829,21,21,1778.79
-102.05390930175781,110000,17.8331,1077.06,47.6992,22,22,978.75
-88.5738296508789,115000,14.8212,2305.97,46.4567,23,23,1544.24
-95.33041381835938,120000,17.1593,649.47,47.2772,24,24,802.85
-124.83538818359375,125000,15.0195,1353.12,46.5626,25,25,1511.29
-123.87369537353516,130000,15.883,851.17,45.9529,26,26,1062.73
-139.48385620117188,135000,18.1203,1554.76,46.7333,27,27,1369.69
-138.64520263671875,140000,17.3484,1504.05,46.557,28,28,1277.45
-141.9665069580078,145000,16.6356,932.35,46.1653,29,29,956.39
-172.4610595703125,150000,15.4524,1177.76,46.7519,30,30,1107.33
-150.1493682861328,155000,15.7136,898.27,45.9115,31,31,1202.82
-234.15016174316406,160000,23.1303,1249.23,47.8451,32,32,1048.28
-221.95797729492188,165000,19.7609,1234.85,46.5669,33,33,1020.97
-160.9569091796875,170000,17.735,745.75,46.4462,34,34,1025.36
-233.0314483642578,175000,24.7169,1381.31,46.9324,35,35,1025.99
-293.14422607421875,180000,28.9768,1095.43,47.4403,36,36,909.02
-231.31967163085938,185000,19.53,1098.54,46.1886,37,37,1143.95
-228.16188049316406,190000,17.4697,939.82,46.1368,38,38,933.19
-306.41741943359375,195000,21.4354,968.12,46.5248,39,39,974.72
-269.538818359375,200000,23.4819,1545.34,46.6237,40,40,1004.68
-283.6652526855469,205000,19.8098,1569.95,46.7533,41,41,1077.15
-290.29937744140625,210000,21.9729,1251.15,46.1693,42,42,1037.67
-249.05517578125,215000,18.9765,1436.44,45.8563,43,43,1234.33
-399.2045593261719,220000,40.1717,700.87,47.05,44,44,790.31
-325.2371520996094,225000,17.6541,1217.81,46.2793,45,45,1254.5
-248.00584411621094,230000,18.7635,2825.84,46.0499,46,46,1766.45
-345.2367858886719,235000,28.7065,1904.16,46.2269,47,47,1417.46
-317.670654296875,240000,17.2826,1045.06,46.3519,48,48,1199.86
-377.3591613769531,245000,16.6817,1918.64,46.3584,49,49,1294.57
-393.5755615234375,250000,27.4531,1132.73,46.6542,50,50,1228.68
-326.6664123535156,255000,15.3219,1709.18,47.0532,51,51,748.65
-412.77008056640625,260000,26.7828,1198.63,46.1917,52,52,1326.45
-364.86346435546875,265000,21.2043,3179.46,45.9444,53,53,2640.97
-424.6036376953125,270000,17.2798,3638.83,45.6179,54,54,1617.2
-335.2823181152344,275000,14.4193,2041.94,45.1831,55,55,1640.49
-405.15667724609375,280000,19.0043,1274.19,46.0963,56,56,1742.51
-405.65081787109375,285000,18.1494,1127.84,46.0447,57,57,1278.94
-438.2017822265625,290000,23.0674,2725.97,46.0749,58,58,1334.0
-424.8186950683594,295000,19.9836,1132.26,45.6008,59,59,1176.47
-392.4980773925781,300000,14.7102,1752.39,45.9013,60,60,1387.77
-351.99169921875,305000,16.4387,2957.06,45.3741,61,61,2025.01
-409.55364990234375,310000,14.879,1406.79,45.19,62,62,1352.72
-379.7942810058594,315000,16.5828,1737.59,45.9937,63,63,1260.03
-425.81585693359375,320000,18.2088,1412.48,45.5558,64,64,1527.92
-514.6204223632812,325000,27.2817,3216.34,45.4693,65,65,1537.4
-472.8497314453125,330000,30.1704,2455.44,45.9924,66,66,2004.66
-478.9731140136719,335000,24.5576,3264.48,45.7375,67,67,1697.43
-509.14520263671875,340000,15.3246,888.01,46.0913,68,68,1239.89
-528.8233642578125,345000,21.81,1431.24,46.1818,69,69,1322.74
-433.6324768066406,350000,19.0847,1928.32,46.0813,70,70,1587.47
-558.3562622070312,355000,24.3177,1937.84,45.8624,71,71,1363.39
-426.4337463378906,360000,19.1404,2360.84,46.3519,72,72,1945.55
-517.8099975585938,365000,23.3889,1283.39,46.1999,73,73,1810.22
-535.038818359375,370000,14.5184,1157.72,45.8113,74,74,1085.95
-509.0535888671875,375000,19.4138,2130.28,45.6902,75,75,1810.59
-498.22998046875,380000,22.7685,2174.94,45.8555,76,76,1969.52
-627.6151733398438,385000,24.6511,1303.59,46.0954,77,77,1112.27
-517.849853515625,390000,22.4928,3461.35,46.0552,78,78,2157.66
-579.331298828125,395000,33.1567,3573.1,46.1596,79,79,2112.74
-638.3775634765625,400000,18.919,2524.08,46.1532,80,80,1767.19
-642.6265869140625,405000,20.3543,1719.51,45.7816,81,81,1456.93
-648.3131713867188,410000,17.9058,1540.5,46.1325,82,82,1444.71
-629.4083251953125,415000,19.3639,1999.55,46.0153,83,83,1271.62
-796.2529907226562,420000,41.5872,1696.44,46.3194,84,84,978.39
-661.6405029296875,425000,21.5908,3570.57,45.6494,85,85,996.93
-644.5888671875,430000,17.4116,1076.66,45.9583,86,86,1362.09
-665.0681762695312,435000,17.8215,1880.62,45.7907,87,87,1524.54
-660.074462890625,440000,22.6079,2584.92,45.0954,88,88,1944.81
-713.5615844726562,445000,20.1418,1746.6,46.4742,89,89,1419.84
-682.896484375,450000,16.623,1786.25,45.729,90,90,1354.17
-659.874755859375,455000,15.9062,2013.05,45.6292,91,91,1613.3
-702.0568237304688,460000,15.9739,1926.68,45.6751,92,92,1483.52
-595.0540161132812,465000,28.836,3478.77,45.3133,93,93,2490.22
-777.6978149414062,470000,28.5158,2302.62,45.7093,94,94,1761.94
-716.0836181640625,475000,15.3032,2169.29,45.5542,95,95,1895.0
-798.9500122070312,480000,18.7195,1643.44,45.4226,96,96,1307.49
-656.719482421875,485000,17.3208,2438.56,45.5735,97,97,1870.15
-631.0108642578125,490000,17.9325,3072.98,45.6909,98,98,1985.04
-740.9199829101562,495000,18.9596,1443.1,45.8504,99,99,1678.59
-652.0691528320312,500000,18.6722,3513.04,45.855,100,100,2392.28
-684.7673950195312,505000,14.1871,2791.81,45.4003,101,101,1790.47
-523.1803588867188,510000,20.235,3579.28,45.8036,102,102,2311.94
-614.5093994140625,515000,15.7398,3275.09,45.1783,103,103,2578.88
-874.7308349609375,520000,15.9577,133.03,46.9444,104,104,455.13
-732.2822265625,525000,15.7257,2458.15,44.8157,105,105,1943.5
-657.372314453125,530000,18.3598,3480.72,45.2105,106,106,2228.16
-909.6572875976562,535000,20.5297,1659.38,45.9962,107,107,1650.84
-571.475830078125,540000,19.3038,3307.56,44.9941,108,108,2474.19
-712.127197265625,545000,16.6043,2860.45,45.9432,109,109,2224.2
-818.4224853515625,550000,18.9015,2506.86,46.0271,110,110,2023.78
-572.8970947265625,555000,19.0329,3852.59,44.6865,111,111,2631.92
-847.08544921875,560000,19.7562,2529.16,45.3084,112,112,1925.41
-510.6487731933594,565000,20.1111,3631.31,45.4877,113,113,3336.66
-806.0776977539062,570000,20.8979,3600.7,45.1808,114,114,2895.88
-812.838623046875,575000,20.7411,3158.99,45.1926,115,115,2816.28
-773.3570556640625,580000,15.8385,2936.86,44.9066,116,116,2036.0
-693.1021118164062,585000,18.5659,3933.48,45.1532,117,117,2947.13
-622.4898681640625,590000,18.9582,3262.87,45.1393,118,118,2337.35
-885.2781982421875,595000,14.4251,2568.07,45.0924,119,119,1952.74
-794.3845825195312,600000,18.7003,3473.93,45.2083,120,120,2491.13
-817.3239135742188,605000,15.8221,3594.24,44.8107,121,121,3065.16
-623.826171875,610000,17.2057,3762.97,44.092,122,122,3192.1
-980.3997192382812,615000,16.3479,3357.95,44.9578,123,123,1855.49
-866.78076171875,620000,18.2847,3220.95,44.9174,124,124,2111.83
-694.88330078125,625000,18.6192,3389.77,44.8762,125,125,3177.51
-701.9180908203125,630000,18.1361,3197.99,45.6154,126,126,3081.97
-758.4188842773438,635000,16.2452,2884.25,45.4557,127,127,2866.75
-889.4010620117188,640000,13.7468,3602.57,45.0854,128,128,2446.37
-910.8811645507812,645000,15.356,3779.03,44.5195,129,129,2317.05
-829.3702392578125,650000,16.4053,3234.21,44.4681,130,130,3236.28
-886.78271484375,655000,15.4442,2287.24,46.0571,131,131,2259.12
-628.021728515625,660000,19.7811,3532.18,44.7222,132,132,3752.55
-639.9296875,665000,20.7083,3859.9,45.4438,133,133,3369.91
-770.9189453125,670000,19.9752,3835.65,45.0994,134,134,3416.48
-790.1831665039062,675000,17.5011,3888.4,44.1159,135,135,2709.16
-796.9678344726562,680000,15.9379,3861.75,44.8203,136,136,2828.51
-877.611572265625,685000,16.76,3089.28,44.8428,137,137,2257.13
-676.7012329101562,690000,21.3623,3961.08,45.0375,138,138,3285.64
-758.7931518554688,695000,18.1472,3272.95,44.9367,139,139,3664.41
-826.878662109375,700000,18.3702,3885.24,45.0253,140,140,3611.27
-752.1401977539062,705000,18.6639,3217.47,46.2018,141,141,3535.8
-835.3621215820312,710000,19.4562,3868.19,44.9528,142,142,2724.27
-846.3016357421875,715000,16.153,3599.25,44.4259,143,143,3023.98
-1004.8095092773438,720000,16.7153,3562.87,44.6481,144,144,2588.82
-1099.728515625,725000,16.1276,3482.4,45.1943,145,145,2059.66
-1124.88134765625,730000,18.3228,3352.9,44.9663,146,146,1968.94
-952.5494995117188,735000,19.8864,3841.27,44.7089,147,147,2870.99
-1293.6094970703125,740000,14.6167,3403.37,45.1463,148,148,2306.45
-1085.907958984375,745000,16.9353,3641.59,44.61,149,149,2557.01
-1002.920166015625,750000,17.2269,3906.58,44.4914,150,150,2949.75
-949.41845703125,755000,17.8342,3955.11,44.8982,151,151,2446.96
-1225.96337890625,760000,19.1518,3990.66,44.7203,152,152,2745.27
-1034.6396484375,765000,17.8102,3393.27,44.4914,153,153,3145.75
-859.6410522460938,770000,19.2083,4045.64,44.5301,154,154,2973.32
-1116.36376953125,775000,18.3964,3970.46,44.5616,155,155,2347.25
-1056.9620361328125,780000,17.3943,3595.91,44.4963,156,156,3095.6
-1022.963623046875,785000,18.2637,3567.76,44.3813,157,157,3040.58
-845.3483276367188,790000,19.689,3532.66,44.8194,158,158,3676.55
-865.4081420898438,795000,18.6143,3449.88,44.4679,159,159,3124.27
-1115.897705078125,800000,19.8107,3576.87,44.5489,160,160,2870.32
-1125.590087890625,805000,16.3463,3197.65,44.6345,161,161,2689.59
-971.8075561523438,810000,17.7896,3441.89,44.5508,162,162,3423.86
-871.3468627929688,815000,19.4602,3622.44,44.9868,163,163,3720.09
-1015.8615112304688,820000,16.9559,3446.06,44.6204,164,164,3578.79
-1172.5836181640625,825000,16.0778,3819.54,44.2667,165,165,2544.57
-1141.782470703125,830000,16.7643,3996.4,44.6838,166,166,2813.97
-961.0364379882812,835000,17.3789,3379.61,43.9188,167,167,3450.83
-1011.5728149414062,840000,16.1888,3400.47,44.5984,168,168,3488.86
-1028.970947265625,845000,16.4484,3473.36,44.1399,169,169,2790.97
-922.2128295898438,850000,17.8639,3550.22,44.7027,170,170,3605.83
-1039.988525390625,855000,16.8951,3403.74,44.5018,171,171,3207.99
-934.291748046875,860000,20.1036,3253.26,45.1564,172,172,3641.07
-1271.8875732421875,865000,15.2688,3509.61,44.81,173,173,2687.83
-1159.5303955078125,870000,17.6681,3469.27,44.7559,174,174,2350.14
-1019.9971313476562,875000,19.924,3505.89,44.8855,175,175,3010.27
-1415.1131591796875,880000,16.0059,2964.62,45.283,176,176,1923.95
-1377.2930908203125,885000,14.1696,3215.17,44.5963,177,177,2486.55
-1060.6260986328125,890000,17.0247,3511.64,45.1258,178,178,3515.89
-1200.010986328125,895000,15.4989,3477.56,44.3199,179,179,2992.33
-1120.6485595703125,900000,18.8811,4016.37,44.8457,180,180,3455.75
-1363.0228271484375,905000,16.7108,4094.91,44.9747,181,181,3199.67
-1272.6483154296875,910000,15.645,3602.12,44.901,182,182,3095.22
-1320.7249755859375,915000,14.9205,3938.8,44.3985,183,183,3158.63
-1173.1771240234375,920000,17.3547,3840.5,44.5986,184,184,2707.76
-1028.668212890625,925000,18.7839,3680.8,44.8437,185,185,3719.78
-1081.42041015625,930000,17.8257,3421.12,45.0186,186,186,3621.39
-1399.150390625,935000,16.0259,3543.58,43.9637,187,187,2734.31
-1073.1514892578125,940000,17.9055,3724.05,44.324,188,188,3466.73
-1091.0277099609375,945000,19.2898,3220.47,44.7888,189,189,3822.43
-1234.4248046875,950000,16.5399,4092.18,44.4373,190,190,3714.14
-1122.454833984375,955000,18.7911,3546.93,44.6673,191,191,3326.94
-1627.5194091796875,960000,21.677,-0.58,45.1754,192,192,803.41
-1782.9124755859375,965000,44.0877,234.79,48.4312,193,193,1090.08
-1479.880126953125,970000,16.0759,1153.71,44.5314,194,194,2672.73
-1528.229736328125,975000,15.292,3697.53,44.5273,195,195,2725.83
-1432.07666015625,980000,19.2654,3929.32,44.4548,196,196,3017.7
-1278.066650390625,985000,16.9389,3529.35,45.1932,197,197,3146.86
-1724.6943359375,990000,21.223,3990.76,44.7703,198,198,2574.54
-1216.056396484375,995000,19.8964,3847.44,44.2626,199,199,2939.59
-1314.4793701171875,1000000,18.4775,3341.58,44.8692,200,200,3436.53
-1473.48486328125,1005000,20.045,3804.21,44.4051,201,201,3214.98
-1391.4891357421875,1010000,18.0278,3359.59,44.3308,202,202,3587.71
-1363.779296875,1015000,20.0467,3527.18,44.4846,203,203,3374.19
-1262.8267822265625,1020000,17.4184,3165.15,45.1707,204,204,3694.07
-1358.2552490234375,1025000,18.0632,3197.9,44.3193,205,205,3574.09
-1281.1378173828125,1030000,18.0847,2896.87,44.4056,206,206,3533.58
-1320.774169921875,1035000,20.2681,3212.79,44.7449,207,207,3453.68
-1445.626953125,1040000,19.3388,3273.69,44.4847,208,208,3629.35
-1309.1029052734375,1045000,18.9881,3114.19,45.6652,209,209,3563.13
-1548.1033935546875,1050000,20.8491,3409.27,44.5778,210,210,3395.54
-1255.404541015625,1055000,18.6129,3244.67,44.7873,211,211,3516.67
-1607.023193359375,1060000,18.2175,3702.97,44.1777,212,212,3154.23
-1387.342529296875,1065000,19.0636,3379.19,44.5546,213,213,3442.81
-1514.0242919921875,1070000,18.3413,3232.52,44.5644,214,214,3281.43
-1470.62939453125,1075000,17.6856,3231.63,44.4929,215,215,3367.97
-1485.2509765625,1080000,17.0847,3262.17,44.936,216,216,3629.12
-1519.18310546875,1085000,18.9726,3305.98,44.671,217,217,3544.76
-1552.6390380859375,1090000,18.621,3287.74,44.4115,218,218,3577.11
-1569.03466796875,1095000,18.759,3413.29,44.1822,219,219,3332.56
-1450.5474853515625,1100000,21.0917,3311.54,44.6074,220,220,3740.24
-1508.6734619140625,1105000,17.9211,3184.62,44.7056,221,221,3572.25
-1591.62939453125,1110000,16.8228,3485.57,44.259,222,222,3474.22
-1546.1845703125,1115000,18.6571,3773.22,45.0694,223,223,3471.54
-1387.331787109375,1120000,19.0933,3833.0,45.3074,224,224,3706.59
-1460.87646484375,1125000,18.6751,3373.73,44.666,225,225,3790.47
-1446.71484375,1130000,18.2009,3491.75,44.2929,226,226,3384.23
-1547.411865234375,1135000,17.9041,3423.1,44.641,227,227,3591.55
-1608.0501708984375,1140000,17.3444,3474.54,44.4724,228,228,3698.49
-1755.457275390625,1145000,16.0623,3456.29,44.1702,229,229,3418.22
-1692.1141357421875,1150000,16.5996,3302.21,44.5083,230,230,3671.19
-1580.897216796875,1155000,17.34,3619.06,44.1078,231,231,3031.47
-1620.80859375,1160000,17.9199,3531.28,44.2996,232,232,3487.67
-1649.3695068359375,1165000,17.0532,3532.7,44.4683,233,233,3656.99
-1550.6478271484375,1170000,18.249,3593.3,44.5782,234,234,3511.49
-1628.297607421875,1175000,17.3933,3422.07,44.1045,235,235,3681.25
-1478.8321533203125,1180000,18.4652,3398.14,44.7811,236,236,3712.77
-1732.0283203125,1185000,17.4324,3392.63,44.0079,237,237,3663.92
-1646.6993408203125,1190000,17.7189,3757.67,44.9332,238,238,3695.32
-1760.7996826171875,1195000,17.2929,3716.3,44.6206,239,239,3557.01
-1621.7490234375,1200000,18.2457,3410.01,44.6539,240,240,3766.93
-1571.2376708984375,1205000,18.3508,3304.49,44.6088,241,241,3786.92
-1854.0478515625,1210000,16.7312,3325.15,44.5353,242,242,3849.94
-1883.672607421875,1215000,16.8053,3270.93,44.3261,243,243,3124.15
-1766.1895751953125,1220000,17.4139,3692.41,44.4722,244,244,3805.38
-1684.99462890625,1225000,17.8233,3222.72,44.4238,245,245,3252.97
-1731.6380615234375,1230000,17.6169,3252.41,44.8212,246,246,3548.86
-1774.17236328125,1235000,18.0986,3313.02,44.6998,247,247,3664.19
-1857.0675048828125,1240000,16.7497,3449.68,44.1392,248,248,3257.7
-1810.5401611328125,1245000,17.1978,3285.84,44.041,249,249,3748.68
-1822.66748046875,1250000,17.58,3831.23,44.0953,250,250,3656.62
-1747.15771484375,1255000,18.5605,3848.03,44.339,251,251,3511.32
-2052.2958984375,1260000,18.948,3098.89,44.3736,252,252,3528.37
-1876.52490234375,1265000,16.7649,3669.98,44.1638,253,253,3560.95
-1856.961181640625,1270000,17.8433,3449.39,44.0819,254,254,3273.24
-2147.201904296875,1275000,15.9373,3424.08,44.1257,255,255,3177.3
-2016.6143798828125,1280000,15.8586,3422.4,43.9616,256,256,3460.46
-1835.61572265625,1285000,17.6393,3457.24,44.0225,257,257,3547.02
-1877.08203125,1290000,17.4172,3360.65,43.7481,258,258,3659.45
-1944.0029296875,1295000,17.5688,3201.57,43.824,259,259,3245.05
-1962.9986572265625,1300000,17.1253,3335.04,44.2075,260,260,3505.03
-2158.949951171875,1305000,15.7006,3214.96,43.9009,261,261,3689.31
-2116.588623046875,1310000,16.8467,3249.72,44.3765,262,262,3801.76
-1890.169189453125,1315000,17.4286,3715.28,43.8579,263,263,3601.14
-2203.1923828125,1320000,15.6794,3264.36,44.2445,264,264,3286.82
-1923.956787109375,1325000,18.5731,3261.72,44.8048,265,265,3749.24
-2000.6370849609375,1330000,18.2601,3307.83,44.799,266,266,3585.31
-1964.9747314453125,1335000,18.3924,3371.42,44.6432,267,267,3667.72
-1934.514892578125,1340000,18.2524,3275.13,44.6242,268,268,3858.42
-1981.314453125,1345000,17.6102,3188.31,44.6632,269,269,3583.42
-2054.389892578125,1350000,17.1397,3412.32,43.7874,270,270,3737.89
-2141.544921875,1355000,16.8379,3406.67,44.2756,271,271,3658.78
-2085.608154296875,1360000,17.4753,3666.64,43.9519,272,272,3822.12
-1987.4874267578125,1365000,17.8939,3712.15,44.7068,273,273,3426.91
-2195.00732421875,1370000,16.9414,3725.49,44.3813,274,274,3639.42
-2006.459228515625,1375000,18.02,3526.59,44.4142,275,275,3676.53
-2356.27197265625,1380000,15.6851,3763.5,44.189,276,276,3420.82
-2263.10498046875,1385000,17.1551,3501.86,44.0684,277,277,3084.87
-2069.901123046875,1390000,18.0713,2685.54,44.507,278,278,3218.05
-2212.56884765625,1395000,17.1143,3459.48,43.6434,279,279,3557.43
-2313.935302734375,1400000,15.7523,3646.77,43.909,280,280,2999.73
-2110.42822265625,1405000,17.5903,3924.63,44.3279,281,281,3791.61
-2300.122802734375,1410000,16.4546,3819.4,44.4509,282,282,3314.8
-2682.07763671875,1415000,15.6754,2458.47,43.9968,283,283,3063.65
-2536.724609375,1420000,16.3942,3464.92,44.2589,284,284,3057.5
-2360.7978515625,1425000,19.2006,3999.97,43.9818,285,285,3345.45
-2469.065185546875,1430000,16.3918,3980.14,44.1522,286,286,3010.23
-2294.3330078125,1435000,18.1027,4051.3,43.9875,287,287,3555.27
-2181.036376953125,1440000,18.4064,4031.53,44.2223,288,288,3513.49
-2343.78759765625,1445000,16.9452,4058.72,44.0671,289,289,3802.09
-2438.77880859375,1450000,16.2701,3766.86,43.9663,290,290,3570.24
-2414.130615234375,1455000,17.0073,3857.74,43.9957,291,291,3277.8
-2285.715576171875,1460000,18.2873,3676.71,43.9297,292,292,3674.42
-2889.705810546875,1465000,15.538,3829.26,43.8225,293,293,3191.13
-2512.450439453125,1470000,17.3657,3958.55,43.8616,294,294,3695.59
-2427.71923828125,1475000,17.7116,3477.09,44.0035,295,295,3345.49
-2691.394775390625,1480000,15.8964,2059.87,44.2279,296,296,3714.6
-2524.116455078125,1485000,17.6459,4014.31,44.2344,297,297,3805.66
-2596.95947265625,1490000,17.122,4086.72,43.8533,298,298,3551.62
-2598.296630859375,1495000,17.2458,4011.94,44.2427,299,299,3629.86
-2323.03759765625,1500000,19.1939,4130.41,44.1508,300,300,4042.46
-2645.900146484375,1505000,17.674,3678.48,43.8871,301,301,3492.59
-2370.687744140625,1510000,18.3623,4116.05,43.787,302,302,3585.74
-2660.2822265625,1515000,17.295,4068.23,43.9955,303,303,3314.0
-2844.045166015625,1520000,17.8069,3831.74,43.9781,304,304,2950.38
-2934.56005859375,1525000,17.023,3837.73,44.235,305,305,3275.54
-2678.26318359375,1530000,17.1123,3881.96,44.2141,306,306,3419.98
-2633.62158203125,1535000,17.91,4056.36,44.4663,307,307,3745.11
-2731.69189453125,1540000,18.2586,4022.18,43.8738,308,308,3055.75
-2593.355224609375,1545000,18.0844,3852.61,44.1794,309,309,3758.47
-2666.470947265625,1550000,17.7436,4005.15,44.4596,310,310,3686.25
-2676.2255859375,1555000,17.1982,3625.14,44.1301,311,311,3380.92
-2825.78662109375,1560000,18.6893,4039.94,44.2747,312,312,3248.3
-2778.7470703125,1565000,19.4791,4108.24,44.0369,313,313,3379.99
-3054.011474609375,1570000,18.0859,4020.24,44.3064,314,314,3788.78
-2746.590576171875,1575000,18.1605,4097.2,44.0983,315,315,3634.25
-3038.645263671875,1580000,19.0107,3982.41,43.6139,316,316,3026.8
-2775.703369140625,1585000,19.5709,4086.46,44.4068,317,317,3803.39
-2831.165283203125,1590000,17.4836,4094.21,43.8155,318,318,3563.65
-2779.718017578125,1595000,17.8691,4046.76,43.6804,319,319,3282.55
-2766.08544921875,1600000,17.2801,3862.76,43.9953,320,320,3641.98
-2814.240234375,1605000,18.0325,3961.28,43.983,321,321,3795.14
-2836.64453125,1610000,18.2914,3772.67,43.8754,322,322,3008.01
-3088.14453125,1615000,15.9573,3855.73,44.0805,323,323,2648.27
-2975.711181640625,1620000,16.7446,4039.34,44.0891,324,324,3388.53
-2930.294189453125,1625000,18.1397,4013.93,44.4636,325,325,3627.38
-2952.65576171875,1630000,17.6648,4103.82,44.322,326,326,3275.4
-3039.92724609375,1635000,16.9389,4049.21,44.3085,327,327,3335.18
-2999.622314453125,1640000,16.7119,4009.82,44.0911,328,328,3506.04
-2946.748291015625,1645000,18.6836,4076.29,44.4052,329,329,3761.49
-3224.69091796875,1650000,15.9339,4034.27,44.1166,330,330,3640.99
-3100.3671875,1655000,17.5089,4113.24,44.5314,331,331,3436.11
-3051.3564453125,1660000,17.0648,3970.74,43.9046,332,332,3746.58
-2977.6572265625,1665000,17.6983,4023.17,44.066,333,333,3620.67
-3214.304931640625,1670000,15.8969,4064.36,44.236,334,334,3886.7
-3217.828125,1675000,18.2493,4085.31,44.2976,335,335,3782.04
-3079.88330078125,1680000,16.7999,4079.77,43.8903,336,336,3887.26
-3235.13671875,1685000,16.9886,4043.6,44.5257,337,337,3852.74
-3199.551513671875,1690000,22.658,4104.29,43.7326,338,338,3865.42
-3066.155517578125,1695000,18.5692,4136.01,43.9641,339,339,3410.22
-3204.774658203125,1700000,17.1566,4166.17,43.5571,340,340,3348.12
-3153.960693359375,1705000,17.7395,4129.81,43.7121,341,341,3711.72
-3261.42822265625,1710000,16.4777,4142.86,43.5537,342,342,3612.72
-3270.155029296875,1715000,17.3144,4193.41,43.4958,343,343,3827.61
-3161.048583984375,1720000,18.5182,4203.85,43.6456,344,344,3462.27
-3653.03759765625,1725000,15.3524,4144.06,43.9418,345,345,3595.36
-3331.97021484375,1730000,17.2471,4170.7,43.6898,346,346,3594.98
-3450.7294921875,1735000,16.996,4143.65,43.5079,347,347,3782.25
-3321.652587890625,1740000,17.3197,4070.81,43.5949,348,348,4022.68
-3456.36181640625,1745000,16.1105,4139.35,43.7462,349,349,3930.82
-3346.5791015625,1750000,17.7562,4158.99,43.5089,350,350,3764.95
-3391.077392578125,1755000,18.1756,4109.45,43.6122,351,351,3703.95
-3308.04736328125,1760000,18.9349,4167.5,44.1207,352,352,3805.28
-3372.18603515625,1765000,18.7209,3963.46,44.0626,353,353,3926.69
-3386.24169921875,1770000,18.6825,3944.61,44.2071,354,354,3788.26
-3345.73388671875,1775000,18.2475,3956.99,43.6199,355,355,3605.77
-3414.40234375,1780000,18.6255,3737.2,43.8156,356,356,3579.45
-3378.69482421875,1785000,18.2504,4080.8,44.1023,357,357,3985.84
-3443.393310546875,1790000,17.7622,3972.7,44.0839,358,358,3900.26
-3319.00341796875,1795000,19.0291,4070.8,44.0929,359,359,4027.13
-3376.740966796875,1800000,18.6115,3926.29,44.0132,360,360,4083.46
-3392.7548828125,1805000,17.8386,3764.7,43.677,361,361,3962.89
-3477.272705078125,1810000,17.9758,4036.23,44.3825,362,362,3608.55
-3407.572265625,1815000,19.7491,3870.65,44.1629,363,363,4059.66
-3443.51416015625,1820000,18.6965,3856.14,44.3144,364,364,3488.52
-3565.9375,1825000,17.9701,3778.45,43.9366,365,365,4056.44
-5199.50390625,1830000,18.8499,29.73,48.2194,366,366,211.17
-4270.4775390625,1835000,15.1614,1968.91,44.6432,367,367,2844.76
-4264.90283203125,1840000,18.8437,3856.1,44.1439,368,368,2870.7
-3709.478515625,1845000,18.1985,1349.64,44.0276,369,369,2902.6
-3677.5966796875,1850000,18.5402,3836.56,43.8784,370,370,3509.1
-3555.234375,1855000,18.2559,4023.52,43.9488,371,371,3961.07
-3731.852294921875,1860000,17.0893,3871.73,43.8645,372,372,3525.57
-3581.71435546875,1865000,18.6037,3832.71,43.8443,373,373,3768.5
-3636.668212890625,1870000,17.6571,3993.17,44.0091,374,374,3875.15
-3677.27783203125,1875000,18.0419,4069.93,43.8841,375,375,3848.37
-3736.135498046875,1880000,18.02,3882.51,43.8383,376,376,3967.38
-3912.43115234375,1885000,17.9354,4061.92,43.9595,377,377,3485.42
-3829.54736328125,1890000,17.5174,3822.17,43.6905,378,378,3765.84
-4030.275390625,1895000,17.8756,4071.87,43.4032,379,379,4008.87
-3975.638427734375,1900000,18.4944,4104.34,43.7578,380,380,3529.22
-3660.63427734375,1905000,19.6662,3914.24,43.7521,381,381,3884.56
-3800.464599609375,1910000,18.2871,3833.09,44.065,382,382,4024.98
-3904.85107421875,1915000,17.0606,4016.44,43.5736,383,383,3859.31
-3931.875244140625,1920000,18.1128,4047.21,44.0546,384,384,3803.62
-4014.677490234375,1925000,17.3198,3989.55,43.481,385,385,3636.85
-4345.31689453125,1930000,15.2732,3730.76,43.4943,386,386,3598.67
-4048.224365234375,1935000,17.3746,3722.43,43.5285,387,387,3388.99
-4152.27587890625,1940000,16.5974,3799.43,43.9096,388,388,3130.5
-4246.91796875,1945000,16.1168,3851.3,43.6575,389,389,3632.98
-3996.20703125,1950000,18.2032,4061.51,43.6693,390,390,3744.37
-4076.80029296875,1955000,18.3866,3988.78,43.4061,391,391,3146.13
-4290.67041015625,1960000,18.3542,4036.13,43.2455,392,392,4005.28
-4180.83056640625,1965000,17.9079,3939.89,43.5918,393,393,3644.36
-4052.175537109375,1970000,18.4958,3990.51,43.5671,394,394,3936.56
-4125.7255859375,1975000,17.8345,3989.34,43.3724,395,395,3519.47
-4205.28515625,1980000,16.5031,4052.59,43.687,396,396,3481.71
-4192.98876953125,1985000,17.9607,3862.68,44.0399,397,397,3710.97
-4239.81494140625,1990000,18.4836,3969.26,43.9629,398,398,3881.99
-4243.32568359375,1995000,19.0889,4006.68,43.746,399,399,4000.94
-4495.19921875,2000000,21.994,4034.52,43.9875,400,400,3786.86
-4449.17431640625,2005000,20.3951,3937.06,44.3515,401,401,3953.32
-4182.2958984375,2010000,18.3848,3777.62,43.9457,402,402,3884.44
-4540.568359375,2015000,17.8484,3922.23,43.8791,403,403,3976.49
-4247.37548828125,2020000,18.5176,4105.25,43.5161,404,404,3868.2
-4384.916015625,2025000,17.7827,4107.46,43.9835,405,405,3903.49
-4276.13427734375,2030000,19.6952,4078.46,43.9729,406,406,3933.07
-4369.8759765625,2035000,19.3143,4078.1,44.2549,407,407,3766.05
-4569.46484375,2040000,17.6807,4143.16,43.841,408,408,3940.36
-4294.08056640625,2045000,18.6556,4012.26,44.2194,409,409,3925.08
-4245.63720703125,2050000,19.1228,4144.37,44.1341,410,410,3980.51
-4388.53955078125,2055000,18.0943,4128.08,44.0647,411,411,3690.91
-4374.86328125,2060000,17.9731,4103.65,43.8993,412,412,3997.37
-4425.8125,2065000,18.3724,3998.31,43.8723,413,413,4037.25
-4346.748046875,2070000,19.1177,4086.1,44.242,414,414,4073.5
-4451.787109375,2075000,18.0589,4064.55,43.6838,415,415,3652.33
-4377.84130859375,2080000,19.3122,4063.61,44.239,416,416,3801.2
-4427.306640625,2085000,19.5324,3966.72,44.0823,417,417,4089.83
-4637.7314453125,2090000,17.954,4058.0,43.7897,418,418,4004.07
-4377.18115234375,2095000,19.5239,4076.09,43.8268,419,419,4010.26
-4517.33837890625,2100000,18.9772,4104.1,44.0007,420,420,3971.34
-4505.66845703125,2105000,19.329,4170.28,43.7747,421,421,4068.72
-4538.51611328125,2110000,19.0294,3658.83,44.453,422,422,3967.41
-4639.0703125,2115000,19.1498,4144.7,43.9079,423,423,3822.66
-4807.572265625,2120000,18.6666,4141.14,43.8288,424,424,4043.28
-4752.46142578125,2125000,18.0309,3971.41,43.7498,425,425,4077.92
-4751.56298828125,2130000,17.6135,4160.18,43.3588,426,426,4008.4
-4711.560546875,2135000,18.624,4146.83,43.5933,427,427,4146.3
-4788.38330078125,2140000,18.418,4217.77,43.7806,428,428,4048.87
-4632.0224609375,2145000,20.477,4138.55,43.7928,429,429,4029.77
-4747.33935546875,2150000,19.0899,4018.82,44.2987,430,430,3993.24
-4760.67431640625,2155000,19.2576,4058.92,44.2502,431,431,3651.22
-4628.6669921875,2160000,19.7079,4108.44,44.0509,432,432,3852.51
-4821.11279296875,2165000,18.2635,4019.82,44.0936,433,433,3925.9
-4747.56005859375,2170000,18.5814,4209.25,43.7299,434,434,4162.11
-4810.39501953125,2175000,18.648,4092.64,44.0566,435,435,4048.74
-4981.95068359375,2180000,16.6578,4019.1,43.6533,436,436,3976.32
-4865.044921875,2185000,18.9807,4068.56,43.8802,437,437,3595.66
-4919.79736328125,2190000,18.1796,4153.2,43.8761,438,438,3968.16
-4886.41064453125,2195000,18.0694,4130.84,43.5357,439,439,4001.92
-4986.173828125,2200000,17.4873,4063.58,43.3547,440,440,4027.09
-4966.08984375,2205000,18.0229,3965.32,43.3299,441,441,3899.73
-5034.5625,2210000,19.0474,3771.09,44.0483,442,442,4097.19
-4926.13427734375,2215000,18.8448,4163.57,43.7996,443,443,4032.24
-4993.9013671875,2220000,19.4521,3857.54,44.3222,444,444,3688.54
-5398.4970703125,2225000,18.9227,3591.76,43.4338,445,445,3880.11
-5065.57421875,2230000,18.2609,4180.74,43.5082,446,446,3935.3
-5294.94921875,2235000,19.875,3879.8,43.9341,447,447,3877.47
-5285.45166015625,2240000,18.424,4126.73,44.113,448,448,3922.3
-5291.1005859375,2245000,19.4669,4127.78,44.0027,449,449,4069.82
-5299.14453125,2250000,18.3204,3965.01,43.534,450,450,4098.45
-5430.83154296875,2255000,20.1885,3860.73,43.8418,451,451,4105.43
-5284.01806640625,2260000,19.2477,4128.18,44.0347,452,452,3640.83
-5400.17138671875,2265000,18.467,4108.1,43.7305,453,453,4008.22
-5469.50146484375,2270000,17.5534,4079.16,43.6356,454,454,3942.78
-5508.27880859375,2275000,20.6409,4101.08,43.6069,455,455,4179.56
-5354.4619140625,2280000,18.4797,4047.86,43.6498,456,456,4010.86
-5605.498046875,2285000,19.7655,4032.8,43.8473,457,457,3835.04
-5458.50390625,2290000,17.8234,4085.74,43.3278,458,458,4141.91
-5826.91650390625,2295000,26.4715,4242.88,43.8074,459,459,3040.36
-5757.3203125,2300000,23.3346,4171.21,44.0335,460,460,3770.21
-5539.5419921875,2305000,19.4711,4200.42,43.6063,461,461,4030.97
-5628.68017578125,2310000,18.5548,4139.35,43.6878,462,462,3960.12
-5530.17236328125,2315000,19.0954,4189.67,43.522,463,463,4150.17
-5664.517578125,2320000,18.499,4097.08,43.9436,464,464,4054.26
-5575.06298828125,2325000,18.8569,4057.52,43.6199,465,465,4123.87
-5598.10205078125,2330000,19.1296,4092.53,43.528,466,466,4147.93
-5652.26220703125,2335000,18.9897,4049.3,43.8306,467,467,4136.91
-5500.69140625,2340000,18.5661,4181.99,43.6162,468,468,4172.85
-5648.55078125,2345000,19.3619,4116.01,43.8882,469,469,4113.67
-5723.0263671875,2350000,18.4941,4060.59,43.651,470,470,3917.74
-5692.2451171875,2355000,18.6596,4175.35,43.1218,471,471,4117.34
-5763.29931640625,2360000,18.5939,4217.33,43.3199,472,472,4052.36
-5636.2822265625,2365000,19.2509,4168.13,43.9256,473,473,4091.71
-5734.84033203125,2370000,19.5801,4218.15,43.8678,474,474,4168.44
-5659.04345703125,2375000,19.2992,4105.96,43.7577,475,475,3825.55
-5922.0615234375,2380000,19.2654,4070.37,43.9756,476,476,4039.16
-5825.42138671875,2385000,18.8026,4028.95,43.8993,477,477,4147.85
-5810.68310546875,2390000,19.7191,4085.23,43.6295,478,478,4169.1
-5912.09423828125,2395000,19.3147,4187.72,44.0397,479,479,4171.5
-5865.99658203125,2400000,19.0586,4132.01,43.9471,480,480,4106.77
-5779.4267578125,2405000,20.4427,4226.11,43.9582,481,481,4227.62
-6045.05517578125,2410000,19.3647,4022.18,43.8646,482,482,4170.02
-6006.65478515625,2415000,19.951,4104.09,44.0745,483,483,4159.79
-6000.25732421875,2420000,19.1321,4153.05,43.9597,484,484,4109.32
-5969.86669921875,2425000,20.2453,4118.7,43.9476,485,485,4141.71
-6086.197265625,2430000,20.1919,4270.59,43.4986,486,486,4190.31
-5974.43212890625,2435000,19.4309,4045.95,43.4253,487,487,4203.78
-6192.4892578125,2440000,19.1215,4117.11,43.6771,488,488,3991.72
-6155.7578125,2445000,20.0408,4245.38,43.8121,489,489,4229.46
-6154.333984375,2450000,18.8376,3947.14,43.5265,490,490,4201.48
-6224.81201171875,2455000,20.5754,4021.16,43.7846,491,491,4002.89
-6104.89111328125,2460000,19.068,4155.6,43.81,492,492,3972.31
-6111.19580078125,2465000,18.7107,3949.56,43.5472,493,493,4163.3
-6164.94970703125,2470000,19.1544,3553.36,43.8613,494,494,4124.37
-6273.72900390625,2475000,20.6601,3844.83,43.5045,495,495,4129.59
-6158.0830078125,2480000,18.5892,4133.4,43.5557,496,496,4089.68
-6449.12353515625,2485000,22.0685,3998.84,43.9389,497,497,4087.02
-6323.365234375,2490000,18.9891,4278.22,43.7372,498,498,4169.04
-6395.458984375,2495000,19.0454,3925.97,43.8233,499,499,4091.17
-6302.56640625,2500000,19.5744,4334.39,43.7537,500,500,4269.66
-6318.69287109375,2505000,19.2278,3952.16,43.8961,501,501,4162.43
-6400.4140625,2510000,18.1988,4051.03,43.6841,502,502,3974.75
-6280.54345703125,2515000,18.8991,4299.53,43.8712,503,503,4111.34
-6454.04833984375,2520000,18.5717,4235.98,43.1565,504,504,4227.34
-6425.291015625,2525000,18.9855,3663.19,43.7482,505,505,4162.21
-6362.23486328125,2530000,18.2664,3960.13,43.7462,506,506,4153.07
-6607.95166015625,2535000,18.8001,3658.82,43.7188,507,507,4081.89
-6909.33203125,2540000,18.7044,3716.46,43.9277,508,508,3954.23
-6580.90087890625,2545000,19.4674,3783.3,43.8398,509,509,4049.62
-6557.041015625,2550000,18.1495,4160.25,44.1025,510,510,4029.23
-6589.24267578125,2555000,18.5852,3472.99,44.2958,511,511,3956.02
-6575.59716796875,2560000,17.9026,3897.93,43.0997,512,512,3694.61
-7055.751953125,2565000,27.6846,3517.09,44.0467,513,513,3950.95
-6549.07275390625,2570000,17.9959,3291.85,43.9402,514,514,3957.36
-6766.1689453125,2575000,19.0641,4058.72,44.0747,515,515,4005.47
-6633.18701171875,2580000,18.2026,3380.31,43.8995,516,516,3927.07
-6629.23779296875,2585000,18.2993,3304.1,43.9068,517,517,4074.84
-6610.0927734375,2590000,18.0244,3459.8,43.6783,518,518,4028.15
-6662.57568359375,2595000,17.8469,3227.97,43.8964,519,519,4044.57
-6623.13720703125,2600000,18.1596,3586.18,43.5271,520,520,3824.73
-6793.77392578125,2605000,18.5729,4021.53,43.5682,521,521,4098.21
-6939.5126953125,2610000,21.7692,4209.37,43.3524,522,522,4076.88
-6916.43505859375,2615000,18.5273,3694.52,43.7126,523,523,3952.89
-6914.52685546875,2620000,17.7269,3645.66,43.594,524,524,4183.48
-6909.46142578125,2625000,18.3318,3945.74,43.8162,525,525,4086.12
-6822.16943359375,2630000,17.4465,4020.83,43.5096,526,526,3928.8
-6904.39453125,2635000,18.6013,4056.79,43.3937,527,527,4133.75
-6938.00732421875,2640000,17.9761,4089.64,43.7659,528,528,4023.55
-6805.216796875,2645000,18.6909,4230.88,43.725,529,529,4051.43
-6740.19873046875,2650000,18.2905,3894.2,43.811,530,530,4156.08
-7030.00048828125,2655000,18.227,4166.04,43.835,531,531,4204.23
-6880.1318359375,2660000,18.0559,4107.27,43.6965,532,532,4010.09
-7068.75048828125,2665000,18.2157,4112.33,43.7758,533,533,4144.05
-6873.9599609375,2670000,17.4776,4074.85,43.3727,534,534,4125.33
-6951.73388671875,2675000,18.5299,4178.4,43.6317,535,535,4159.11
-7090.064453125,2680000,18.7804,4041.94,43.5317,536,536,4008.55
-7005.11669921875,2685000,17.857,4076.22,43.6318,537,537,4113.29
-7076.29296875,2690000,18.387,4139.82,43.6792,538,538,4100.74
-7241.85986328125,2695000,18.4956,3963.45,43.874,539,539,4138.85
-7383.56884765625,2700000,18.5034,4063.03,43.8004,540,540,4104.38
-7290.2236328125,2705000,18.0832,3812.61,43.6182,541,541,4097.03
-7212.544921875,2710000,18.8342,4079.54,44.009,542,542,3981.28
-7209.1083984375,2715000,19.0312,4135.66,43.6539,543,543,4178.87
-7317.7666015625,2720000,19.4347,4330.81,43.1481,544,544,4162.34
-7229.47802734375,2725000,18.3428,4251.09,43.4912,545,545,4119.32
-7443.76611328125,2730000,24.6494,4117.04,43.728,546,546,3785.85
-7381.89013671875,2735000,19.2893,4100.08,43.5119,547,547,4119.51
-7314.50927734375,2740000,18.5991,4309.43,43.448,548,548,4226.84
-7398.546875,2745000,17.965,4142.19,43.3378,549,549,3938.68
-7399.6259765625,2750000,18.0048,4250.73,43.3634,550,550,4153.62
-7333.34814453125,2755000,18.0569,4235.13,43.3876,551,551,3864.26
-7304.94287109375,2760000,17.9593,4293.79,43.3376,552,552,4067.76
-7353.0869140625,2765000,19.2608,4295.12,43.4487,553,553,4125.51
-7351.99755859375,2770000,17.7681,4303.04,43.1645,554,554,4005.04
-7436.43798828125,2775000,18.0741,4309.86,43.2844,555,555,4238.28
-7435.97021484375,2780000,18.8479,4266.42,43.8491,556,556,4223.91
-7423.06005859375,2785000,19.4815,4278.2,43.2588,557,557,4322.77
-7422.0048828125,2790000,18.7508,4294.62,43.2883,558,558,4275.68
-7441.54052734375,2795000,20.2483,4257.03,43.0163,559,559,4284.4
-7413.18310546875,2800000,18.4734,4332.0,43.7633,560,560,4126.53
-7709.4677734375,2805000,19.856,4226.93,43.8117,561,561,4257.51
-7564.36083984375,2810000,18.5763,4266.21,43.0968,562,562,4053.89
-7581.89013671875,2815000,18.4697,4230.43,43.3883,563,563,4052.3
-7588.6123046875,2820000,21.526,3986.11,43.2653,564,564,4002.06
-7571.044921875,2825000,18.0722,3967.0,43.0189,565,565,3826.97
-7812.47314453125,2830000,19.4263,4073.95,43.4528,566,566,4098.78
-7640.41259765625,2835000,18.9713,3900.85,43.6964,567,567,3913.17
-7814.3466796875,2840000,19.0948,4045.22,44.095,568,568,3931.99
-7765.30224609375,2845000,17.7422,3572.55,43.5743,569,569,3347.48
-7608.54736328125,2850000,20.2729,4206.24,43.5722,570,570,4163.13
-7710.06640625,2855000,17.8627,4133.92,43.5592,571,571,4104.63
-7801.57666015625,2860000,16.7577,4053.41,43.081,572,572,4159.64
-7658.8896484375,2865000,18.7059,4227.13,43.3487,573,573,4057.0
-7833.22900390625,2870000,18.7985,4285.88,43.4773,574,574,3903.39
-7779.3984375,2875000,17.8806,4261.53,43.0406,575,575,4052.65
-7859.7841796875,2880000,17.2167,4280.34,43.3038,576,576,4138.08
-7909.681640625,2885000,17.623,4265.56,43.344,577,577,3966.11
-7935.595703125,2890000,17.1427,4122.65,43.1026,578,578,4087.69
-7728.90185546875,2895000,19.2724,4220.56,43.2104,579,579,4050.73
-7899.62939453125,2900000,16.6174,4031.39,43.1312,580,580,3654.77
-7883.3388671875,2905000,18.5369,4131.5,43.5895,581,581,4115.23
-7962.451171875,2910000,17.8211,4117.39,43.1497,582,582,3982.21
-7754.16748046875,2915000,18.1593,3974.78,43.5268,583,583,4074.14
-8144.10302734375,2920000,16.7657,3890.42,43.3597,584,584,4022.9
-7941.16162109375,2925000,17.573,4020.21,43.8918,585,585,4057.65
-8064.67041015625,2930000,18.0823,3774.23,43.7653,586,586,4181.82
-7860.95166015625,2935000,19.0567,3872.62,43.043,587,587,3427.02
-7919.17578125,2940000,19.1591,4268.83,43.2789,588,588,4156.11
-7817.212890625,2945000,18.9409,3919.62,43.1149,589,589,4252.44
-8024.2998046875,2950000,18.271,4353.14,43.0897,590,590,4008.73
-8031.2900390625,2955000,18.5103,3759.15,43.4286,591,591,3742.82
-7886.28515625,2960000,17.9532,3665.7,42.4357,592,592,4110.82
-8053.23583984375,2965000,19.5407,4113.6,43.0538,593,593,3996.22
-7969.736328125,2970000,19.2292,3932.38,43.5681,594,594,4258.79
-8092.28125,2975000,19.5859,4114.81,43.3127,595,595,4014.23
-8187.89404296875,2980000,18.0222,4103.54,42.938,596,596,4159.84
-7964.447265625,2985000,18.7732,4111.75,42.7698,597,597,3790.51
-8013.6669921875,2990000,20.1277,4350.22,43.1324,598,598,3977.16
-7991.40771484375,2995000,19.6659,4072.71,43.4567,599,599,4167.61
-8146.3974609375,3000000,19.2173,3827.83,43.1692,600,600,4001.53
-8062.28466796875,3005000,18.7402,3920.64,43.2158,601,601,4278.43
-8281.6064453125,3010000,18.536,4122.61,43.2871,602,602,3891.05
-8018.01025390625,3015000,18.7611,4297.52,43.1074,603,603,4216.01
-8038.46826171875,3020000,20.1435,4379.49,42.8578,604,604,4390.29
-8185.57080078125,3025000,22.0071,4253.81,43.2193,605,605,3365.09
-8204.650390625,3030000,20.054,4245.9,43.3987,606,606,3979.11
-8132.50244140625,3035000,19.8574,4150.64,43.1156,607,607,4128.13
-8016.1630859375,3040000,19.8574,4333.85,43.4433,608,608,4276.93
-8090.1650390625,3045000,20.2403,4161.73,43.6077,609,609,4172.03
-8036.68017578125,3050000,20.2078,3997.45,43.8141,610,610,4100.04
-7782.44140625,3055000,19.2851,3447.69,43.2545,611,611,4042.01
-7997.7041015625,3060000,19.9887,4279.22,43.5386,612,612,3669.34
-8178.37353515625,3065000,19.5997,4279.76,43.2266,613,613,4380.08
-8095.654296875,3070000,19.1413,4322.76,43.324,614,614,4338.71
-8052.91259765625,3075000,19.1753,4356.66,42.5356,615,615,4390.57
-8119.21142578125,3080000,20.3865,4335.07,42.885,616,616,4361.44
-8045.79931640625,3085000,19.2091,4383.65,43.2647,617,617,4082.97
-8299.1328125,3090000,18.91,4273.39,42.6302,618,618,4331.7
-8154.9033203125,3095000,19.6341,4106.7,43.3003,619,619,4150.3
-8252.4892578125,3100000,19.183,4295.73,43.0304,620,620,4393.36
-8252.6337890625,3105000,20.0359,4312.46,42.8214,621,621,4373.79
-8220.6279296875,3110000,18.5563,4167.81,43.2649,622,622,4194.3
-8571.5361328125,3115000,19.2885,4351.97,42.9355,623,623,4416.69
-8525.4697265625,3120000,19.0651,4322.36,43.2136,624,624,4386.07
-8301.283203125,3125000,19.7649,4339.05,43.4787,625,625,4300.01
-8507.4228515625,3130000,19.3105,4289.42,43.2812,626,626,4114.31
-8500.8154296875,3135000,19.1328,4258.12,43.6198,627,627,4124.61
-8415.6708984375,3140000,19.2317,4232.08,43.6177,628,628,4245.06
-8549.4189453125,3145000,20.861,4223.75,43.4054,629,629,4325.95
-8500.966796875,3150000,20.198,4396.44,43.4473,630,630,4283.97
-8639.6962890625,3155000,20.1134,4301.05,43.3229,631,631,4217.31
-8854.1123046875,3160000,21.5751,4300.21,43.3686,632,632,4243.01
-8803.9140625,3165000,20.2431,4387.48,43.8219,633,633,4265.94
-8871.9296875,3170000,19.9914,4290.12,42.9912,634,634,4277.03
-8785.4375,3175000,20.2173,4372.5,43.4895,635,635,4340.08
-8730.5712890625,3180000,19.8882,4422.31,43.0816,636,636,4238.67
-8666.970703125,3185000,19.3989,4357.32,42.9847,637,637,4371.26
-8649.5673828125,3190000,19.5701,4432.32,43.6334,638,638,4394.16
-8595.7236328125,3195000,19.1821,4387.88,43.5278,639,639,4352.4
-8828.67578125,3200000,19.6252,4280.57,43.2692,640,640,4314.53
-8659.6513671875,3205000,19.9701,4430.93,43.2329,641,641,4216.77
-8788.818359375,3210000,19.684,4305.82,43.2052,642,642,4053.94
-8820.3349609375,3215000,20.5011,4307.56,43.7636,643,643,4346.29
-8773.025390625,3220000,20.0468,4285.4,43.4044,644,644,4182.16
-8833.6552734375,3225000,20.0063,4295.69,43.2889,645,645,4081.73
-8986.6513671875,3230000,19.3198,4328.73,43.3774,646,646,4336.52
-8964.994140625,3235000,19.5687,4274.86,43.4094,647,647,4286.12
-9013.6728515625,3240000,18.5802,4329.27,42.9562,648,648,4226.03
-8871.4833984375,3245000,17.8902,4299.39,42.7878,649,649,4190.51
-9100.2001953125,3250000,19.0074,4287.64,43.2681,650,650,4302.72
-9061.013671875,3255000,18.4105,4272.21,42.9983,651,651,4261.3
-9026.1025390625,3260000,19.0738,4332.83,42.901,652,652,4044.71
-9163.1728515625,3265000,17.1823,4151.14,42.3897,653,653,4184.65
-9128.48046875,3270000,19.0154,4241.23,43.0806,654,654,4215.63
-9260.009765625,3275000,19.4429,4267.28,42.9074,655,655,4282.44
-9074.2763671875,3280000,18.5744,4164.4,43.2824,656,656,4219.35
-9139.05859375,3285000,19.3911,4069.8,43.4384,657,657,4066.33
-9005.5498046875,3290000,19.0139,4165.54,43.1278,658,658,3754.83
-9222.828125,3295000,19.5987,4255.53,42.9505,659,659,4108.98
-9225.0244140625,3300000,18.1292,3921.11,43.0227,660,660,4129.57
-9254.9755859375,3305000,18.3615,4192.51,43.1547,661,661,4241.4
-9304.794921875,3310000,18.8976,4144.98,42.9803,662,662,4288.55
-9332.9755859375,3315000,19.3748,4123.18,42.9938,663,663,4287.26
-9445.2490234375,3320000,19.6261,3966.93,43.0742,664,664,4127.14
-9398.9521484375,3325000,19.6359,4057.86,43.1932,665,665,4180.67
-9504.791015625,3330000,19.9921,4317.39,43.2331,666,666,4319.0
-9246.4375,3335000,19.2869,4202.01,43.4179,667,667,4168.92
-9438.9658203125,3340000,19.2202,4215.44,43.1696,668,668,4282.75
-9438.1533203125,3345000,17.9769,4221.89,43.045,669,669,4101.76
-9363.0078125,3350000,19.4248,3903.65,43.8862,670,670,3988.19
-9589.7509765625,3355000,18.8335,4151.0,42.9862,671,671,3980.48
-9602.845703125,3360000,18.3696,4215.49,43.3511,672,672,4260.37
-9626.9013671875,3365000,19.8614,4161.7,43.0275,673,673,4088.49
-9596.2880859375,3370000,18.8679,4220.23,43.3745,674,674,4306.37
-9586.353515625,3375000,19.4029,4163.64,43.392,675,675,4291.21
-9454.259765625,3380000,19.4442,4137.89,43.4322,676,676,4103.47
-9670.890625,3385000,19.7995,4173.93,43.4871,677,677,4219.23
-9857.1787109375,3390000,18.7629,4114.23,43.2183,678,678,4288.12
-9731.9794921875,3395000,18.83,4253.49,43.2674,679,679,4096.97
-9806.5341796875,3400000,19.3601,4205.89,43.5001,680,680,4159.76
-9709.3408203125,3405000,19.4669,4316.25,43.0058,681,681,4182.52
-9823.0947265625,3410000,19.7451,3740.05,43.3992,682,682,3913.37
-9810.591796875,3415000,19.1406,4268.24,43.556,683,683,4041.73
-9990.4462890625,3420000,19.4245,4300.55,43.0818,684,684,3963.37
-9930.1171875,3425000,19.1197,4093.14,43.2091,685,685,3910.59
-9603.138671875,3430000,17.3075,4300.69,43.3199,686,686,4017.42
-9815.65625,3435000,18.1722,4161.91,43.1544,687,687,4325.15
-10012.1142578125,3440000,18.6143,3203.77,43.1084,688,688,4095.22
-9658.3251953125,3445000,19.8954,4308.09,43.3584,689,689,4210.26
-9828.8720703125,3450000,19.2476,4239.1,43.4751,690,690,3819.74
-9428.62109375,3455000,20.0361,4304.02,43.3972,691,691,4345.83
-9946.5029296875,3460000,18.5255,4268.83,43.5536,692,692,4108.63
-9848.1484375,3465000,20.086,4114.14,43.5633,693,693,3832.87
-9917.287109375,3470000,18.8689,4146.51,43.6684,694,694,4283.81
-10128.5283203125,3475000,18.7022,3154.82,43.7755,695,695,3603.88
-10100.125,3480000,19.511,4303.94,43.2788,696,696,4151.37
-9740.2216796875,3485000,19.3406,4399.39,43.1962,697,697,4263.26
-9836.01171875,3490000,19.2907,4263.51,43.4838,698,698,4183.35
-9790.3515625,3495000,18.1727,4231.72,43.0361,699,699,4145.46
-9887.7392578125,3500000,18.7049,4260.16,43.3594,700,700,3901.62
-9948.65234375,3505000,18.8224,4284.93,43.714,701,701,4263.08
-10020.080078125,3510000,19.9972,4174.53,43.5694,702,702,4193.77
-9923.6494140625,3515000,18.8443,4284.88,43.6701,703,703,4221.7
-9918.5732421875,3520000,18.7246,4260.4,43.1478,704,704,4117.89
-10157.4970703125,3525000,18.3084,4326.98,43.495,705,705,4161.1
-10038.3720703125,3530000,17.9109,4262.39,43.1841,706,706,4148.1
-10317.9267578125,3535000,18.7866,4182.11,43.2678,707,707,3905.5
-10202.546875,3540000,18.5936,4229.01,43.4714,708,708,4120.0
-10190.546875,3545000,20.2703,4035.73,43.7365,709,709,3726.29
-10100.7099609375,3550000,17.8432,4265.25,43.1273,710,710,3869.34
-10337.359375,3555000,19.1955,4243.65,43.3255,711,711,3835.35
-10532.28125,3560000,17.677,4221.19,43.4113,712,712,3979.92
-10127.8310546875,3565000,18.3209,4215.33,43.3369,713,713,4023.69
-10449.9306640625,3570000,17.9377,4257.29,43.1016,714,714,3960.74
-10179.951171875,3575000,18.4876,4184.07,43.2123,715,715,4283.54
-9973.75390625,3580000,17.9257,4323.71,43.1123,716,716,4091.65
-10011.8857421875,3585000,18.5105,4369.0,42.2025,717,717,3774.76
-10235.826171875,3590000,16.8391,4137.27,43.0058,718,718,3518.51
-10205.05078125,3595000,16.3597,4236.49,42.6944,719,719,4117.98
-9803.10546875,3600000,18.5732,4156.19,43.1909,720,720,4338.31
-10183.677734375,3605000,17.1896,3301.43,43.0275,721,721,3783.3
-10260.013671875,3610000,15.5924,4233.42,43.67,722,722,3513.47
-10259.666015625,3615000,17.6045,3779.13,42.8327,723,723,3453.14
-10265.958984375,3620000,16.4893,4319.79,43.0495,724,724,4094.54
-10477.30078125,3625000,16.5148,3949.7,42.985,725,725,3573.33
-10547.68359375,3630000,17.1958,3991.87,43.2542,726,726,3862.71
-10514.251953125,3635000,16.2578,4190.77,42.8408,727,727,3438.6
-10572.0908203125,3640000,16.0066,3646.16,43.3622,728,728,3815.56
-10388.326171875,3645000,16.5098,4024.35,43.0867,729,729,3537.98
-10517.0068359375,3650000,15.86,1376.98,43.3178,730,730,3118.0
-10457.0791015625,3655000,16.59,4325.84,43.4743,731,731,3681.92
-10255.0283203125,3660000,15.9539,4322.2,43.13,732,732,3857.27
-10439.5693359375,3665000,15.7481,4361.76,43.1718,733,733,3990.03
-10464.3349609375,3670000,16.4317,4313.41,43.1315,734,734,3863.6
-10447.3779296875,3675000,16.3352,3617.46,43.0901,735,735,3401.18
-10539.09375,3680000,16.0847,1694.83,42.7739,736,736,3191.11
-10728.876953125,3685000,16.5617,4305.15,44.0149,737,737,3354.27
-10366.68359375,3690000,15.2618,3037.93,43.3303,738,738,3019.24
-10532.94921875,3695000,17.1456,4191.69,43.1982,739,739,3458.23
-10542.1728515625,3700000,16.3918,3893.14,43.0548,740,740,2744.24
-10735.1533203125,3705000,17.0842,2287.9,43.5311,741,741,2492.88
-10821.7529296875,3710000,18.2165,4377.21,43.0973,742,742,4012.05
-10942.5888671875,3715000,17.8884,3077.75,43.9875,743,743,2017.67
-10891.66796875,3720000,16.3776,3606.78,43.7114,744,744,2615.69
-10667.109375,3725000,19.168,4348.12,43.1956,745,745,4212.65
-10897.37109375,3730000,17.9014,4291.54,43.0933,746,746,3672.52
-10785.705078125,3735000,17.9736,4346.29,43.1939,747,747,3834.55
-10697.9921875,3740000,18.5058,4222.35,43.1494,748,748,4071.79
-10946.9599609375,3745000,18.0922,4344.48,43.0896,749,749,4291.8
-10988.73828125,3750000,18.2648,1851.55,43.3092,750,750,3441.21
-10712.5419921875,3755000,18.1099,4318.02,43.2121,751,751,4357.27
-10792.4990234375,3760000,17.2125,4387.09,43.1382,752,752,4177.0
-10835.5859375,3765000,19.5207,4294.39,43.6213,753,753,4101.17
-10707.76953125,3770000,18.4936,4309.46,43.1684,754,754,4261.19
-10932.1171875,3775000,19.2806,4323.93,43.388,755,755,4138.13
-11014.9169921875,3780000,18.5456,4311.54,43.1439,756,756,4155.76
-10789.3310546875,3785000,20.1729,4171.65,43.6825,757,757,4164.01
-10775.35546875,3790000,18.5115,4236.06,43.1626,758,758,4156.38
-10845.908203125,3795000,18.4754,4313.47,43.1943,759,759,4077.18
-10937.6826171875,3800000,18.4823,4333.92,43.4817,760,760,4173.08
-10671.0380859375,3805000,17.8091,4322.44,42.5825,761,761,4049.35
-11032.3642578125,3810000,18.7235,4240.8,42.9787,762,762,4151.29
-10887.68359375,3815000,17.7738,4357.75,42.427,763,763,4041.19
-11188.990234375,3820000,20.6324,4309.21,43.4861,764,764,4000.39
-11046.7119140625,3825000,19.1935,4279.88,42.9528,765,765,4273.75
-11037.5859375,3830000,17.4872,4304.05,43.004,766,766,4130.28
-11059.529296875,3835000,18.0262,4339.87,42.8704,767,767,4013.09
-11243.404296875,3840000,16.6356,4362.15,43.4282,768,768,4121.19
-10993.087890625,3845000,17.496,4268.73,42.7122,769,769,4293.69
-11055.2841796875,3850000,17.9869,4308.48,42.7057,770,770,4142.8
-10527.4814453125,3855000,19.2323,1922.0,45.5517,771,771,1659.82
-10711.654296875,3860000,71.6344,259.07,51.9902,772,772,28.06
-11072.91796875,3865000,18.658,4275.04,43.7165,773,773,3500.69
-11013.8134765625,3870000,19.6132,4304.02,43.1884,774,774,4263.04
-11466.7099609375,3875000,19.6814,4108.71,43.3178,775,775,3960.55
-11264.728515625,3880000,21.3375,4297.39,42.7627,776,776,3789.1
-11183.6513671875,3885000,21.8753,4306.37,42.8374,777,777,4354.23
-11201.189453125,3890000,18.8996,4309.24,42.8228,778,778,3968.53
-11307.9892578125,3895000,18.5938,4313.9,42.612,779,779,3675.09
-11169.73828125,3900000,20.0413,4341.62,42.9742,780,780,4115.07
-11307.4951171875,3905000,20.8783,4337.12,43.0689,781,781,3909.87
-11112.7431640625,3910000,21.6531,4394.32,42.6561,782,782,4163.7
-11363.7275390625,3915000,18.9655,4348.32,43.1956,783,783,3671.23
-11221.5966796875,3920000,21.1876,4072.51,42.9609,784,784,4246.79
-11125.6240234375,3925000,19.7158,4372.12,42.8409,785,785,4394.07
-11322.3818359375,3930000,19.0091,4269.43,43.0189,786,786,4261.66
-11457.77734375,3935000,20.5693,4179.39,43.0203,787,787,4302.12
-11454.62109375,3940000,18.7178,4089.17,42.9572,788,788,4028.42
-11638.517578125,3945000,19.1072,3991.8,42.9355,789,789,4243.33
-11274.89453125,3950000,18.094,3979.91,42.8625,790,790,4153.98
-11758.697265625,3955000,18.4386,4195.36,43.4774,791,791,4034.17
-11630.2509765625,3960000,18.2307,4249.99,42.8719,792,792,3869.41
-11811.212890625,3965000,19.6718,4096.11,43.3753,793,793,4135.91
-11748.314453125,3970000,19.3049,4183.34,43.3965,794,794,4130.28
-11684.1943359375,3975000,19.4047,4149.47,43.5738,795,795,4019.72
-11641.7353515625,3980000,18.6814,4243.73,43.5451,796,796,3915.44
-11597.4609375,3985000,17.6929,4133.35,43.1735,797,797,4246.88
-11386.0615234375,3990000,20.1335,3330.21,43.5802,798,798,3580.83
-11728.4130859375,3995000,17.8402,4121.68,43.0363,799,799,3711.5
-11373.9619140625,4000000,18.8636,4234.96,43.248,800,800,4044.7
-11548.0615234375,4005000,20.2291,4070.84,43.7053,801,801,3831.55
-11458.892578125,4010000,17.992,4353.34,43.0709,802,802,4065.68
-11556.607421875,4015000,20.4626,4115.24,43.7135,803,803,3980.16
-11632.39453125,4020000,18.3423,4273.19,42.7734,804,804,3817.09
-11511.2890625,4025000,21.0398,4056.47,43.4228,805,805,3606.8
-10635.189453125,4030000,18.5504,1933.91,43.718,806,806,2478.51
-10692.4453125,4035000,29.9301,-23.91,52.071,807,807,-20.56
-9388.6533203125,4040000,65.8569,49.64,55.4639,808,808,68.03
-10998.8857421875,4045000,31.269,1975.99,45.4411,809,809,896.15
-11198.8408203125,4050000,36.465,4163.4,44.1257,810,810,3546.61
-11335.6025390625,4055000,26.0243,4076.87,43.8551,811,811,3683.36
-11339.8642578125,4060000,18.4635,4281.56,43.1561,812,812,3790.14
-11294.7021484375,4065000,24.3288,4166.82,43.5849,813,813,3534.53
-11651.1884765625,4070000,24.7141,4182.16,43.6861,814,814,3198.74
-11550.9736328125,4075000,22.8637,3177.73,43.426,815,815,3436.52
-11749.8271484375,4080000,20.575,3874.43,43.5323,816,816,3679.17
-11212.7001953125,4085000,43.7217,3681.36,44.1659,817,817,3101.96
-11588.1787109375,4090000,24.4567,3944.08,43.7425,818,818,3626.12
-11604.578125,4095000,20.7692,4125.61,43.286,819,819,3522.05
-11511.8427734375,4100000,21.4453,3836.44,42.7682,820,820,3905.86
-11712.87890625,4105000,22.4724,3689.52,43.2132,821,821,3668.64
-11353.2607421875,4110000,27.6936,4175.97,42.734,822,822,3287.81
-11503.421875,4115000,21.853,3959.92,43.2566,823,823,4170.68
-11721.78125,4120000,21.6483,4472.04,43.3056,824,824,3368.32
-11732.9384765625,4125000,18.7936,3910.12,43.5768,825,825,4045.86
-11674.0673828125,4130000,20.913,3235.27,43.3978,826,826,3688.25
-11979.701171875,4135000,19.2387,4393.85,43.4644,827,827,4064.58
-11747.208984375,4140000,19.2347,4189.62,43.4357,828,828,4338.73
-11807.6787109375,4145000,18.0711,4427.74,43.1098,829,829,3498.59
-11793.9541015625,4150000,25.4838,3609.21,43.0052,830,830,3609.98
-11751.9130859375,4155000,20.7546,4410.6,43.0039,831,831,4250.43
-11939.46484375,4160000,19.4244,4309.51,43.2775,832,832,4350.54
-11998.630859375,4165000,19.4018,4432.59,43.0859,833,833,4411.17
-11893.3701171875,4170000,18.8775,4426.75,42.9936,834,834,4228.46
-11855.08203125,4175000,19.8585,4392.34,43.2364,835,835,4368.11
-12012.99609375,4180000,24.6295,4427.74,43.3966,836,836,4375.12
-11842.435546875,4185000,19.2465,4452.8,43.1209,837,837,4303.75
-11834.794921875,4190000,19.03,4369.87,43.1857,838,838,4052.64
-11970.1923828125,4195000,20.4309,4440.18,43.3945,839,839,4132.64
-11235.0673828125,4200000,71.4886,3109.41,45.8929,840,840,1400.58
-11992.541015625,4205000,21.6309,4427.13,42.9964,841,841,4062.9
-12192.2080078125,4210000,18.583,4435.55,43.2024,842,842,4391.05
-11978.908203125,4215000,23.8291,4406.2,43.4692,843,843,4303.87
-12172.7685546875,4220000,19.2279,4416.96,43.6223,844,844,4172.34
-11964.1318359375,4225000,19.4208,4419.88,43.155,845,845,4366.23
-12148.287109375,4230000,19.863,4362.54,43.022,846,846,4212.14
-12237.314453125,4235000,19.5139,4376.58,43.236,847,847,4355.13
-11925.658203125,4240000,23.6287,4406.99,43.335,848,848,4417.21
-12169.185546875,4245000,19.4132,4450.18,43.1679,849,849,4284.5
-12304.6953125,4250000,19.1064,4411.73,43.0833,850,850,4369.51
-12199.228515625,4255000,19.473,4429.85,43.3073,851,851,4418.33
-12035.583984375,4260000,18.3259,4447.17,43.0998,852,852,4426.2
-12160.3740234375,4265000,19.4673,4426.99,43.2933,853,853,4310.06
-11965.810546875,4270000,22.5953,4409.49,43.0954,854,854,4293.3
-12295.2822265625,4275000,18.7984,4440.2,43.3355,855,855,4406.03
-12041.44140625,4280000,18.4616,4326.23,43.3588,856,856,4323.81
-11953.3798828125,4285000,18.3043,4454.01,43.093,857,857,4353.01
-11903.283203125,4290000,23.9081,4393.68,44.0827,858,858,3789.68
-12050.955078125,4295000,21.6179,4330.96,44.0103,859,859,4141.97
-12109.36328125,4300000,19.3512,4386.75,43.5183,860,860,4348.79
-12095.8994140625,4305000,18.6399,4435.74,43.157,861,861,4320.81
-12180.845703125,4310000,18.6188,4373.71,43.3705,862,862,4377.05
-12198.73046875,4315000,18.8176,4387.18,43.3461,863,863,4192.27
-12446.0810546875,4320000,18.638,4330.45,43.6183,864,864,4321.5
-12328.037109375,4325000,18.5945,4371.3,43.09,865,865,4348.6
-12174.052734375,4330000,18.9933,4363.55,43.5326,866,866,4330.04
-10084.02734375,4335000,36.2012,-14.81,53.9921,867,867,-14.47
-11659.1640625,4340000,68.6301,895.01,58.522,868,868,894.66
-12014.0458984375,4345000,22.1153,4128.13,43.959,869,869,3706.76
-12519.591796875,4350000,20.4234,4221.78,44.2502,870,870,3975.13
-12018.291015625,4355000,26.4657,4336.47,44.1785,871,871,3618.82
-12225.0654296875,4360000,20.8317,4202.09,43.4702,872,872,4113.96
-12003.2880859375,4365000,20.6694,4232.82,43.6045,873,873,4245.36
-12185.1748046875,4370000,20.8989,4158.09,43.6294,874,874,3936.77
-12430.1845703125,4375000,18.8897,4215.58,43.5905,875,875,4149.09
-12383.763671875,4380000,18.9984,4139.77,42.9495,876,876,4151.26
-12463.6533203125,4385000,19.0993,4275.63,43.2974,877,877,4284.73
-12457.1513671875,4390000,18.4899,4219.1,43.7216,878,878,4197.25
-12404.064453125,4395000,18.101,4300.08,43.2423,879,879,4301.34
-12621.9501953125,4400000,18.0805,4243.15,43.427,880,880,4247.47
-12540.845703125,4405000,18.3015,4291.9,42.8865,881,881,4309.41
-12556.4189453125,4410000,18.0287,4310.12,42.8752,882,882,4325.64
-12462.685546875,4415000,17.6359,4280.31,43.1636,883,883,4269.63
-12574.1806640625,4420000,18.1091,4288.78,43.3785,884,884,4311.48
-12707.345703125,4425000,18.3968,4254.77,43.5592,885,885,4293.38
-12717.1513671875,4430000,17.8545,4188.55,43.5738,886,886,4086.31
-12238.1396484375,4435000,20.3871,4219.88,43.1354,887,887,4082.08
-12416.93359375,4440000,17.8334,4213.5,43.6512,888,888,4248.31
-12277.8828125,4445000,17.9185,3863.45,43.3924,889,889,4009.96
-12589.212890625,4450000,17.8497,4287.77,43.5029,890,890,4172.5
-12207.7841796875,4455000,19.9018,4271.07,43.8498,891,891,4278.55
-12808.7578125,4460000,18.7225,4295.71,43.7313,892,892,4316.23
-12801.1279296875,4465000,17.7702,4349.61,43.3733,893,893,4309.44
-12638.8349609375,4470000,18.2795,4169.69,43.5519,894,894,4317.87
-12665.263671875,4475000,17.9052,4439.29,43.1522,895,895,4325.55
-12492.33203125,4480000,18.1461,4377.0,43.2842,896,896,4388.14
-12565.529296875,4485000,17.7849,4364.31,43.0316,897,897,4389.07
-12728.310546875,4490000,17.5827,4428.72,42.8879,898,898,4415.77
-12719.2861328125,4495000,18.2047,4393.83,42.851,899,899,4368.58
-12554.5595703125,4500000,18.0107,4384.26,43.1403,900,900,4420.51
-12681.8251953125,4505000,17.5121,4470.58,42.8399,901,901,4470.44
-12672.458984375,4510000,17.84,4451.04,43.1993,902,902,4440.19
-12402.8095703125,4515000,17.5634,4371.22,42.9357,903,903,4299.55
-12788.662109375,4520000,18.5135,4337.99,43.6667,904,904,4322.1
-12217.599609375,4525000,17.7806,4415.98,42.8096,905,905,4411.33
-10203.41796875,4530000,28.6744,580.21,46.8651,906,906,796.02
-12548.697265625,4535000,21.2098,463.12,48.7209,907,907,472.85
-11950.7587890625,4540000,27.8219,632.98,47.8271,908,908,596.71
-12205.234375,4545000,43.886,558.46,47.3293,909,909,543.22
-13006.650390625,4550000,23.2527,1951.44,44.5509,910,910,1819.68
-12520.1591796875,4555000,31.6369,2070.5,44.5759,911,911,1750.26
-13165.9267578125,4560000,25.7279,3590.22,44.5288,912,912,3280.69
-12743.8212890625,4565000,26.3,2111.19,43.9132,913,913,3728.98
-12555.2841796875,4570000,39.9273,2085.89,45.2251,914,914,2229.61
-12660.76171875,4575000,32.7086,4397.65,44.1626,915,915,3770.29
-12619.703125,4580000,21.8871,4416.55,43.5378,916,916,4076.34
-12630.3671875,4585000,21.4352,4432.67,43.6145,917,917,4477.11
-12664.9580078125,4590000,22.1707,4371.27,43.8359,918,918,4126.55
-12408.7890625,4595000,23.2364,4432.05,43.4763,919,919,4447.86
-12480.794921875,4600000,21.0166,4454.53,43.5326,920,920,4497.26
-12694.013671875,4605000,21.3248,4415.72,43.7812,921,921,4465.04
-12721.9111328125,4610000,22.8148,4424.51,43.867,922,922,4216.32
-12544.912109375,4615000,22.6396,4399.88,43.6041,923,923,4098.78
-12477.1904296875,4620000,20.6924,4393.16,43.3803,924,924,4423.32
-12594.927734375,4625000,20.772,4406.04,43.6203,925,925,4410.43
-12571.7138671875,4630000,20.8802,4410.42,43.6632,926,926,4361.75
-12580.2431640625,4635000,19.841,4423.25,43.4572,927,927,4422.28
-12425.05859375,4640000,20.1368,4410.97,43.7076,928,928,4429.12
-12557.6650390625,4645000,20.7558,4424.98,43.3155,929,929,4460.22
-12593.494140625,4650000,30.3847,4350.71,44.4137,930,930,3783.09
-12396.40625,4655000,23.7019,4410.41,43.5715,931,931,4215.46
-12467.51171875,4660000,20.6366,4432.59,43.181,932,932,4212.47
-12747.4345703125,4665000,23.5653,4397.24,43.5793,933,933,3986.78
-12549.93359375,4670000,26.6612,4462.37,43.9903,934,934,3813.07
-12357.9658203125,4675000,23.8653,4491.33,43.3926,935,935,4070.46
-12689.455078125,4680000,22.7281,4450.32,43.4958,936,936,4079.76
-12353.814453125,4685000,34.5054,2530.83,44.1458,937,937,3021.37
-12504.19921875,4690000,28.136,4470.76,43.4247,938,938,3415.22
-12680.6884765625,4695000,24.0556,4453.68,43.5074,939,939,4450.96
-12580.7841796875,4700000,20.2163,4430.85,43.3256,940,940,4393.01
-12759.1181640625,4705000,20.2038,4440.23,43.1195,941,941,4430.11
-12653.1845703125,4710000,19.7149,4451.35,43.1313,942,942,4220.79
-12868.158203125,4715000,20.5357,4480.02,43.4548,943,943,4240.81
-12839.7041015625,4720000,20.1127,4428.37,43.2378,944,944,4447.27
-12754.61328125,4725000,19.64,4384.08,43.3577,945,945,4304.21
-12868.7841796875,4730000,19.105,4439.02,43.5392,946,946,4424.82
-12976.9521484375,4735000,19.0332,4471.69,43.0624,947,947,4429.25
-12959.015625,4740000,19.278,4417.0,43.5191,948,948,4390.28
-12860.5517578125,4745000,19.186,4437.82,43.3623,949,949,4417.23
-12706.7666015625,4750000,19.23,4421.38,43.2098,950,950,4256.46
-12748.62109375,4755000,26.9831,4433.64,43.7155,951,951,4041.43
-12842.8671875,4760000,22.8421,4451.98,43.1101,952,952,4103.62
-12577.7763671875,4765000,27.1893,4498.29,43.1503,953,953,4318.83
-12657.298828125,4770000,23.7634,4402.19,43.2384,954,954,3934.16
-12505.8369140625,4775000,37.2323,4519.55,43.8193,955,955,4119.06
-12641.09375,4780000,34.2352,4112.54,43.2196,956,956,3682.65
-12801.57421875,4785000,36.5664,3928.33,44.479,957,957,2266.58
-12824.3515625,4790000,43.8482,2312.27,45.2335,958,958,1758.27
-12555.7060546875,4795000,53.8703,554.48,45.3924,959,959,574.01
-12860.7890625,4800000,36.7515,3337.68,44.3808,960,960,1417.09
-12974.7138671875,4805000,19.7617,2732.33,44.1933,961,961,1724.68
-13246.1787109375,4810000,40.8936,1957.73,45.1388,962,962,1188.06
-13087.9169921875,4815000,34.7536,3098.16,44.0627,963,963,2904.72
-12611.85546875,4820000,19.1894,4463.25,43.056,964,964,4269.92
-12814.447265625,4825000,19.3234,4495.05,43.3061,965,965,4366.23
-12921.8193359375,4830000,19.2541,4363.1,43.3409,966,966,4399.26
-12923.8662109375,4835000,18.4632,4347.74,43.4477,967,967,4381.8
-12968.564453125,4840000,19.3717,4370.24,43.769,968,968,4362.41
-12980.2978515625,4845000,19.8508,4312.84,43.3929,969,969,4323.76
-12790.9755859375,4850000,18.8142,4351.36,43.0737,970,970,4356.18
-12768.78515625,4855000,18.486,4432.41,43.2916,971,971,4030.25
-12864.2236328125,4860000,19.4437,4338.09,43.457,972,972,4376.7
-13107.0654296875,4865000,19.2628,4403.63,43.6635,973,973,4411.13
-12890.4423828125,4870000,19.212,4439.04,43.228,974,974,4460.24
-12969.0625,4875000,18.9743,4402.04,43.3546,975,975,4430.83
-13002.0517578125,4880000,19.137,4489.95,42.7744,976,976,4527.06
-12871.5283203125,4885000,18.7543,4396.53,42.7644,977,977,4434.77
-13082.4111328125,4890000,18.4629,4373.78,43.2134,978,978,4377.77
-13110.119140625,4895000,18.9177,4278.08,43.3208,979,979,4339.02
-12735.578125,4900000,19.4997,4138.59,43.424,980,980,3599.89
-13195.5625,4905000,17.5113,3411.63,43.2598,981,981,3667.82
-13005.45703125,4910000,16.7975,4058.77,43.6745,982,982,3790.5
-13179.7255859375,4915000,17.2233,4255.7,43.0468,983,983,4023.74
-12951.3896484375,4920000,18.383,3984.36,43.251,984,984,4300.34
-12722.0576171875,4925000,18.1153,4385.31,42.8963,985,985,4172.29
-12824.5849609375,4930000,17.8788,4413.13,42.6156,986,986,4467.95
-13238.134765625,4935000,18.5077,3784.86,43.2284,987,987,4333.64
-13091.1396484375,4940000,18.9138,4164.17,43.3889,988,988,4353.08
-12974.2841796875,4945000,18.1997,1865.51,42.5879,989,989,4476.79
-13176.41796875,4950000,19.0345,4521.17,42.8021,990,990,4507.02
-12779.78515625,4955000,18.6761,4539.6,42.6408,991,991,4265.62
-13053.0205078125,4960000,18.426,4507.91,42.7485,992,992,4503.44
-12945.1787109375,4965000,17.9229,4505.9,42.6277,993,993,4313.91
-13102.13671875,4970000,18.9332,4507.73,43.087,994,994,4510.2
-13212.7607421875,4975000,17.8469,4525.7,42.8616,995,995,3977.17
-12931.876953125,4980000,18.4272,4514.08,43.1173,996,996,4304.41
-13407.0986328125,4985000,18.5869,4337.77,43.0637,997,997,3914.61
-13479.388671875,4990000,19.3498,4249.81,43.2768,998,998,4262.02
-13377.0771484375,4995000,18.2931,4394.35,42.7237,999,999,4245.65
-13449.6357421875,5000000,19.0241,4537.28,43.3232,1000,1000,3672.91
-13632.619140625,5005000,19.4626,4504.88,43.19,1001,1001,4500.65
-13775.8515625,5010000,19.0008,4348.43,43.7721,1002,1002,4367.09
-13520.447265625,5015000,19.5138,4383.74,43.2062,1003,1003,4350.76
-13495.060546875,5020000,25.9635,2683.89,44.0192,1004,1004,4177.72
-12486.5478515625,5025000,42.734,-19.5,49.2231,1005,1005,-19.29
-11360.6494140625,5030000,103.3398,-74.4,60.153,1006,1006,-77.17
-11616.1884765625,5035000,56.2857,511.56,48.637,1007,1007,521.25
-13668.9755859375,5040000,21.5857,4342.19,43.3899,1008,1008,4378.49
-13583.3935546875,5045000,19.8816,4383.96,43.6886,1009,1009,4198.68
-13109.1591796875,5050000,18.8356,4497.31,42.7861,1010,1010,4104.99
-13391.693359375,5055000,20.2472,4377.6,43.5394,1011,1011,4395.2
-13408.6455078125,5060000,19.7791,4489.8,43.3941,1012,1012,4442.74
-13450.44140625,5065000,19.8835,4470.35,43.199,1013,1013,4455.19
-13401.830078125,5070000,19.9183,4382.43,43.3335,1014,1014,4305.14
-13689.76171875,5075000,20.8257,4397.41,43.7091,1015,1015,4401.5
-13663.08984375,5080000,21.2687,4461.97,43.5056,1016,1016,4431.35
-13562.318359375,5085000,20.7852,4516.27,43.4698,1017,1017,4489.51
-13504.7421875,5090000,20.721,4488.28,43.1509,1018,1018,4478.54
-13383.8779296875,5095000,20.2584,4507.11,43.3312,1019,1019,4480.87
-13322.6416015625,5100000,20.5436,4495.35,42.9803,1020,1020,4482.82
-13543.9794921875,5105000,20.3456,4434.0,43.3661,1021,1021,4446.25
-13380.314453125,5110000,20.3768,4506.28,43.2733,1022,1022,4465.33
-13326.248046875,5115000,19.4836,4540.17,42.5666,1023,1023,4511.57
-13241.26953125,5120000,19.9356,4476.25,43.1116,1024,1024,4495.51
-13377.2451171875,5125000,19.0951,4535.69,42.9708,1025,1025,4499.96
-13451.5537109375,5130000,19.6527,4496.35,42.9824,1026,1026,4485.39
-13140.83984375,5135000,18.92,4508.95,42.8843,1027,1027,4487.25
-13238.0830078125,5140000,18.7037,4504.14,42.5938,1028,1028,4505.18
-13201.208984375,5145000,18.4735,4482.78,42.8303,1029,1029,4458.12
-13425.6357421875,5150000,19.1132,4445.96,42.8913,1030,1030,4460.64
-13165.466796875,5155000,18.8731,4505.48,42.6567,1031,1031,4492.43
-13153.1796875,5160000,19.9406,4524.94,42.5966,1032,1032,4514.63
-13455.177734375,5165000,19.6696,4416.34,43.1431,1033,1033,4402.02
-13062.6884765625,5170000,19.1997,4561.56,42.6531,1034,1034,4530.01
-13202.732421875,5175000,18.9071,4526.68,42.4059,1035,1035,4479.99
-13300.0009765625,5180000,19.518,4511.82,43.075,1036,1036,4490.67
-13154.9814453125,5185000,18.7312,4557.76,42.2699,1037,1037,4284.6
-13368.158203125,5190000,19.1279,4486.83,42.7692,1038,1038,4480.32
-13142.408203125,5195000,18.3434,4536.67,42.5994,1039,1039,4527.75
-13420.177734375,5200000,18.5895,4542.48,42.777,1040,1040,4498.31
-13169.1298828125,5205000,19.478,4498.9,42.7683,1041,1041,4464.97
-13549.7890625,5210000,19.491,4434.24,42.9997,1042,1042,4452.1
-13203.19921875,5215000,20.2764,4504.61,43.1389,1043,1043,4374.57
-13405.1591796875,5220000,19.7874,4493.18,43.0566,1044,1044,4476.69
-13603.046875,5225000,19.6517,4457.72,42.9354,1045,1045,4500.43
-13427.2275390625,5230000,20.0068,4473.03,43.3014,1046,1046,4439.1
-13651.6796875,5235000,19.4948,4448.59,43.1121,1047,1047,4437.23
-13870.7587890625,5240000,19.1957,4529.59,43.1029,1048,1048,4492.34
-13486.39453125,5245000,18.9461,4485.85,43.0677,1049,1049,4475.92
-13476.38671875,5250000,19.4248,4450.16,43.1483,1050,1050,4426.45
-13584.115234375,5255000,19.4356,4448.29,43.3923,1051,1051,4486.29
-13430.388671875,5260000,19.3848,4475.84,43.2854,1052,1052,4499.14
-13399.1875,5265000,19.1224,4548.07,43.2825,1053,1053,4498.0
-13750.80859375,5270000,19.5626,4507.55,43.3628,1054,1054,4454.86
-13723.6025390625,5275000,19.1633,4496.4,43.1466,1055,1055,4240.8
-13857.8173828125,5280000,20.451,4491.88,43.6835,1056,1056,4427.46
-13496.626953125,5285000,22.5768,4532.84,43.2171,1057,1057,4498.42
-13791.095703125,5290000,20.4558,4389.94,43.6903,1058,1058,4401.59
-13687.556640625,5295000,20.177,4408.74,43.359,1059,1059,4428.4
-13599.357421875,5300000,21.1452,4404.05,43.5597,1060,1060,4413.82
-13720.140625,5305000,20.8049,4479.23,43.164,1061,1061,4482.54
-13682.5693359375,5310000,20.0649,4485.27,43.3316,1062,1062,4505.46
-13484.0849609375,5315000,20.8837,4468.79,43.3339,1063,1063,4297.67
-13823.0859375,5320000,20.2297,4433.79,43.0918,1064,1064,4460.56
-13536.9873046875,5325000,20.5325,4484.53,43.3891,1065,1065,4455.61
-13743.7578125,5330000,19.8701,4305.02,43.3999,1066,1066,4126.33
-13760.2939453125,5335000,19.1834,4336.09,43.8872,1067,1067,3957.15
-12102.8701171875,5340000,96.2951,-36.05,55.6576,1068,1068,243.74
-12434.19921875,5345000,85.6818,-22.52,47.4937,1069,1069,175.92
-13121.302734375,5350000,47.5425,2434.59,44.6285,1070,1070,2076.34
-13378.4541015625,5355000,19.8758,4587.46,42.7507,1071,1071,4574.5
-13438.6650390625,5360000,19.3702,4504.81,43.0059,1072,1072,4516.42
-13771.73046875,5365000,19.7285,4526.11,43.0014,1073,1073,4569.01
-13485.345703125,5370000,19.7798,4508.25,42.7975,1074,1074,4551.03
-13654.1103515625,5375000,19.5657,4431.19,43.0846,1075,1075,4514.29
-13590.8583984375,5380000,20.087,4597.93,43.5102,1076,1076,4561.15
-13558.298828125,5385000,19.217,4566.0,43.1982,1077,1077,4561.27
-13560.810546875,5390000,19.6516,4538.75,42.8029,1078,1078,4573.76
-13690.421875,5395000,22.715,4476.34,43.1706,1079,1079,3437.31
-13611.6689453125,5400000,20.2585,4519.29,43.353,1080,1080,4545.99
-13911.4287109375,5405000,19.6598,4470.25,42.8573,1081,1081,4495.85
-13854.8349609375,5410000,19.3731,4504.66,43.2094,1082,1082,4510.5
-13502.4658203125,5415000,18.8349,4605.18,42.5452,1083,1083,4371.35
-13575.3203125,5420000,19.8542,4478.2,42.9996,1084,1084,4303.85
-13710.609375,5425000,19.2685,4520.66,43.1042,1085,1085,4341.56
-13987.712890625,5430000,19.6936,4428.34,43.2513,1086,1086,4468.12
-13782.859375,5435000,19.9011,4504.84,43.6513,1087,1087,4506.94
-13969.134765625,5440000,21.3888,4432.16,43.6104,1088,1088,4472.61
-13731.359375,5445000,27.8144,4462.66,43.4416,1089,1089,3888.42
-13878.9638671875,5450000,18.9875,4504.9,43.0811,1090,1090,4496.49
-14062.5263671875,5455000,19.9366,4534.9,43.3865,1091,1091,4544.27
-14111.6640625,5460000,20.5535,4481.11,43.5838,1092,1092,4542.04
-13942.123046875,5465000,20.4957,4483.17,43.1375,1093,1093,4494.81
-14024.818359375,5470000,20.7929,4447.73,43.466,1094,1094,4462.56
-13978.681640625,5475000,20.6662,4444.79,43.6111,1095,1095,4472.49
-13958.6376953125,5480000,20.3285,4432.44,43.1724,1096,1096,4476.12
-14052.15625,5485000,20.7934,4303.59,43.4607,1097,1097,4411.99
-14061.23046875,5490000,20.1517,4243.89,43.5666,1098,1098,4274.33
-13992.009765625,5495000,20.6762,4455.32,43.3426,1099,1099,4476.81
-13811.134765625,5500000,20.5933,4446.48,43.5043,1100,1100,4501.92
-13691.1337890625,5505000,20.1491,3901.85,43.0815,1101,1101,4141.22
-13541.1337890625,5510000,19.9451,4539.87,42.6141,1102,1102,4518.26
-13599.3642578125,5515000,19.2176,4503.09,42.9832,1103,1103,4308.22
-13546.7705078125,5520000,19.8288,4462.69,42.8114,1104,1104,4490.57
-13581.962890625,5525000,28.747,4482.97,43.7689,1105,1105,3853.31
-13266.841796875,5530000,20.2194,4530.48,42.902,1106,1106,4557.81
-13513.7763671875,5535000,19.5797,4520.25,43.1569,1107,1107,4324.17
-13374.533203125,5540000,21.5,4541.07,42.8306,1108,1108,3913.5
-13584.3701171875,5545000,20.0892,4458.05,42.9885,1109,1109,4518.25
-12627.64453125,5550000,41.7475,1953.15,45.4953,1110,1110,764.06
-12218.1162109375,5555000,82.8293,-13.03,56.3947,1111,1111,-12.76
-13046.345703125,5560000,64.5841,2510.01,45.8296,1112,1112,1012.6
-13503.4404296875,5565000,19.1586,4544.44,42.9566,1113,1113,4479.87
-13466.15234375,5570000,20.3083,4541.37,42.9203,1114,1114,4311.39
-13673.580078125,5575000,18.9138,4469.04,42.6968,1115,1115,4483.67
-13421.048828125,5580000,19.1764,4513.42,42.571,1116,1116,4521.9
-13543.76171875,5585000,19.7923,4523.76,43.0228,1117,1117,4203.98
-13585.5732421875,5590000,19.8497,4468.94,42.759,1118,1118,4478.71
-13786.0947265625,5595000,18.929,4446.82,42.8615,1119,1119,4446.14
-13819.275390625,5600000,19.8967,4497.92,43.1484,1120,1120,4497.49
-13869.9013671875,5605000,19.7252,4487.89,43.0666,1121,1121,4452.77
-14104.044921875,5610000,19.163,4424.18,43.1195,1122,1122,4422.29
-13971.1474609375,5615000,19.2215,4473.92,43.1715,1123,1123,4416.07
-14062.3916015625,5620000,19.5068,4458.0,43.5208,1124,1124,4475.23
-13937.5400390625,5625000,19.7429,4444.24,43.2387,1125,1125,4283.37
-14139.564453125,5630000,19.7095,4462.03,43.2432,1126,1126,4451.74
-14030.4638671875,5635000,19.8121,4476.38,43.3834,1127,1127,4463.37
-14009.427734375,5640000,20.1127,4415.92,42.8283,1128,1128,4451.76
-14076.08984375,5645000,20.2858,4503.6,43.3631,1129,1129,4509.5
-14122.7890625,5650000,19.1614,4453.83,43.3745,1130,1130,4062.86
-14030.0185546875,5655000,20.2297,4479.03,43.2645,1131,1131,4319.92
-14035.822265625,5660000,20.1234,4446.9,43.0902,1132,1132,4445.8
-13918.3330078125,5665000,20.1994,4502.25,42.9133,1133,1133,4515.68
-13898.353515625,5670000,20.6603,4485.71,43.1677,1134,1134,4532.02
-13875.2705078125,5675000,20.1103,4522.54,42.7543,1135,1135,4510.23
-13826.35546875,5680000,20.5523,4602.72,43.2441,1136,1136,4332.98
-13978.271484375,5685000,21.4551,4500.0,43.3624,1137,1137,4304.44
-14078.0341796875,5690000,19.4763,4514.08,43.0572,1138,1138,4504.81
-14046.4423828125,5695000,19.4869,4485.43,43.1613,1139,1139,4567.94
-13992.376953125,5700000,19.8062,4480.07,43.0903,1140,1140,4508.78
-13842.56640625,5705000,19.9275,4578.46,43.1667,1141,1141,4572.51
-13712.005859375,5710000,20.1651,4573.94,42.7019,1142,1142,4546.95
-13735.912109375,5715000,19.6425,4593.87,43.0335,1143,1143,4342.3
-14090.65234375,5720000,19.1473,4482.89,43.0021,1144,1144,4457.82
-13964.4775390625,5725000,19.4951,4489.73,42.605,1145,1145,4498.62
-13783.275390625,5730000,18.8765,4522.77,42.7621,1146,1146,4471.71
-13955.201171875,5735000,18.5144,4480.15,42.6111,1147,1147,4471.98
-14042.7763671875,5740000,18.7411,4566.91,42.7398,1148,1148,4556.29
-14074.4541015625,5745000,19.741,4514.41,43.1021,1149,1149,4530.01
-14120.0927734375,5750000,19.8083,4499.69,43.383,1150,1150,4387.33
-14009.4951171875,5755000,18.6075,4572.74,42.6565,1151,1151,4417.42
-14019.115234375,5760000,19.9801,4567.91,42.9557,1152,1152,4540.1
-14358.6826171875,5765000,19.5112,4565.17,42.9673,1153,1153,4164.33
-13910.0283203125,5770000,20.5218,4585.74,43.0619,1154,1154,4149.68
-14250.0595703125,5775000,20.6676,4485.57,43.4198,1155,1155,3896.79
-13974.6396484375,5780000,19.8153,4528.71,42.7156,1156,1156,4512.26
-13983.4306640625,5785000,20.2141,4534.22,42.9158,1157,1157,4555.82
-14274.1767578125,5790000,20.5439,4502.94,43.5436,1158,1158,4351.78
-14118.90234375,5795000,19.6945,4548.17,43.1017,1159,1159,4329.75
-14049.9462890625,5800000,19.8948,4532.3,42.8811,1160,1160,4514.8
-13768.7548828125,5805000,22.4555,4558.75,43.2999,1161,1161,4507.26
-13831.5234375,5810000,20.8281,4554.84,42.9185,1162,1162,4532.89
-13964.3935546875,5815000,20.7418,4554.03,42.9251,1163,1163,4526.52
-14278.4052734375,5820000,19.5484,4472.16,42.8604,1164,1164,4450.46
-14517.423828125,5825000,19.2522,4383.58,43.6136,1165,1165,4305.82
-14042.224609375,5830000,20.0221,4498.24,42.8146,1166,1166,4528.84
-14169.111328125,5835000,19.7106,4496.91,42.9454,1167,1167,4500.38
-14342.0751953125,5840000,21.6479,4393.79,43.3361,1168,1168,4455.07
-14081.1767578125,5845000,19.0282,4498.5,42.9906,1169,1169,4296.39
-14205.236328125,5850000,19.3564,4307.2,43.2362,1170,1170,4501.51
-14119.85546875,5855000,19.7771,4503.47,42.8555,1171,1171,4562.67
-14060.7529296875,5860000,20.495,4546.58,43.1405,1172,1172,4529.81
-14126.7509765625,5865000,19.7268,4545.72,43.2085,1173,1173,4515.47
-14239.9384765625,5870000,21.0245,4548.41,43.2534,1174,1174,4564.07
-14262.783203125,5875000,21.5857,4533.15,43.1319,1175,1175,4347.05
-14106.603515625,5880000,19.9638,4508.06,42.9484,1176,1176,4500.32
-13334.6650390625,5885000,49.7717,258.15,44.4553,1177,1177,1428.08
-14096.5537109375,5890000,22.5206,4572.81,43.5522,1178,1178,4258.08
-14647.279296875,5895000,21.1831,3962.57,44.2712,1179,1179,3720.49
-14090.998046875,5900000,22.7083,4645.61,43.7686,1180,1180,4250.73
-13791.90234375,5905000,22.2969,4595.44,43.5474,1181,1181,4376.93
-14294.509765625,5910000,21.8626,4438.08,44.0328,1182,1182,4134.72
-14019.111328125,5915000,24.9638,4620.99,43.698,1183,1183,3977.39
-14004.69921875,5920000,24.1937,3909.62,43.7958,1184,1184,3402.61
-13607.26171875,5925000,20.8275,2587.49,44.0351,1185,1185,2448.01
-14303.1328125,5930000,63.4293,247.04,51.6023,1186,1186,427.12
-14306.1689453125,5935000,50.9585,1478.25,44.2,1187,1187,1447.08
-14162.193359375,5940000,57.2966,961.23,48.7186,1188,1188,816.94
-14197.4599609375,5945000,72.4434,654.4,49.1022,1189,1189,788.0
-15220.30078125,5950000,49.4901,966.87,46.4139,1190,1190,1388.07
-14687.6025390625,5955000,36.7995,1620.62,46.1836,1191,1191,2094.95
-14649.916015625,5960000,49.081,1151.68,46.2966,1192,1192,1322.36
-13973.7607421875,5965000,35.9244,3388.14,44.0114,1193,1193,3371.75
-14026.7177734375,5970000,27.8101,3564.91,43.9059,1194,1194,3776.96
-14265.23828125,5975000,28.1212,4327.8,43.4791,1195,1195,3693.09
-14154.20703125,5980000,24.2903,4421.5,43.4575,1196,1196,4406.51
-14008.884765625,5985000,22.4244,4379.19,42.9146,1197,1197,4412.14
-14083.3681640625,5990000,23.3561,4430.52,43.1231,1198,1198,4446.71
-14266.6611328125,5995000,22.8081,4411.39,43.0759,1199,1199,4297.59
-14207.3349609375,6000000,21.471,4451.73,43.2187,1200,1200,4415.45
-14520.033203125,6005000,21.264,4359.55,43.1493,1201,1201,4365.5
-14444.3369140625,6010000,22.3703,4418.49,43.6032,1202,1202,4434.59
-14427.017578125,6015000,21.176,4426.23,43.0402,1203,1203,4429.97
-14350.9580078125,6020000,21.0768,4361.49,42.8106,1204,1204,4229.71
-14362.236328125,6025000,20.8309,4450.44,42.974,1205,1205,4464.1
-14494.8974609375,6030000,21.1945,4406.22,43.4811,1206,1206,4198.65
-14776.953125,6035000,28.1291,4143.55,43.4066,1207,1207,4183.94
-14833.654296875,6040000,21.2925,4145.93,43.3481,1208,1208,4280.94
-14517.8798828125,6045000,21.1242,4432.84,43.1318,1209,1209,4279.16
-14646.3662109375,6050000,21.2126,4416.95,43.5562,1210,1210,4463.78
-14567.9189453125,6055000,21.1898,4471.53,43.6719,1211,1211,4444.9
-14436.7724609375,6060000,20.1396,4506.56,42.8384,1212,1212,4485.59
-14330.119140625,6065000,21.0337,4509.94,43.4835,1213,1213,4516.56
-14363.7490234375,6070000,20.9445,4514.54,43.641,1214,1214,4491.65
-14487.3330078125,6075000,20.6551,4494.6,43.3565,1215,1215,4466.09
-14299.2685546875,6080000,20.8271,4525.8,43.2239,1216,1216,4531.99
-14051.095703125,6085000,20.4651,4498.74,43.1433,1217,1217,4482.13
-14097.2451171875,6090000,20.818,4488.52,43.3575,1218,1218,4503.55
-14476.1259765625,6095000,22.0257,4480.17,43.4351,1219,1219,4480.5
-14298.58984375,6100000,20.2827,4547.69,43.0488,1220,1220,4496.54
-14067.208984375,6105000,21.0839,4574.81,43.0848,1221,1221,4442.94
-14226.5546875,6110000,21.5629,4566.94,43.2701,1222,1222,4442.82
-14025.2587890625,6115000,21.177,4570.33,43.1632,1223,1223,4580.97
-14225.923828125,6120000,20.6755,4550.66,43.0803,1224,1224,4554.5
-14242.5234375,6125000,20.6208,4593.01,43.3199,1225,1225,4555.44
-14418.927734375,6130000,23.5621,4612.99,43.2854,1226,1226,4417.07
-14227.7998046875,6135000,20.821,4532.82,42.9885,1227,1227,3913.07
-14096.2919921875,6140000,19.7045,4556.97,43.07,1228,1228,4394.49
-14455.8466796875,6145000,20.2531,4547.72,42.9428,1229,1229,4426.95
-14437.830078125,6150000,20.5229,4589.42,43.1545,1230,1230,4537.94
-14192.97265625,6155000,20.7116,4082.57,43.1053,1231,1231,4368.86
-14055.904296875,6160000,20.2467,4540.39,42.835,1232,1232,3724.67
-14067.7998046875,6165000,21.9055,4570.86,42.7319,1233,1233,4241.92
-14344.6796875,6170000,23.1092,4522.83,43.6168,1234,1234,4476.42
-14961.3486328125,6175000,40.9897,3349.73,44.103,1235,1235,3984.95
-14338.96875,6180000,21.6172,4446.51,43.1757,1236,1236,4501.64
-14140.4150390625,6185000,20.7017,4523.32,43.3504,1237,1237,4543.74
-14407.263671875,6190000,21.7298,3607.47,43.5769,1238,1238,4322.12
-14392.9306640625,6195000,28.1476,2470.82,43.803,1239,1239,3637.12
-14065.5322265625,6200000,21.8315,4547.15,43.397,1240,1240,4236.75
-14510.0966796875,6205000,30.4869,4523.52,43.9249,1241,1241,4075.94
-14468.4677734375,6210000,26.9957,4559.1,43.6497,1242,1242,3965.77
-15142.65625,6215000,46.1322,324.8,45.0703,1243,1243,846.6
-15106.62890625,6220000,36.1506,1022.1,44.2021,1244,1244,2408.62
-14608.9873046875,6225000,33.5094,2829.51,43.8529,1245,1245,3412.42
-14559.189453125,6230000,26.708,4589.78,43.6041,1246,1246,4423.47
-14333.5185546875,6235000,27.0949,3998.19,43.6059,1247,1247,2929.58
-14074.6689453125,6240000,32.2067,4201.99,44.0161,1248,1248,2942.71
-14121.59765625,6245000,21.3201,4614.94,43.2461,1249,1249,4432.07
-14313.068359375,6250000,21.6069,4539.71,43.6517,1250,1250,4589.97
-14611.123046875,6255000,20.794,4616.31,43.2709,1251,1251,4426.89
-14335.2109375,6260000,22.0134,4179.96,42.9261,1252,1252,3542.42
-14592.619140625,6265000,24.1141,4570.27,43.3775,1253,1253,4163.08
-14492.27734375,6270000,20.5494,4542.51,43.1896,1254,1254,4520.77
-14285.662109375,6275000,20.8071,4550.66,43.1747,1255,1255,4572.88
-14228.0986328125,6280000,21.8148,4505.46,43.1326,1256,1256,4515.36
-14123.853515625,6285000,21.2243,4412.02,43.1144,1257,1257,4538.37
-14112.6064453125,6290000,22.193,4523.3,43.4233,1258,1258,4501.15
-13948.953125,6295000,21.7319,4594.24,42.7826,1259,1259,4381.76
-14146.712890625,6300000,21.2692,4572.33,42.9311,1260,1260,4612.01
-14419.9013671875,6305000,20.8853,4601.36,43.1649,1261,1261,4638.36
-14405.4755859375,6310000,21.235,4574.72,43.1968,1262,1262,4610.13
-14524.736328125,6315000,21.8358,4504.39,43.3815,1263,1263,4357.18
-14841.482421875,6320000,20.9823,4523.76,43.5171,1264,1264,4529.52
-14476.482421875,6325000,21.1182,4497.45,42.9592,1265,1265,4486.94
-14739.2080078125,6330000,20.7393,4511.06,43.5522,1266,1266,4537.41
-14497.3828125,6335000,21.0982,4545.56,43.1531,1267,1267,4591.34
-14645.736328125,6340000,23.7638,4489.5,43.32,1268,1268,4275.35
-14686.244140625,6345000,20.3362,4464.53,43.5592,1269,1269,4372.24
-14372.455078125,6350000,23.0597,4521.94,43.3717,1270,1270,4292.36
-14548.3369140625,6355000,22.5441,3727.81,43.1718,1271,1271,3917.56
-14346.587890625,6360000,20.8092,4529.72,42.897,1272,1272,4533.18
-14527.3154296875,6365000,20.194,4506.9,42.9315,1273,1273,4547.73
-14492.595703125,6370000,20.3984,4516.08,43.4768,1274,1274,4425.98
-14527.8017578125,6375000,20.6183,4075.45,44.0132,1275,1275,4142.1
-15026.162109375,6380000,24.5236,4212.9,44.2379,1276,1276,4006.73
-14839.16796875,6385000,20.6098,4159.49,43.5775,1277,1277,4074.92
-14782.1298828125,6390000,20.8522,4541.74,43.4303,1278,1278,4421.04
-14734.7431640625,6395000,20.6217,4502.42,43.9135,1279,1279,4504.44
-14536.9033203125,6400000,20.4786,4496.78,43.4167,1280,1280,4403.69
-14515.220703125,6405000,24.0247,4538.38,43.1347,1281,1281,4331.62
-14674.3701171875,6410000,20.1071,4527.16,43.2641,1282,1282,4427.69
-14360.05859375,6415000,20.1259,4335.27,43.1473,1283,1283,4569.53
-14559.5224609375,6420000,19.5653,4531.74,43.3614,1284,1284,4066.95
-14605.8544921875,6425000,20.5123,4367.16,43.0883,1285,1285,4590.24
-14709.2802734375,6430000,19.9066,4499.57,43.0417,1286,1286,4360.37
-14894.2626953125,6435000,23.3942,4495.04,43.5325,1287,1287,4134.8
-14926.986328125,6440000,19.9865,4477.58,43.4116,1288,1288,4510.11
-14684.884765625,6445000,19.1854,3969.04,43.1021,1289,1289,3977.86
-14814.4033203125,6450000,20.6187,4458.84,43.3584,1290,1290,4433.43
-14902.42578125,6455000,21.8683,2934.48,43.8167,1291,1291,3169.34
-14443.6279296875,6460000,20.2914,4599.53,43.0965,1292,1292,3815.66
-14773.3173828125,6465000,19.4818,4493.88,43.1674,1293,1293,4371.28
-14653.3779296875,6470000,19.7922,4412.55,43.165,1294,1294,4077.21
-14556.4501953125,6475000,20.0853,3173.54,43.2477,1295,1295,3398.6
-14830.259765625,6480000,20.2863,4507.03,43.057,1296,1296,4336.16
-14661.177734375,6485000,20.2221,4579.79,43.2847,1297,1297,4117.98
-14558.9375,6490000,22.0062,3759.49,43.4921,1298,1298,3440.78
-14745.7734375,6495000,20.6489,4591.1,43.3965,1299,1299,4590.77
-14924.978515625,6500000,22.0225,4586.63,43.0508,1300,1300,4164.75
-14943.9775390625,6505000,22.9805,4246.84,43.2275,1301,1301,4153.09
-14653.9423828125,6510000,21.145,4581.81,43.0923,1302,1302,4595.82
-14500.845703125,6515000,20.0359,4607.24,42.8657,1303,1303,4363.41
-14815.775390625,6520000,21.2261,4547.74,43.0597,1304,1304,4207.36
-14884.923828125,6525000,22.0628,4593.23,43.2681,1305,1305,4403.07
-15623.0205078125,6530000,39.2141,2271.22,43.7919,1306,1306,2829.72
-14947.734375,6535000,21.0226,4608.45,43.2787,1307,1307,4598.7
-14444.8818359375,6540000,20.74,4663.97,43.2544,1308,1308,4660.4
-14503.419921875,6545000,19.5216,4603.13,43.2511,1309,1309,4630.38
-15932.4453125,6550000,44.8011,1738.45,44.4391,1310,1310,2915.99
-14856.7568359375,6555000,20.7507,4477.59,43.2379,1311,1311,3999.69
-15806.390625,6560000,36.5741,2667.02,45.5806,1312,1312,2598.85
-14695.2265625,6565000,26.1057,3975.07,43.4922,1313,1313,4079.34
-14741.9716796875,6570000,27.2584,4441.49,44.6699,1314,1314,3274.27
-15053.26953125,6575000,22.3143,4049.55,43.5575,1315,1315,3992.35
-14251.8076171875,6580000,20.8984,4587.65,43.2371,1316,1316,4580.02
-14627.201171875,6585000,21.4088,4565.87,43.119,1317,1317,4352.25
-14874.853515625,6590000,23.8153,4586.69,43.1568,1318,1318,4398.63
-14722.4931640625,6595000,24.564,4416.98,43.2148,1319,1319,3832.9
-14181.16015625,6600000,21.1644,4635.48,43.0494,1320,1320,4611.84
-16714.96875,6605000,55.7173,166.16,46.018,1321,1321,212.11
-16148.6416015625,6610000,48.9612,1166.86,44.5707,1322,1322,2894.71
-14988.765625,6615000,23.6464,4664.24,43.0954,1323,1323,4608.25
-14562.4599609375,6620000,20.6091,4665.91,42.9773,1324,1324,4542.26
-14791.595703125,6625000,19.6404,4688.05,42.9262,1325,1325,4482.97
-14827.322265625,6630000,20.9782,4713.19,43.2266,1326,1326,4490.37
-14760.810546875,6635000,20.8197,4697.6,42.7074,1327,1327,4524.18
-14854.72265625,6640000,20.2086,4599.43,43.1407,1328,1328,4607.3
-14908.0693359375,6645000,19.7869,4556.79,43.2111,1329,1329,4575.87
-14661.9443359375,6650000,19.6973,4391.34,42.7835,1330,1330,4629.31
-14789.03125,6655000,19.1653,4622.44,43.1203,1331,1331,4594.46
-15029.6689453125,6660000,20.4524,4655.89,43.6058,1332,1332,4656.77
-14641.7060546875,6665000,19.5413,4689.26,43.296,1333,1333,4689.0
-14591.2998046875,6670000,19.2574,4502.58,43.0731,1334,1334,4434.44
-14764.466796875,6675000,19.6144,4610.44,43.077,1335,1335,4648.71
-14788.96484375,6680000,20.4543,4574.69,43.4572,1336,1336,4591.49
-14694.8564453125,6685000,23.6065,4601.04,43.979,1337,1337,4134.71
-14875.2578125,6690000,19.7438,4596.94,43.8458,1338,1338,4483.25
-14562.748046875,6695000,19.5206,4634.02,43.2122,1339,1339,4507.41
-14480.6708984375,6700000,19.7616,4579.61,43.328,1340,1340,4578.68
-14610.5556640625,6705000,20.2317,4583.82,43.4549,1341,1341,4578.7
-14442.888671875,6710000,21.3023,4642.81,43.6736,1342,1342,4630.67
-14767.517578125,6715000,19.991,4585.36,43.4641,1343,1343,4598.2
-14526.7333984375,6720000,19.7892,4614.88,43.7269,1344,1344,4510.74
-14802.80078125,6725000,19.685,4586.26,43.4019,1345,1345,4594.11
-14551.998046875,6730000,20.6719,4590.57,43.4513,1346,1346,4613.45
-14624.7744140625,6735000,19.7711,4530.84,43.3554,1347,1347,4546.64
-14745.193359375,6740000,19.654,4511.88,43.3893,1348,1348,4532.2
-14505.279296875,6745000,20.9407,4603.61,43.5187,1349,1349,4586.0
-14537.3837890625,6750000,20.8915,4624.78,43.3575,1350,1350,4610.66
-14360.8603515625,6755000,20.0298,4701.67,43.1361,1351,1351,4470.53
-14699.052734375,6760000,21.3327,4611.14,43.4217,1352,1352,4538.53
-14580.138671875,6765000,20.5409,4573.05,43.3776,1353,1353,4576.97
-14704.0986328125,6770000,20.944,4658.38,43.5287,1354,1354,4657.85
-14578.375,6775000,22.8754,4629.72,43.5406,1355,1355,4644.73
-14746.59765625,6780000,20.7898,4660.97,43.18,1356,1356,4639.22
-14585.81640625,6785000,26.3743,4080.67,43.7426,1357,1357,4134.5
-14539.5048828125,6790000,20.2917,4664.14,43.4777,1358,1358,4417.53
-14234.611328125,6795000,22.6752,4633.8,43.4223,1359,1359,4617.91
-14680.6064453125,6800000,20.309,4689.44,43.5578,1360,1360,4477.52
-14547.89453125,6805000,20.4359,4676.28,43.3249,1361,1361,4647.97
-14594.0048828125,6810000,21.1207,4664.94,43.1124,1362,1362,4673.32
-14672.595703125,6815000,20.4833,4647.84,43.253,1363,1363,4669.23
-14960.3349609375,6820000,21.0653,4683.57,43.3358,1364,1364,4673.52
-14537.291015625,6825000,20.6107,4724.38,43.3767,1365,1365,4714.25
-14623.5087890625,6830000,20.5482,4692.39,43.0661,1366,1366,4681.59
-14716.1767578125,6835000,20.4827,4566.89,43.2641,1367,1367,4455.28
-14841.8046875,6840000,21.9129,4601.75,43.3747,1368,1368,4632.29
-14774.2509765625,6845000,21.1791,4719.52,43.2252,1369,1369,4683.27
-14994.1669921875,6850000,21.3103,4679.85,43.3442,1370,1370,4677.68
-15443.025390625,6855000,44.2724,682.94,45.2589,1371,1371,704.32
-14812.2255859375,6860000,21.8087,4734.76,43.4738,1372,1372,4640.65
-15081.5234375,6865000,22.8634,4671.25,43.2233,1373,1373,4687.32
-14770.353515625,6870000,21.9875,4703.95,43.1674,1374,1374,4698.81
-14853.775390625,6875000,22.2991,4752.03,42.8815,1375,1375,4083.79
-14376.609375,6880000,21.2835,4517.22,43.1385,1376,1376,4461.42
-14737.1396484375,6885000,21.2255,4738.03,42.9696,1377,1377,4484.15
-15107.58984375,6890000,25.1459,3360.16,43.7304,1378,1378,3458.28
-14744.4287109375,6895000,20.8157,4715.63,42.9496,1379,1379,4241.41
-14987.8994140625,6900000,22.3579,4665.2,43.1603,1380,1380,3595.16
-14684.7939453125,6905000,20.8389,4712.11,42.969,1381,1381,4664.22
-14909.6875,6910000,21.3935,4610.35,43.1789,1382,1382,4598.54
-15055.0615234375,6915000,23.5917,4668.77,43.2216,1383,1383,4656.53
-14865.6005859375,6920000,21.2041,4708.31,43.1976,1384,1384,4462.49
-14738.271484375,6925000,22.1808,4499.35,42.949,1385,1385,4463.23
-14900.4521484375,6930000,20.8779,4646.75,43.3395,1386,1386,4514.37
-14757.3583984375,6935000,22.1335,4512.64,42.8603,1387,1387,4308.24
-14932.287109375,6940000,23.7711,3000.43,43.2502,1388,1388,2916.58
-14762.5146484375,6945000,19.5045,4655.95,42.5903,1389,1389,4457.14
-14996.66015625,6950000,20.164,4593.36,42.8642,1390,1390,4576.1
-15040.3173828125,6955000,21.6663,4637.52,42.7919,1391,1391,4286.47
-14855.55078125,6960000,19.9275,4376.62,43.1683,1392,1392,3968.98
-14902.9501953125,6965000,21.2698,4652.28,43.0957,1393,1393,4617.4
-14753.7080078125,6970000,21.4176,4660.43,43.338,1394,1394,4441.08
-14983.2529296875,6975000,21.3899,4579.48,43.221,1395,1395,4388.79
-14863.8798828125,6980000,21.6694,4549.19,43.3819,1396,1396,4545.66
-15018.4287109375,6985000,20.6875,4472.28,43.186,1397,1397,4171.62
-15022.2529296875,6990000,21.4783,4570.57,43.103,1398,1398,4642.08
-14693.357421875,6995000,21.4834,4348.58,42.7389,1399,1399,4099.42
-15123.2431640625,7000000,21.2273,4604.87,42.9101,1400,1400,4451.74
-14809.509765625,7005000,21.0296,4674.24,42.9404,1401,1401,4644.95
-14855.4384765625,7010000,22.7388,4623.68,43.3167,1402,1402,4265.64
-14904.7177734375,7015000,24.0026,1563.22,43.6931,1403,1403,3862.89
-15306.064453125,7020000,23.5156,4345.32,43.635,1404,1404,4314.67
-14934.4375,7025000,20.1095,4639.09,43.1467,1405,1405,4285.01
-14596.49609375,7030000,18.2313,4759.28,43.0475,1406,1406,4066.08
-14405.4951171875,7035000,45.1647,309.74,50.5878,1407,1407,451.88
-17639.255859375,7040000,67.8011,312.52,50.4088,1408,1408,369.92
-16137.919921875,7045000,44.7531,1349.78,47.3756,1409,1409,1377.13
-17269.39453125,7050000,54.5329,847.99,46.538,1410,1410,968.64
-16737.576171875,7055000,38.6938,1502.95,46.7142,1411,1411,1021.5
-16333.8583984375,7060000,26.2287,2004.77,45.4937,1412,1412,1593.3
-15703.615234375,7065000,28.4339,2797.28,44.3275,1413,1413,2569.45
-15561.6728515625,7070000,25.6723,1990.51,44.7715,1414,1414,2083.76
-15901.6337890625,7075000,29.4643,2363.06,44.6413,1415,1415,3233.76
-15899.431640625,7080000,33.9424,4272.42,44.4572,1416,1416,2127.41
-15167.33203125,7085000,25.8712,4179.61,43.4541,1417,1417,3365.42
-15359.1005859375,7090000,21.5983,4510.58,43.5674,1418,1418,4416.42
-15540.037109375,7095000,22.3085,4548.43,43.7706,1419,1419,4365.26
-15722.5361328125,7100000,22.218,4495.94,43.9796,1420,1420,4481.6
-15389.2734375,7105000,23.2203,4442.62,43.905,1421,1421,4462.25
-15535.97265625,7110000,22.1492,4554.16,43.724,1422,1422,4556.85
-15585.28515625,7115000,22.6082,4573.54,43.3265,1423,1423,4579.17
-15871.9384765625,7120000,22.2799,4507.05,43.847,1424,1424,4502.05
-15806.82421875,7125000,22.8657,4513.69,43.769,1425,1425,4504.48
-15867.625,7130000,22.035,4547.31,43.8965,1426,1426,4450.49
-15910.544921875,7135000,22.6534,4430.5,43.8006,1427,1427,4440.0
-15620.8916015625,7140000,22.0365,4564.02,44.1172,1428,1428,4528.08
-15616.6591796875,7145000,23.0573,4515.72,44.0983,1429,1429,4488.76
-15608.693359375,7150000,22.625,4549.63,43.7706,1430,1430,4496.82
-15575.2548828125,7155000,22.0036,4582.96,43.9007,1431,1431,4541.1
-15458.080078125,7160000,22.4871,4617.53,43.7403,1432,1432,4562.63
-15549.3525390625,7165000,21.6213,4560.21,43.8891,1433,1433,4466.41
-15451.671875,7170000,22.1238,4674.79,43.6005,1434,1434,4550.14
-15380.724609375,7175000,22.4375,4661.3,43.5981,1435,1435,4464.51
-15536.1396484375,7180000,22.2804,4601.3,43.4093,1436,1436,4374.07
-15652.6630859375,7185000,23.0069,4655.17,43.6536,1437,1437,4605.56
-15471.4931640625,7190000,22.6821,4643.4,43.713,1438,1438,4508.93
-15558.7734375,7195000,22.5446,4600.93,43.5233,1439,1439,4425.46
-15757.337890625,7200000,23.3426,4633.55,43.6865,1440,1440,4591.97
-15617.4931640625,7205000,22.9287,4645.55,43.9591,1441,1441,4561.54
-15494.0947265625,7210000,22.9256,4616.57,43.7481,1442,1442,4579.35
-15580.53515625,7215000,23.9807,4702.29,43.6021,1443,1443,4674.68
-15480.69921875,7220000,23.232,4653.71,43.8109,1444,1444,4630.34
-15553.7880859375,7225000,22.7275,4706.23,43.4218,1445,1445,4675.91
-15396.076171875,7230000,22.5635,4736.8,43.4798,1446,1446,4250.38
-15447.90625,7235000,22.5294,4697.71,43.7455,1447,1447,4691.17
-15309.90625,7240000,21.6364,4719.78,43.447,1448,1448,4448.66
-15491.029296875,7245000,24.4005,4759.21,43.2578,1449,1449,4500.46
-15353.095703125,7250000,21.9186,3667.28,43.1331,1450,1450,4344.06
-15466.970703125,7255000,23.4445,4645.58,43.5203,1451,1451,4676.68
-15361.1044921875,7260000,22.5305,4692.17,43.653,1452,1452,4603.85
-15167.6064453125,7265000,28.9144,3595.21,44.3275,1453,1453,3498.98
-15525.6123046875,7270000,22.6863,4693.41,43.8543,1454,1454,4656.85
-15406.80859375,7275000,23.4558,4600.14,44.0344,1455,1455,4563.53
-15472.7470703125,7280000,22.697,4689.37,43.8442,1456,1456,4672.22
-15358.66015625,7285000,22.8023,4536.11,43.5519,1457,1457,4654.38
-15473.552734375,7290000,22.9839,4677.39,43.6039,1458,1458,4644.39
-15562.96484375,7295000,23.1271,4612.19,44.1191,1459,1459,4595.17
-15260.806640625,7300000,22.8762,4672.49,43.6879,1460,1460,4661.99
-15581.1484375,7305000,22.5886,4663.82,43.6911,1461,1461,4636.22
-15660.017578125,7310000,22.2928,4617.64,43.6157,1462,1462,4635.27
-15471.890625,7315000,22.9513,4655.15,43.784,1463,1463,4546.66
-15611.7041015625,7320000,24.6646,4583.61,43.5915,1464,1464,4548.78
-15688.7451171875,7325000,40.5999,678.36,44.8285,1465,1465,1133.17
-15815.8583984375,7330000,22.9659,4187.11,44.3514,1466,1466,4189.47
-15577.4873046875,7335000,22.5793,4674.35,43.6569,1467,1467,4658.65
-15624.04296875,7340000,23.3535,4600.48,43.8622,1468,1468,4589.75
-15622.4345703125,7345000,22.4461,4689.53,43.4612,1469,1469,4651.51
-15606.923828125,7350000,22.4391,4682.1,43.5044,1470,1470,4426.51
-15402.92578125,7355000,22.9421,4707.63,43.7262,1471,1471,4654.96
-15327.5517578125,7360000,21.8198,3947.98,43.6812,1472,1472,4596.06
-15715.15625,7365000,21.868,4633.69,43.7864,1473,1473,4546.55
-15960.064453125,7370000,24.877,4664.55,44.2789,1474,1474,4242.4
-15487.0927734375,7375000,23.027,4576.7,43.7986,1475,1475,4382.47
-15806.5244140625,7380000,23.8202,4683.23,44.0051,1476,1476,4607.2
-15874.583984375,7385000,22.898,4607.54,43.8505,1477,1477,4358.16
-15854.078125,7390000,22.7179,4690.57,43.5801,1478,1478,4547.98
-15694.583984375,7395000,22.6934,4682.41,43.719,1479,1479,4629.44
-15591.5546875,7400000,21.6468,4676.4,43.6073,1480,1480,4371.74
-15660.890625,7405000,23.6389,4657.85,43.5116,1481,1481,4631.58
-15698.58984375,7410000,22.5997,4601.88,43.2865,1482,1482,4445.5
-15585.7060546875,7415000,23.4324,4684.81,43.1772,1483,1483,4632.26
-15539.4970703125,7420000,23.0722,4648.28,43.6671,1484,1484,4652.47
-15900.5302734375,7425000,24.1578,4465.04,43.3162,1485,1485,4161.8
-15685.2265625,7430000,23.6819,3696.14,43.6655,1486,1486,4221.17
-15605.3583984375,7435000,22.6518,4544.54,43.3395,1487,1487,4359.37
-15846.025390625,7440000,23.6327,4418.71,43.3583,1488,1488,4271.81
-15861.330078125,7445000,26.5547,3574.0,43.4685,1489,1489,4621.29
-15945.9306640625,7450000,25.5953,3718.64,43.8383,1490,1490,4072.64
-15857.845703125,7455000,25.1478,2968.21,43.9207,1491,1491,4129.47
-16034.650390625,7460000,23.6321,4136.34,43.6206,1492,1492,4207.97
-15650.8408203125,7465000,23.9452,4505.51,43.5275,1493,1493,4321.32
-15891.8994140625,7470000,22.8623,4055.63,43.8888,1494,1494,4077.59
-15846.640625,7475000,22.0067,4216.8,43.4847,1495,1495,3912.68
-15621.8974609375,7480000,23.7577,4479.73,43.51,1496,1496,3875.03
-15849.666015625,7485000,21.8282,4396.02,43.443,1497,1497,4102.35
-15850.5537109375,7490000,24.8773,4506.49,43.5126,1498,1498,3696.12
-15809.822265625,7495000,21.9937,4659.98,43.8474,1499,1499,4642.91
