Running Env Steps,Running Reverse KL,Running Forward KL,Real Sto Return,Reward Loss,Itration,Real Det Return,Running Update Time
0,14.6969,49.3113,398.32,109.6810073852539,0,373.97,0
5000,13.106,49.2316,408.71,63.77971267700195,1,319.31,1
10000,27.9249,48.9422,359.15,-48.01994705200195,2,419.67,2
15000,12.7913,48.5094,449.62,56.34486770629883,3,461.16,3
20000,25.4476,48.6217,548.94,-43.58467483520508,4,567.93,4
25000,14.9172,47.8624,644.1,24.142831802368164,5,639.47,5
30000,14.5663,48.4798,468.67,30.794292449951172,6,609.48,6
35000,15.6135,49.4805,585.48,-88.24038696289062,7,771.54,7
40000,15.119,48.5233,474.47,-1.4831721782684326,8,531.74,8
45000,18.1562,48.0036,576.9,-63.94255065917969,9,566.84,9
50000,22.8361,46.6228,798.61,-151.80050659179688,10,776.46,10
55000,21.2633,47.8823,407.33,-13.436317443847656,11,612.63,11
60000,25.8679,47.6999,569.79,-81.62781524658203,12,634.31,12
65000,16.1802,47.1442,792.64,-66.25640106201172,13,769.82,13
70000,19.3031,47.441,829.33,-100.5016860961914,14,914.24,14
75000,15.988,46.2588,916.13,53.16132354736328,15,931.68,15
80000,14.8813,46.8675,862.77,38.14122009277344,16,1020.15,16
85000,12.667,45.8224,954.87,-22.96990203857422,17,933.2,17
90000,14.3165,46.8911,863.88,13.663053512573242,18,1034.08,18
95000,14.1914,46.2817,875.35,-16.757457733154297,19,1020.81,19
100000,31.8754,46.4123,983.0,-48.594085693359375,20,929.62,20
105000,57.2395,46.9705,926.55,-69.99713134765625,21,983.88,21
110000,49.0827,46.9503,1014.12,-75.89301300048828,22,678.6,22
115000,21.3262,46.2954,1188.83,-199.54443359375,23,864.27,23
120000,17.9912,45.6781,1193.94,-169.0387725830078,24,1587.07,24
125000,16.8022,46.3424,922.77,-133.29046630859375,25,754.89,25
130000,28.4902,46.7003,1141.03,-221.092529296875,26,1607.9,26
135000,27.8519,46.0445,1339.4,-138.9164276123047,27,1825.72,27
140000,14.5794,45.8195,2309.44,-197.23483276367188,28,2742.02,28
145000,21.4179,45.3679,1403.23,-160.8377685546875,29,1592.79,29
150000,21.0321,45.4651,1106.69,-171.1587371826172,30,1426.55,30
155000,20.0195,45.3996,1397.64,-139.58018493652344,31,2411.35,31
160000,22.3822,44.83,1504.84,-195.61985778808594,32,2351.92,32
165000,12.9231,45.074,1976.44,-161.2088623046875,33,2740.75,33
170000,13.7095,45.0681,2724.63,-206.52076721191406,34,2817.63,34
175000,15.6433,45.7526,2942.33,-221.9348907470703,35,2895.32,35
180000,15.6211,44.9948,2833.34,-219.331298828125,36,3044.26,36
185000,26.1118,44.414,2151.12,-275.2230529785156,37,3299.78,37
190000,15.2633,44.2374,2891.01,-230.51095581054688,38,3208.06,38
195000,16.9466,45.1752,2890.51,-255.2760009765625,39,3119.09,39
200000,16.2043,44.677,3228.28,-252.81912231445312,40,3372.22,40
205000,14.9632,44.4963,3097.88,-240.15408325195312,41,3329.69,41
210000,16.5738,44.6777,2835.38,-221.40786743164062,42,3145.5,42
215000,15.6494,44.5693,3010.32,-243.70252990722656,43,3295.87,43
220000,16.7956,45.2323,3245.41,-265.54156494140625,44,3362.02,44
225000,16.3026,44.5824,3283.92,-265.7386169433594,45,3241.69,45
230000,16.5152,44.1452,3314.53,-268.3913879394531,46,3322.28,46
235000,17.8372,44.7122,3098.75,-259.2203369140625,47,3302.59,47
240000,16.859,44.5905,3320.5,-267.2652587890625,48,3385.28,48
245000,17.2846,44.8789,3336.41,-260.2568664550781,49,3445.92,49
250000,17.9636,44.4556,3354.5,-270.9569091796875,50,3385.33,50
255000,16.3871,44.0621,3381.29,-240.90475463867188,51,3475.72,51
260000,16.5482,44.269,3420.87,-275.76214599609375,52,3492.96,52
265000,14.9276,44.4871,3031.06,-264.85931396484375,53,3518.71,53
270000,14.9072,44.1971,2906.88,-282.1988220214844,54,3377.03,54
275000,17.0872,44.3541,3254.3,-298.5973205566406,55,3433.63,55
280000,16.5172,44.1026,3558.97,-292.80224609375,56,3640.43,56
285000,15.2673,43.7904,3282.42,-287.4300537109375,57,3499.77,57
290000,15.4035,44.1155,2822.85,-283.3693542480469,58,3334.43,58
295000,15.6888,43.7081,3193.39,-309.0627136230469,59,3414.65,59
300000,17.3136,44.0507,3556.7,-300.3740234375,60,3551.03,60
305000,16.3589,44.1419,3557.92,-301.2738342285156,61,3669.46,61
310000,17.5934,44.2314,3485.78,-335.2028503417969,62,3633.63,62
315000,14.9611,43.6301,3443.81,-323.5382385253906,63,3453.72,63
320000,16.7881,43.7019,3614.06,-330.69036865234375,64,3678.9,64
325000,16.1462,43.2675,3565.82,-335.4753112792969,65,3666.16,65
330000,15.0183,44.0649,3309.58,-333.1282653808594,66,3658.1,66
335000,15.8644,43.5328,3601.55,-330.9368591308594,67,3600.45,67
340000,15.4009,43.7131,3358.58,-363.726806640625,68,3576.45,68
345000,14.8247,43.4911,3188.71,-357.74468994140625,69,3636.05,69
350000,14.7324,44.3763,3107.22,-370.98455810546875,70,3592.05,70
355000,14.9903,43.3572,3638.6,-344.708984375,71,3711.99,71
360000,15.9798,44.261,3550.64,-368.5950012207031,72,3636.45,72
365000,16.2213,43.947,3489.02,-391.0635070800781,73,3656.82,73
370000,14.4862,43.3877,3569.73,-338.1387634277344,74,3691.14,74
375000,14.5602,44.135,3317.56,-358.7911682128906,75,3350.67,75
380000,14.7448,42.8423,3334.71,-348.4111328125,76,2973.46,76
385000,15.2515,43.656,3559.74,-366.39202880859375,77,3639.86,77
390000,15.0535,43.9723,3401.53,-403.94793701171875,78,3501.3,78
395000,14.33,43.3957,3599.78,-364.717529296875,79,3630.92,79
400000,14.767,43.4933,3371.51,-390.19757080078125,80,3636.47,80
405000,15.6817,43.7662,3646.24,-403.7361145019531,81,3790.9,81
410000,14.2063,43.2421,3380.31,-392.19891357421875,82,3688.26,82
415000,15.1958,43.4065,3540.76,-395.5471496582031,83,2600.39,83
420000,13.6268,43.2698,3519.08,-415.3384094238281,84,3616.14,84
425000,14.0794,42.4478,3333.2,-432.4865417480469,85,3024.69,85
430000,15.0792,43.1622,2745.52,-397.99249267578125,86,3705.28,86
435000,15.6106,42.7178,3415.6,-421.2121276855469,87,3427.96,87
440000,15.4948,42.3843,3660.48,-407.2272644042969,88,3774.37,88
445000,15.1019,43.2637,3204.02,-479.5439758300781,89,3558.29,89
450000,16.3608,43.1279,3646.72,-416.5440673828125,90,3696.27,90
455000,15.2611,42.8196,3778.05,-385.2145690917969,91,3768.11,91
460000,14.155,43.1034,3565.58,-431.01715087890625,92,3640.61,92
465000,14.4926,42.9872,3416.05,-441.8378601074219,93,3790.25,93
470000,13.9941,43.2067,3630.65,-462.5835876464844,94,3753.1,94
475000,14.7351,43.0887,3566.76,-473.38055419921875,95,3928.92,95
480000,15.1494,42.4175,3702.47,-458.4075927734375,96,3801.54,96
485000,15.4085,42.4474,3782.36,-414.3354797363281,97,3868.39,97
490000,15.12,41.9421,3842.75,-424.044921875,98,4151.43,98
495000,15.3169,42.8796,3597.32,-430.2894592285156,99,3819.2,99
500000,15.3538,42.2855,3811.1,-438.88336181640625,100,3973.95,100
505000,14.9906,42.3381,3819.91,-446.1170959472656,101,3864.44,101
510000,16.5914,43.1482,3732.32,-464.3927917480469,102,3755.09,102
515000,14.9731,41.9358,3826.28,-454.83935546875,103,3775.82,103
520000,14.0254,42.4683,3539.51,-474.5081787109375,104,3767.43,104
525000,15.5315,43.2052,3587.28,-491.5845947265625,105,3699.2,105
530000,14.0234,42.4145,3562.29,-477.8917541503906,106,3844.08,106
535000,15.0801,41.7473,3880.25,-476.0255126953125,107,3989.41,107
540000,15.4426,42.4163,3548.88,-499.29608154296875,108,3727.14,108
545000,14.9113,42.2583,3803.67,-469.70068359375,109,3844.84,109
550000,14.7136,43.0208,3504.11,-486.7184753417969,110,3781.75,110
555000,15.2732,42.4343,3773.34,-480.6365966796875,111,3911.0,111
560000,15.0081,42.8594,3619.4,-481.2271728515625,112,3902.96,112
565000,15.1981,42.3722,3670.8,-463.5301208496094,113,3798.3,113
570000,15.3812,42.1378,3813.73,-487.7890319824219,114,3910.35,114
575000,15.411,42.4615,3701.86,-531.1207885742188,115,3706.48,115
580000,14.8103,41.6213,3827.72,-503.5579833984375,116,3836.41,116
585000,13.6958,42.6411,3680.41,-521.246337890625,117,3748.21,117
590000,13.4117,41.962,3783.46,-469.4901123046875,118,3639.29,118
595000,14.8235,41.8022,3795.61,-528.8693237304688,119,3910.86,119
600000,14.506,42.0191,3746.05,-541.109130859375,120,3745.09,120
605000,13.6104,41.2245,3825.43,-573.5582275390625,121,3774.2,121
610000,14.3203,41.9665,3811.04,-535.2025146484375,122,3981.47,122
615000,13.5132,41.1245,3841.86,-541.0324096679688,123,3899.31,123
620000,13.5555,41.9318,3741.25,-546.4698486328125,124,3954.49,124
625000,13.5337,40.7758,3758.01,-525.5217895507812,125,3917.43,125
630000,14.3083,41.4007,3896.43,-512.8615112304688,126,3953.33,126
635000,14.2354,40.7354,3626.32,-543.571044921875,127,3969.0,127
640000,15.0979,41.3822,3869.05,-556.7355346679688,128,3842.86,128
645000,13.949,40.5025,3849.66,-528.074951171875,129,4077.73,129
650000,14.0764,42.1638,3645.02,-566.078125,130,3904.71,130
655000,14.3054,41.2393,3869.53,-571.703369140625,131,3896.34,131
660000,14.5296,41.2106,3901.8,-593.2412109375,132,3874.1,132
665000,14.5085,41.3478,3803.86,-553.1178588867188,133,3966.34,133
670000,14.2355,40.5923,3880.23,-547.5880737304688,134,4073.11,134
675000,15.9669,41.0728,3887.95,-592.3082885742188,135,3952.73,135
680000,13.6789,40.6096,3976.03,-589.7338256835938,136,3980.75,136
685000,14.2778,42.635,3733.55,-650.4457397460938,137,4054.82,137
690000,13.4714,40.3293,4023.75,-565.7138671875,138,4014.67,138
695000,14.1071,40.8379,4024.03,-569.10009765625,139,4092.22,139
700000,13.5803,40.9093,3946.7,-575.8629760742188,140,4146.46,140
705000,15.153,41.3648,3971.45,-612.6692504882812,141,3948.87,141
710000,13.6816,42.0346,3905.28,-601.4443969726562,142,4027.61,142
715000,13.6821,41.0224,4001.02,-586.6066284179688,143,4172.7,143
720000,14.8246,41.6285,3933.48,-651.3326416015625,144,3901.98,144
725000,13.2817,41.7047,3858.78,-682.03759765625,145,4012.36,145
730000,13.8132,41.1089,3916.03,-627.8124389648438,146,3976.17,146
735000,13.6199,41.0436,3410.5,-696.2066040039062,147,3606.44,147
740000,13.7091,40.9004,3907.71,-617.6764526367188,148,3979.44,148
745000,13.0128,40.6543,3836.65,-741.265380859375,149,4154.13,149
750000,13.957,40.7309,3892.37,-676.23291015625,150,3915.05,150
755000,13.1373,40.1908,3892.16,-649.4561157226562,151,3846.08,151
760000,13.3445,40.1202,3914.6,-652.6830444335938,152,3935.08,152
765000,14.0933,41.3252,3886.87,-676.750732421875,153,3981.04,153
770000,13.9852,40.6968,3915.92,-677.56689453125,154,4101.92,154
775000,13.7747,40.9044,3999.32,-656.5729370117188,155,4069.66,155
780000,13.8094,40.3073,3927.75,-675.0543212890625,156,3999.54,156
785000,14.1294,42.0248,3456.98,-810.3986206054688,157,3914.3,157
790000,14.2495,40.4175,3886.62,-647.19970703125,158,4042.61,158
795000,12.3415,39.8462,3905.66,-698.1351318359375,159,3952.14,159
800000,12.5606,40.4888,3703.28,-702.548095703125,160,4102.53,160
805000,13.6096,41.6883,3774.28,-740.0887451171875,161,3990.85,161
810000,13.4949,40.4662,4021.35,-661.1151733398438,162,4044.41,162
815000,12.3839,39.8839,3981.21,-708.3515625,163,3994.71,163
820000,12.3777,40.1345,3907.9,-692.4720458984375,164,3987.53,164
825000,13.1005,39.6658,4075.41,-674.70068359375,165,4057.25,165
830000,13.5881,40.4096,3994.74,-709.9739379882812,166,4016.07,166
835000,13.5264,40.7692,4019.56,-702.4472045898438,167,4007.16,167
840000,13.2891,40.1016,4065.88,-726.3635864257812,168,4124.0,168
845000,13.1825,40.0813,4059.19,-722.9849243164062,169,4084.28,169
850000,13.7281,39.8896,3971.32,-667.5588989257812,170,4158.49,170
855000,12.8846,40.4731,4068.66,-767.0086669921875,171,4097.08,171
860000,13.4745,41.0786,4018.64,-774.3566284179688,172,4049.12,172
865000,13.5532,39.9437,4055.18,-727.2567749023438,173,4009.76,173
870000,11.8384,39.3492,4086.17,-690.0411987304688,174,4171.87,174
875000,12.1876,39.7782,4040.87,-722.306640625,175,4118.39,175
880000,12.8959,39.3153,4057.01,-746.906005859375,176,4184.45,176
885000,12.7782,39.8943,4016.02,-763.2946166992188,177,4053.59,177
890000,13.6773,40.2546,3914.29,-779.3837890625,178,4185.61,178
895000,12.678,39.1844,4099.96,-751.0549926757812,179,4155.72,179
900000,12.1241,39.4647,4073.94,-770.4713745117188,180,4187.85,180
905000,13.4111,40.4923,4029.92,-776.8811645507812,181,4224.65,181
910000,13.9977,40.5136,4107.56,-769.9597778320312,182,4100.43,182
915000,13.6897,39.7111,4104.94,-792.7015991210938,183,4119.22,183
920000,12.3998,40.4577,4018.07,-791.4096069335938,184,4060.89,184
925000,12.9548,40.234,4100.24,-826.4092407226562,185,4059.61,185
930000,13.1812,41.2404,3748.38,-838.4242553710938,186,4114.8,186
935000,13.7282,40.1151,4140.71,-817.4656372070312,187,4152.0,187
940000,13.2835,40.4426,4068.0,-847.151611328125,188,4140.12,188
945000,12.6503,39.7435,4171.37,-813.720947265625,189,4179.04,189
950000,13.5316,39.7663,4197.29,-782.2867431640625,190,4220.27,190
955000,15.0728,41.5527,4031.21,-853.2487182617188,191,4012.01,191
960000,13.0569,40.4282,3958.59,-847.8856201171875,192,4229.4,192
965000,12.874,39.9288,4155.37,-812.7550048828125,193,4122.79,193
970000,12.27,39.0943,4151.66,-802.3903198242188,194,4190.47,194
975000,11.4787,38.9109,4200.43,-842.4851684570312,195,4184.26,195
980000,12.5208,39.9402,4233.2,-823.5131225585938,196,4270.2,196
985000,12.7311,39.0057,4195.37,-886.6771240234375,197,4175.03,197
990000,12.5623,39.4733,4098.77,-907.048095703125,198,4074.05,198
995000,12.7293,39.291,4111.14,-853.6306762695312,199,4139.31,199
1000000,12.7367,39.5537,4011.76,-909.7257690429688,200,4172.61,200
1005000,12.8177,40.2538,3920.87,-894.1639404296875,201,4218.78,201
1010000,13.2059,40.1371,3895.14,-924.1201782226562,202,4115.73,202
1015000,12.2737,39.767,4175.59,-868.254638671875,203,4216.26,203
1020000,12.8285,39.5498,4231.29,-838.4873657226562,204,4271.39,204
1025000,12.5192,39.0739,3885.63,-897.3965454101562,205,4155.09,205
1030000,12.4452,39.5153,3847.14,-860.1194458007812,206,3969.42,206
1035000,12.7805,40.1594,4003.29,-893.1159057617188,207,4217.15,207
1040000,12.2272,39.5533,3861.72,-930.5293579101562,208,3876.33,208
1045000,13.0505,39.4065,3301.18,-962.3255615234375,209,4002.64,209
1050000,12.2637,38.6991,3680.11,-1016.01611328125,210,3990.59,210
1055000,12.7213,39.1794,4192.54,-931.4100952148438,211,4279.18,211
1060000,11.9357,38.7828,3958.53,-932.69921875,212,4207.12,212
1065000,12.8378,38.8853,3768.97,-934.4351196289062,213,4255.19,213
1070000,12.8332,39.1715,3996.17,-961.6915283203125,214,4105.7,214
1075000,12.3296,39.6023,4104.17,-1073.0540771484375,215,3890.5,215
1080000,12.6618,39.0677,3782.48,-1014.384521484375,216,4192.2,216
1085000,12.3145,38.5912,3486.72,-1016.9935302734375,217,4054.56,217
1090000,11.7979,38.4332,3929.31,-988.923095703125,218,4222.34,218
1095000,11.8429,38.7555,3073.25,-1154.889404296875,219,4206.85,219
1100000,12.5146,39.4251,3958.56,-1081.952880859375,220,4138.94,220
1105000,12.576,39.6822,3109.12,-1142.080810546875,221,4189.15,221
1110000,12.2276,38.6842,3369.11,-1007.5791015625,222,4240.15,222
1115000,15.7974,38.8127,3636.96,-1131.65576171875,223,4237.76,223
1120000,12.3633,38.6756,4214.11,-1073.15625,224,4268.1,224
1125000,12.0688,38.7054,3986.02,-1057.8477783203125,225,3750.51,225
1130000,11.3946,38.8557,4036.02,-1167.1268310546875,226,4236.81,226
1135000,12.1404,38.4711,4081.27,-964.609619140625,227,4379.4,227
1140000,11.6132,39.2368,4054.63,-1118.8848876953125,228,4322.97,228
1145000,12.122,37.8269,3887.77,-948.2117919921875,229,4393.99,229
1150000,12.2903,38.7773,4194.66,-1101.72509765625,230,4348.7,230
1155000,10.9231,39.4944,3978.66,-1247.146484375,231,4403.61,231
1160000,11.5692,39.2882,4168.28,-1160.3626708984375,232,4357.31,232
1165000,11.7685,39.0275,3457.03,-1192.6829833984375,233,3650.23,233
1170000,11.9417,39.0951,4232.71,-1097.507568359375,234,4313.86,234
1175000,11.8442,38.564,4102.75,-1135.405517578125,235,4256.48,235
1180000,11.1678,38.2198,4304.97,-1142.5032958984375,236,4409.29,236
1185000,11.3796,39.4757,4053.04,-1229.265625,237,4417.91,237
1190000,11.6342,38.602,3682.42,-1116.4007568359375,238,4503.48,238
1195000,11.9794,38.979,4209.78,-1179.64111328125,239,4428.28,239
1200000,12.6225,38.4243,4126.36,-1123.40185546875,240,4266.12,240
1205000,12.6311,38.1286,4023.2,-1152.5577392578125,241,4335.01,241
1210000,11.9579,38.348,4256.99,-1209.9268798828125,242,4429.51,242
1215000,12.3778,38.4177,4041.16,-1181.0338134765625,243,4231.25,243
1220000,12.5882,38.3531,4038.26,-1230.1402587890625,244,4463.92,244
1225000,11.8529,38.4661,4272.53,-1378.302734375,245,4369.94,245
1230000,11.6948,38.4396,4297.37,-1295.423828125,246,3901.18,246
1235000,12.4299,38.6611,3788.76,-1235.615234375,247,4244.52,247
1240000,11.9836,37.9107,4338.63,-1161.57177734375,248,4465.65,248
1245000,13.1155,38.4208,4288.34,-1182.12353515625,249,4397.8,249
1250000,11.6624,39.1339,4038.57,-1269.3541259765625,250,4387.15,250
1255000,12.2222,38.488,4291.64,-1211.565673828125,251,4368.3,251
1260000,11.5437,37.8834,4047.7,-1257.3175048828125,252,4272.98,252
1265000,11.427,38.4819,4173.87,-1237.7813720703125,253,4224.24,253
1270000,12.136,37.9139,3309.59,-1145.005859375,254,4505.04,254
1275000,12.1271,37.7358,4060.68,-1255.2318115234375,255,3536.44,255
1280000,11.9293,37.9012,4156.41,-1207.8653564453125,256,4580.67,256
1285000,35.9297,39.5337,1760.03,-1945.37646484375,257,1562.29,257
1290000,12.8872,38.8751,4118.2,-1353.395751953125,258,3475.21,258
1295000,12.699,38.437,3613.86,-1424.6910400390625,259,4407.41,259
1300000,14.5569,38.8908,3601.52,-1539.13916015625,260,4222.16,260
1305000,18.8446,40.6313,2234.88,-2238.6923828125,261,311.42,261
1310000,21.4514,38.6799,3619.89,-1579.753173828125,262,4179.9,262
1315000,15.8808,40.3175,3384.36,-2169.85791015625,263,2415.94,263
1320000,14.4294,40.2192,2351.07,-1932.4774169921875,264,3825.48,264
1325000,11.8032,38.1325,4185.33,-1370.50634765625,265,4532.6,265
1330000,12.4684,37.702,4429.29,-1324.5994873046875,266,4579.32,266
1335000,12.7675,38.6771,4388.92,-1373.7822265625,267,4436.5,267
1340000,11.6968,37.1136,4260.12,-1292.823486328125,268,4489.91,268
1345000,11.5847,38.3814,4349.1,-1336.979736328125,269,4394.26,269
1350000,11.7543,37.411,4378.97,-1273.7476806640625,270,4573.39,270
1355000,11.5124,37.2964,3624.32,-1497.6014404296875,271,4586.56,271
1360000,11.4546,37.3902,4261.22,-1319.285400390625,272,4686.51,272
1365000,11.8581,37.5562,4459.4,-1437.075927734375,273,4627.67,273
1370000,10.7383,37.5561,3594.09,-1633.3515625,274,4549.13,274
1375000,11.1467,37.4698,4333.4,-1509.3966064453125,275,4654.1,275
1380000,11.9215,36.9322,4064.7,-1387.1014404296875,276,4500.71,276
1385000,11.5429,37.2587,4286.19,-1484.257568359375,277,4505.57,277
1390000,14.7835,39.1306,2328.94,-2422.97509765625,278,364.68,278
1395000,11.1811,37.8083,3427.96,-1844.34814453125,279,673.97,279
1400000,12.4122,38.0304,4225.22,-1698.064697265625,280,1471.28,280
1405000,12.6037,37.0121,4256.87,-1412.7232666015625,281,4581.14,281
1410000,11.5512,37.9972,3855.43,-1674.4183349609375,282,4561.64,282
1415000,11.5512,37.3628,4050.11,-1603.4193115234375,283,4150.13,283
1420000,12.733,36.739,4438.95,-1365.277099609375,284,4575.37,284
1425000,12.5623,37.4982,4368.32,-1466.096923828125,285,4452.13,285
1430000,12.1603,36.691,4307.69,-1474.203369140625,286,4529.05,286
1435000,11.8381,36.6971,4382.6,-1474.843505859375,287,4557.98,287
1440000,12.26,36.6678,4347.59,-1491.269775390625,288,4547.62,288
1445000,12.6674,37.0285,4366.93,-1578.755615234375,289,4580.46,289
1450000,12.85,37.432,3332.12,-1595.6748046875,290,4141.2,290
1455000,13.5292,36.8405,3882.61,-1528.4876708984375,291,4434.23,291
1460000,14.2037,37.271,4191.55,-1600.4771728515625,292,4347.02,292
1465000,13.5337,37.1532,3840.85,-1647.6378173828125,293,4329.34,293
1470000,12.6077,39.0794,2354.3,-2437.8203125,294,746.09,294
1475000,12.7663,38.277,4084.4,-1692.7132568359375,295,3741.48,295
1480000,18.1277,38.2043,2308.74,-2300.49169921875,296,1069.89,296
1485000,13.6062,37.5445,4297.93,-1717.0462646484375,297,4476.24,297
1490000,13.2556,37.7721,4393.79,-1664.419677734375,298,4472.1,298
1495000,13.4317,36.9686,4386.48,-1526.58203125,299,4565.51,299
1500000,12.0697,36.6586,4273.74,-1533.3447265625,300,4348.34,300
1505000,12.8533,36.7721,4386.27,-1516.855224609375,301,4478.86,301
1510000,14.8695,36.8425,3336.09,-1898.449462890625,302,3138.24,302
1515000,12.5063,36.1293,4467.16,-1520.5941162109375,303,4710.22,303
1520000,12.8996,36.4914,4526.88,-1485.80126953125,304,4696.67,304
1525000,12.9408,36.8015,4302.72,-1625.1290283203125,305,4393.63,305
1530000,12.6319,36.7046,4153.26,-1692.0115966796875,306,4470.52,306
1535000,14.0023,36.852,4513.87,-1811.04736328125,307,4589.57,307
1540000,12.8479,36.795,4521.69,-1541.017333984375,308,4642.23,308
1545000,12.7234,37.0416,4436.95,-1625.95751953125,309,4600.59,309
1550000,12.0848,36.2778,4526.45,-1547.9478759765625,310,4651.53,310
1555000,12.124,35.6704,4551.73,-1557.595458984375,311,4674.79,311
1560000,12.1409,37.1513,4486.61,-1666.09716796875,312,4574.83,312
1565000,14.7622,36.8013,4363.28,-1869.5137939453125,313,4412.36,313
1570000,14.3978,37.2096,4465.37,-1864.5076904296875,314,4680.29,314
1575000,11.8014,36.5599,4441.02,-1588.621337890625,315,4626.97,315
1580000,12.1764,37.4526,4446.75,-1654.838134765625,316,4518.29,316
1585000,13.6492,36.8585,4379.5,-1937.4239501953125,317,4533.82,317
1590000,11.7604,37.1065,4326.34,-1762.5302734375,318,4517.77,318
1595000,12.4233,37.0072,4329.04,-1757.743896484375,319,4526.19,319
1600000,12.0605,36.3639,4404.04,-1705.0299072265625,320,4604.48,320
1605000,12.5489,36.8769,4338.35,-1806.2684326171875,321,4605.71,321
1610000,15.2784,36.8371,4220.29,-2329.747314453125,322,4487.52,322
1615000,12.2059,36.1261,3887.8,-1856.068359375,323,4361.23,323
1620000,11.4053,35.9974,4219.62,-1772.3560791015625,324,4472.74,324
1625000,12.2455,37.2075,4296.71,-1927.966796875,325,4391.35,325
1630000,14.2556,36.8217,4357.55,-2250.48095703125,326,4558.71,326
1635000,12.2021,36.7169,4126.6,-1712.1812744140625,327,4555.99,327
1640000,11.8775,37.0903,4332.36,-1849.986572265625,328,4397.66,328
1645000,13.8381,37.1246,3948.0,-1939.9976806640625,329,4342.62,329
1650000,16.9831,37.1724,4048.27,-2338.998779296875,330,3967.2,330
1655000,16.1712,37.7741,3886.18,-2592.993408203125,331,3729.17,331
1660000,11.9807,36.7166,4287.09,-1689.6912841796875,332,4571.15,332
1665000,18.6628,37.5564,4088.13,-2458.657470703125,333,4541.92,333
1670000,15.3347,36.9769,4467.73,-2067.413818359375,334,4554.46,334
1675000,12.2205,36.7764,4419.96,-1835.132568359375,335,4491.59,335
1680000,12.3062,36.0389,4495.21,-1746.7103271484375,336,4612.8,336
1685000,12.3658,36.5265,4122.34,-1851.4027099609375,337,4334.06,337
1690000,12.3894,37.1158,4152.36,-1961.2874755859375,338,4328.0,338
1695000,12.6582,36.3905,4350.11,-1820.914794921875,339,4482.48,339
1700000,11.3219,36.955,3670.78,-2164.177001953125,340,4602.28,340
1705000,10.9578,35.5534,4141.92,-2128.090576171875,341,4482.87,341
1710000,11.3594,35.9631,4327.5,-1860.390869140625,342,4692.27,342
1715000,11.6768,36.0197,4399.84,-1944.773681640625,343,4789.08,343
1720000,12.1614,39.3525,4131.79,-3168.485595703125,344,4753.36,344
1725000,11.0695,36.7471,3648.17,-2238.5830078125,345,4681.99,345
1730000,12.2096,36.5894,4040.64,-1989.91064453125,346,4772.01,346
1735000,12.5263,35.9374,3619.5,-2049.701904296875,347,4289.66,347
1740000,12.0246,36.2951,3612.02,-2309.336669921875,348,4427.83,348
1745000,12.3296,36.3596,3169.86,-2425.3115234375,349,3996.99,349
1750000,12.1344,35.0343,3877.88,-1879.9979248046875,350,4674.84,350
1755000,13.0873,35.8402,4110.58,-2370.69921875,351,4121.54,351
1760000,12.7966,36.0343,4188.05,-2139.2373046875,352,4366.88,352
1765000,11.7477,36.4869,4370.82,-1984.273681640625,353,4534.92,353
1770000,10.9236,37.49,4178.46,-2127.707763671875,354,4352.48,354
1775000,12.0988,36.2,4229.53,-2058.56591796875,355,4098.61,355
1780000,11.99,36.3635,4093.8,-2381.529052734375,356,4038.77,356
1785000,12.5289,35.9543,3661.67,-2160.35107421875,357,1378.02,357
1790000,11.7523,35.4305,4200.71,-2183.77978515625,358,4603.66,358
1795000,12.1357,34.9048,3772.95,-1795.4239501953125,359,4635.51,359
1800000,12.1044,35.122,4510.71,-2154.501220703125,360,4664.2,360
1805000,12.3549,35.296,4513.54,-1882.661376953125,361,4671.65,361
1810000,12.1288,35.6648,4280.63,-1908.0855712890625,362,4661.16,362
1815000,12.6654,37.261,3798.46,-2582.1484375,363,3046.86,363
1820000,12.8719,36.6698,4315.16,-2080.279541015625,364,4346.45,364
1825000,12.5476,35.9823,4339.03,-2078.645263671875,365,4578.83,365
1830000,11.7979,38.0281,3295.23,-3294.60546875,366,4188.37,366
1835000,12.2215,35.1389,4269.51,-1994.515380859375,367,3847.35,367
1840000,11.5009,35.9359,4337.38,-2089.60009765625,368,4693.56,368
1845000,11.8027,35.6823,4352.34,-2042.134521484375,369,4565.24,369
1850000,12.0367,35.8959,4490.6,-1860.47509765625,370,4707.68,370
1855000,12.0668,34.8399,4294.05,-1937.77490234375,371,4531.32,371
1860000,12.0614,35.9225,4377.83,-2060.3876953125,372,4525.4,372
1865000,12.0724,35.7758,4082.07,-2121.857177734375,373,3737.79,373
1870000,12.0791,37.4382,4148.52,-2602.495849609375,374,4178.99,374
1875000,12.6351,36.2294,4377.01,-2055.027587890625,375,4279.45,375
1880000,11.7842,37.2113,4148.47,-2645.866943359375,376,4506.2,376
1885000,12.7856,35.484,4096.86,-2050.06396484375,377,4573.66,377
1890000,12.0299,36.9008,4384.94,-2654.64404296875,378,4373.81,378
1895000,12.1057,35.8728,3957.37,-2183.626708984375,379,4245.26,379
1900000,11.9463,37.5506,4456.35,-2818.67041015625,380,4347.9,380
1905000,12.144,36.5982,4049.76,-2671.212646484375,381,4419.69,381
1910000,12.3323,36.4165,4280.92,-2059.896728515625,382,4585.67,382
1915000,11.8345,36.4471,4097.59,-2604.882080078125,383,4545.11,383
1920000,12.4435,35.9865,4348.16,-2118.734619140625,384,4317.19,384
1925000,12.6677,35.8864,3999.32,-2154.486572265625,385,4270.36,385
1930000,12.0328,36.1714,4179.1,-2191.660400390625,386,4509.87,386
1935000,13.3993,36.217,4238.16,-2630.13330078125,387,4369.14,387
1940000,12.1938,36.6742,4507.63,-2025.4852294921875,388,4348.84,388
1945000,11.7716,36.4489,4481.54,-2363.489990234375,389,4625.65,389
1950000,11.8134,36.2787,4340.91,-2382.71240234375,390,4587.9,390
1955000,12.1464,36.4711,4241.53,-2119.733642578125,391,4426.37,391
1960000,12.4217,36.9116,4299.41,-2379.00341796875,392,4421.74,392
1965000,12.493,36.5455,4524.02,-2123.3056640625,393,4654.67,393
1970000,12.8154,36.313,4509.74,-2158.476318359375,394,4445.69,394
1975000,12.6195,36.2115,4349.53,-2049.705078125,395,4577.5,395
1980000,13.2816,36.2706,4571.9,-2026.843505859375,396,4619.2,396
1985000,12.7506,36.8475,4341.55,-2339.606201171875,397,4537.55,397
1990000,12.0621,36.2246,4454.48,-2221.52880859375,398,4373.83,398
1995000,12.5113,35.955,4529.04,-2084.44140625,399,4530.27,399
2000000,11.9907,36.1884,4509.51,-2150.783935546875,400,4612.54,400
2005000,11.9996,36.3454,4540.18,-2127.797607421875,401,4615.47,401
2010000,12.1751,35.0955,4136.24,-2155.330322265625,402,4602.25,402
2015000,12.1852,35.2779,4540.1,-2046.4007568359375,403,4570.21,403
2020000,12.5327,35.904,4514.86,-2089.44970703125,404,4536.25,404
2025000,12.1766,35.4329,4613.04,-1948.0810546875,405,4679.89,405
2030000,12.2469,36.1932,4561.08,-2089.23974609375,406,4640.03,406
2035000,12.8786,36.3231,4239.09,-2178.740234375,407,4428.34,407
2040000,12.2553,35.5154,4637.21,-2006.46875,408,4722.08,408
2045000,12.2195,36.2189,4362.05,-2619.5830078125,409,4641.14,409
2050000,13.2563,35.8261,4463.94,-2120.73095703125,410,4330.04,410
2055000,12.7114,35.6588,4550.46,-2143.20556640625,411,4795.73,411
2060000,12.8047,35.8433,4625.19,-2011.7935791015625,412,4674.77,412
2065000,11.3272,36.2146,4241.83,-2623.548583984375,413,3818.24,413
2070000,12.7147,35.8501,4519.42,-2224.266845703125,414,4552.43,414
2075000,12.9525,35.4485,4539.5,-2074.321044921875,415,4683.83,415
2080000,13.1423,35.7184,4609.3,-2040.3092041015625,416,4683.82,416
2085000,12.8768,35.5629,4084.8,-2241.91845703125,417,4544.04,417
2090000,12.7935,35.6765,4578.7,-2083.05615234375,418,4622.3,418
2095000,12.6027,35.7085,4575.14,-2101.773193359375,419,4639.39,419
2100000,12.296,35.7636,4538.16,-2083.791748046875,420,4608.39,420
2105000,12.4274,35.748,4553.14,-2161.859130859375,421,4592.63,421
2110000,12.8965,36.0509,4459.86,-2004.48486328125,422,4657.1,422
2115000,19.7722,35.8908,4677.36,-2682.35009765625,423,4768.13,423
2120000,12.8014,36.3361,4581.85,-2136.377685546875,424,4633.8,424
2125000,12.927,35.8291,4584.42,-2139.230224609375,425,4673.01,425
2130000,12.1709,35.4516,3930.17,-2470.2255859375,426,4607.28,426
2135000,11.7688,35.3795,4604.1,-2433.83544921875,427,4647.64,427
2140000,11.5536,36.0224,3954.61,-2742.996337890625,428,4683.46,428
2145000,11.996,34.7844,4580.01,-2050.13427734375,429,4749.69,429
2150000,12.4041,34.9895,4522.49,-2146.45556640625,430,4691.66,430
2155000,11.6949,35.1614,4602.48,-2154.248779296875,431,4778.87,431
2160000,12.4687,35.4016,4582.66,-2058.91455078125,432,4743.95,432
2165000,11.6006,34.9533,4669.02,-2036.783203125,433,4786.67,433
2170000,11.4823,36.0032,4398.53,-2595.70068359375,434,4213.69,434
2175000,11.6091,35.6523,4484.87,-2205.81494140625,435,3969.79,435
2180000,95.3255,42.2531,955.26,-4891.873046875,436,6.98,436
2185000,12.5263,34.2003,4211.05,-2093.04931640625,437,4698.88,437
2190000,11.9187,35.9041,4479.17,-2500.7763671875,438,4660.67,438
2195000,12.2171,34.2707,4440.6,-1936.0194091796875,439,4800.16,439
2200000,12.6814,34.6347,4609.72,-1937.8919677734375,440,4867.27,440
2205000,11.8533,34.7128,4486.79,-1951.5108642578125,441,4921.03,441
2210000,11.8516,34.5796,4712.01,-1893.849365234375,442,4910.36,442
2215000,11.8728,34.8861,4607.51,-2094.25732421875,443,4695.91,443
2220000,11.8266,34.4849,4633.83,-2019.529052734375,444,4714.65,444
2225000,12.5667,34.1881,4587.94,-2085.609375,445,4662.75,445
2230000,12.5001,35.6839,3973.21,-2558.36181640625,446,4607.53,446
2235000,24.5373,36.7648,3224.11,-3777.835205078125,447,3237.42,447
2240000,13.9813,36.1443,3240.75,-2827.00390625,448,2272.92,448
2245000,13.7612,35.8447,3751.11,-2552.737060546875,449,3283.58,449
2250000,12.5991,35.0886,3568.75,-2578.26416015625,450,4622.39,450
2255000,14.3038,37.1237,4170.61,-3738.73046875,451,4635.42,451
2260000,12.7044,36.4565,4030.03,-2696.498046875,452,4677.14,452
2265000,12.3818,35.6623,4328.02,-2764.708740234375,453,4594.95,453
2270000,11.7413,36.1276,4404.01,-2561.878662109375,454,4706.43,454
2275000,12.9502,35.8775,4594.55,-2220.192138671875,455,4725.72,455
2280000,12.5504,36.0349,4537.37,-2589.209716796875,456,4658.4,456
2285000,13.0544,35.9421,4406.99,-2237.680908203125,457,4582.44,457
2290000,12.8468,35.5588,4677.08,-2188.683349609375,458,4782.23,458
2295000,12.5672,35.2564,4629.23,-2448.102783203125,459,4657.44,459
2300000,13.2693,35.4064,4340.62,-2166.651611328125,460,4821.16,460
2305000,11.5443,35.3812,4713.35,-2388.484619140625,461,4786.89,461
2310000,12.4526,36.4029,3262.75,-3141.340087890625,462,4867.43,462
2315000,11.0905,35.6478,4302.99,-2702.281982421875,463,4905.3,463
2320000,11.765,34.5979,4523.14,-2133.15966796875,464,4837.22,464
2325000,12.7159,34.4025,4094.89,-2510.49462890625,465,4608.01,465
2330000,11.7679,34.7016,3027.24,-2297.7578125,466,4161.08,466
2335000,35.9342,46.46,1070.06,-5834.349609375,467,586.85,467
2340000,24.7209,43.4467,1530.86,-4864.06591796875,468,2494.71,468
2345000,13.8418,42.5494,1769.74,-4782.2548828125,469,2115.66,469
2350000,16.4464,44.5782,1518.34,-5508.3486328125,470,1215.35,470
2355000,15.8991,37.7209,3648.96,-3313.49609375,471,4158.52,471
2360000,15.9106,38.6781,4151.77,-2841.331787109375,472,4031.2,472
2365000,14.647,37.0626,3806.99,-2784.435302734375,473,4157.1,473
2370000,12.4127,36.8358,3251.76,-2807.945068359375,474,1084.73,474
2375000,13.074,36.0965,3240.66,-3645.256591796875,475,4653.52,475
2380000,14.2908,36.2188,4365.42,-2818.724609375,476,4466.14,476
2385000,13.3346,35.3076,4424.83,-2495.58642578125,477,4424.66,477
2390000,12.9606,35.051,4442.01,-2214.809326171875,478,4759.54,478
2395000,12.6343,34.9182,4291.34,-2336.810546875,479,4727.07,479
2400000,13.7585,34.7213,4467.57,-2386.99609375,480,4620.54,480
2405000,14.0156,35.8193,3827.81,-2422.95361328125,481,4280.51,481
2410000,14.415,35.9189,3480.7,-2512.038330078125,482,4628.87,482
2415000,14.1428,35.2784,3539.93,-3048.603515625,483,4615.47,483
2420000,14.1285,35.0343,4442.6,-2261.3125,484,4607.42,484
2425000,13.2113,36.0198,4082.1,-2392.87353515625,485,4492.71,485
2430000,13.3241,34.5744,4530.35,-2256.678955078125,486,4620.86,486
2435000,15.6936,35.2151,3848.85,-3195.34423828125,487,4269.21,487
2440000,13.12,34.3596,4586.46,-2220.526611328125,488,4633.9,488
2445000,15.7553,35.1409,3539.38,-3332.993896484375,489,3301.16,489
2450000,14.2929,34.828,4189.58,-2234.05322265625,490,4739.58,490
2455000,18.4837,36.5665,3072.37,-3452.46875,491,2799.18,491
2460000,13.5948,34.6198,4629.23,-2250.357177734375,492,4626.3,492
2465000,13.4337,35.1634,4425.98,-2789.33642578125,493,4399.57,493
2470000,13.8384,34.6419,4628.16,-2258.962646484375,494,4647.24,494
2475000,13.9073,34.7983,4357.15,-2568.19189453125,495,4698.66,495
2480000,14.3184,33.6249,4245.91,-2287.0458984375,496,4640.79,496
2485000,13.124,34.3896,4563.18,-2613.012451171875,497,4575.85,497
2490000,34.1963,35.7686,2866.49,-3698.19287109375,498,2865.49,498
2495000,28.5602,35.712,3950.07,-3335.166748046875,499,4215.04,499
2500000,13.0116,34.0754,4499.08,-2502.186279296875,500,4641.2,500
2505000,13.6303,34.2369,4611.91,-2259.186279296875,501,4689.85,501
2510000,14.949,34.8105,3946.77,-2928.436279296875,502,4733.82,502
2515000,12.7813,34.8959,4426.94,-2491.54638671875,503,4787.89,503
2520000,13.6423,34.4277,4602.45,-2327.725341796875,504,4579.59,504
2525000,13.3091,34.057,4264.78,-2345.02587890625,505,4641.74,505
2530000,13.2174,34.2847,4651.36,-2335.330810546875,506,4705.5,506
2535000,13.5268,33.7658,3474.1,-2396.477294921875,507,4675.04,507
2540000,13.4548,33.8144,4426.21,-2325.268310546875,508,4741.07,508
2545000,13.244,33.9359,2693.68,-2659.517578125,509,4677.71,509
2550000,13.7673,33.6788,4633.5,-2376.615234375,510,4682.77,510
2555000,26.3767,36.3226,3527.38,-4164.15673828125,511,1958.02,511
2560000,12.8302,33.3102,4679.79,-2232.189208984375,512,4741.96,512
2565000,14.1098,32.9055,4672.0,-2203.252685546875,513,4816.05,513
2570000,12.9271,33.0171,4706.82,-2490.789306640625,514,4787.31,514
2575000,13.2102,33.5453,4453.8,-2235.89794921875,515,4788.47,515
2580000,12.35,34.1921,4578.2,-2510.829833984375,516,4862.95,516
2585000,12.8123,33.3439,4777.66,-2432.365234375,517,4832.24,517
2590000,13.2235,32.6997,4624.01,-2148.8037109375,518,4837.55,518
2595000,12.8484,32.657,4799.93,-2110.08984375,519,4823.38,519
2600000,13.1548,34.4131,4710.09,-2249.69384765625,520,4709.01,520
2605000,13.1961,34.2831,4523.56,-2280.87939453125,521,4763.14,521
2610000,13.3474,34.9987,4554.36,-2253.408935546875,522,4747.34,522
2615000,13.3335,33.2608,4779.89,-2230.7529296875,523,4774.84,523
2620000,12.5854,33.8675,4806.77,-2074.25634765625,524,5029.75,524
2625000,12.9766,32.5876,4814.29,-2112.9794921875,525,4961.68,525
2630000,12.9835,33.5961,4782.65,-2146.92919921875,526,4830.0,526
2635000,12.7835,34.0019,4505.68,-2222.287109375,527,4963.97,527
2640000,13.2426,33.9939,4754.76,-2255.219970703125,528,4709.6,528
2645000,12.3074,32.9971,4581.37,-2176.031005859375,529,4862.79,529
2650000,12.6303,34.6041,4652.22,-2250.950927734375,530,4885.4,530
2655000,12.9272,33.3902,4768.59,-2265.308349609375,531,4899.74,531
2660000,13.3986,33.9065,4805.94,-2209.642333984375,532,4943.41,532
2665000,12.5935,34.5929,4616.93,-2383.8564453125,533,4778.17,533
2670000,12.176,33.8097,4526.37,-2316.5419921875,534,4803.05,534
2675000,12.4574,33.5733,4787.88,-2210.867431640625,535,4862.78,535
2680000,12.991,34.166,4699.33,-2188.279541015625,536,4958.08,536
2685000,12.8718,34.4627,4801.31,-2195.43603515625,537,4943.49,537
2690000,12.2856,34.6199,4739.4,-2261.006103515625,538,4932.05,538
2695000,12.4132,36.062,4509.41,-3499.283447265625,539,4902.54,539
2700000,13.0066,32.4999,4743.81,-2233.53857421875,540,4851.53,540
2705000,12.5323,33.9346,4733.1,-2190.2392578125,541,4980.99,541
2710000,13.2652,34.1716,4662.47,-2311.232666015625,542,4901.47,542
2715000,12.4873,34.3064,4651.87,-2686.450927734375,543,4902.98,543
2720000,13.7611,34.588,4722.79,-2300.2216796875,544,4841.43,544
2725000,13.5824,34.1676,4497.48,-2314.2177734375,545,4845.39,545
2730000,13.3276,33.5709,4749.99,-2199.6923828125,546,4922.44,546
2735000,12.9074,34.8516,4764.93,-2637.69873046875,547,5011.09,547
2740000,13.3161,33.5457,4605.84,-2237.5380859375,548,4861.78,548
2745000,13.6691,32.8193,4763.69,-2210.140380859375,549,4902.68,549
2750000,12.5862,33.2944,4481.1,-2342.29443359375,550,4880.85,550
2755000,13.6199,34.355,4747.75,-2351.591796875,551,4932.39,551
2760000,13.7906,33.5753,4715.52,-2342.48876953125,552,4928.32,552
2765000,15.1528,33.817,4751.49,-2264.548583984375,553,4918.94,553
2770000,13.0388,33.6852,4378.85,-2473.028564453125,554,4814.56,554
2775000,12.4521,36.0585,3364.91,-3249.005859375,555,4440.07,555
2780000,13.4043,33.5714,4727.49,-2262.585205078125,556,4914.89,556
2785000,12.6533,34.5159,4429.59,-2575.031494140625,557,4785.02,557
2790000,12.6432,34.4615,4246.65,-2606.352783203125,558,4836.9,558
2795000,13.677,34.0562,4440.54,-2359.71142578125,559,4847.14,559
2800000,13.6305,34.0292,4762.61,-2334.41064453125,560,4859.15,560
2805000,13.6451,33.6115,4785.15,-2233.0986328125,561,4880.66,561
2810000,13.3639,33.4675,4769.61,-2291.515380859375,562,4796.76,562
2815000,13.8215,34.1603,4763.68,-2365.31787109375,563,4746.5,563
2820000,23.3947,39.8468,1391.74,-5548.88720703125,564,271.16,564
2825000,29.5694,54.0145,-15.53,-5959.32958984375,565,-15.43,565
2830000,12.9661,34.6241,4451.66,-2443.87646484375,566,4993.29,566
2835000,16.7067,34.525,4759.09,-2729.453857421875,567,4884.63,567
2840000,13.8673,34.2304,4748.84,-2555.334228515625,568,4812.68,568
2845000,21.9381,37.3667,2205.38,-5271.11962890625,569,563.34,569
2850000,14.256,33.8266,4473.82,-2976.89794921875,570,4801.7,570
2855000,13.4276,32.8355,4739.99,-2290.62255859375,571,4919.53,571
2860000,12.9977,32.986,4681.46,-2460.18798828125,572,4893.0,572
2865000,14.012,32.9282,4475.99,-2401.689208984375,573,4919.52,573
2870000,13.4612,33.8008,4449.31,-2864.959716796875,574,4831.13,574
2875000,12.4053,32.7706,4475.96,-2780.7333984375,575,4284.87,575
2880000,13.4809,34.2368,4146.67,-2666.981201171875,576,2929.86,576
2885000,12.9651,35.1504,3572.42,-4077.41650390625,577,3008.92,577
2890000,13.1011,34.4483,4361.78,-2893.03076171875,578,4780.08,578
2895000,13.0986,35.4764,3501.28,-3678.6875,579,1900.67,579
2900000,13.5484,33.8145,4639.17,-2526.394287109375,580,4793.51,580
2905000,12.8189,34.4361,3709.1,-3405.755859375,581,3727.84,581
2910000,13.0974,33.6111,4535.85,-2974.00439453125,582,4742.52,582
2915000,12.9316,33.7946,3849.28,-3021.44140625,583,4896.51,583
2920000,12.6129,34.264,4026.3,-2946.033447265625,584,1550.96,584
2925000,12.9343,33.8785,4343.96,-2631.898681640625,585,4309.46,585
2930000,13.0241,33.9554,3759.8,-3519.5439453125,586,4223.3,586
2935000,12.4299,33.9921,4561.85,-3105.351806640625,587,4774.6,587
2940000,12.9636,32.4327,4178.79,-2544.333251953125,588,4511.52,588
2945000,12.3839,33.1907,4494.4,-2751.02099609375,589,4736.29,589
2950000,13.738,33.7397,4663.05,-2561.905517578125,590,4836.28,590
2955000,13.2723,35.4136,3655.49,-4609.24853515625,591,3471.61,591
2960000,12.7709,34.7851,3439.58,-3821.1181640625,592,3175.17,592
2965000,12.2293,34.2097,4009.34,-2693.00830078125,593,4832.85,593
2970000,13.2404,34.3257,3838.22,-3010.10595703125,594,4224.46,594
2975000,12.5848,34.4539,4246.34,-3109.0908203125,595,4829.9,595
2980000,12.6217,33.9907,4263.5,-2853.32177734375,596,4927.22,596
2985000,12.1379,34.2162,3711.51,-3113.8544921875,597,4882.47,597
2990000,13.0662,34.0908,4444.58,-2875.788818359375,598,4887.33,598
2995000,13.199,34.2105,4271.16,-2719.712646484375,599,4927.91,599
3000000,12.1337,35.3724,3898.75,-3878.544921875,600,4802.84,600
3005000,16.4471,40.5819,3874.23,-3843.0947265625,601,4028.31,601
3010000,19.2998,40.7366,3535.67,-4198.3310546875,602,3398.21,602
3015000,13.7703,35.419,3319.57,-4171.70068359375,603,3211.5,603
3020000,14.6058,36.8879,2564.55,-5133.94580078125,604,2328.13,604
3025000,15.1513,34.2956,4547.77,-2752.799072265625,605,4425.57,605
3030000,14.8948,34.7248,4552.58,-2912.385986328125,606,4350.16,606
3035000,12.984,33.4561,3922.44,-3057.49169921875,607,4772.33,607
3040000,13.3649,33.9283,4504.53,-3691.65966796875,608,4705.34,608
3045000,14.2865,33.6376,4533.77,-2957.01953125,609,4735.27,609
3050000,14.3262,33.1336,4688.69,-2435.418701171875,610,4757.3,610
3055000,13.3713,33.3323,4699.36,-2556.343505859375,611,4762.9,611
3060000,13.369,33.6626,4508.93,-3148.8095703125,612,4823.4,612
3065000,13.0186,32.3185,4681.81,-2568.629150390625,613,4827.48,613
3070000,14.4026,33.333,4767.52,-2339.86279296875,614,4828.27,614
3075000,13.2196,32.2674,4482.73,-2396.713623046875,615,4916.52,615
3080000,13.0529,32.482,4741.08,-2725.81982421875,616,4908.67,616
3085000,14.0589,33.7451,4816.37,-2887.15673828125,617,4973.64,617
3090000,14.4605,32.8196,4828.95,-2398.507568359375,618,4918.35,618
3095000,13.8611,33.8197,4696.36,-2539.217529296875,619,4929.24,619
3100000,14.321,33.4105,4862.71,-2462.66943359375,620,4966.64,620
3105000,13.6784,32.9962,4892.01,-2446.45654296875,621,5041.05,621
3110000,41.2415,50.7925,529.78,-6753.22607421875,622,318.38,622
3115000,47.2208,48.7449,878.1,-7013.39111328125,623,760.73,623
3120000,39.8358,51.8617,272.67,-7002.07861328125,624,273.57,624
3125000,22.3944,34.0983,3535.28,-3569.673583984375,625,3786.44,625
3130000,15.923,33.3651,3549.49,-3779.7802734375,626,2709.47,626
3135000,17.8086,34.7334,4449.1,-4110.01025390625,627,4910.3,627
3140000,14.7255,33.9137,4388.5,-3039.76220703125,628,4357.2,628
3145000,12.7401,33.6705,4177.07,-3226.084228515625,629,4262.71,629
3150000,18.0574,34.1078,3976.98,-3675.748779296875,630,4307.65,630
3155000,13.2128,32.6326,4541.17,-2825.3984375,631,4557.03,631
3160000,15.8957,33.3368,4318.34,-3480.297119140625,632,4628.75,632
3165000,15.0801,33.7372,4609.06,-2975.9072265625,633,4700.73,633
3170000,13.9582,34.2527,4576.5,-3137.753662109375,634,4705.6,634
3175000,14.7639,34.0905,4391.97,-3236.181396484375,635,4759.01,635
3180000,14.5115,33.5354,4715.95,-2666.298095703125,636,4816.8,636
3185000,14.9481,33.0881,4722.83,-2875.188232421875,637,4826.76,637
3190000,14.0814,32.9509,4345.18,-2589.592529296875,638,4835.53,638
3195000,13.7065,31.9915,4760.1,-2441.845458984375,639,4842.14,639
3200000,14.2443,33.1619,4722.22,-3001.17822265625,640,4856.05,640
3205000,13.8798,33.3162,4624.81,-2699.447265625,641,4827.26,641
3210000,14.0797,32.8663,4368.24,-2879.808349609375,642,4851.6,642
3215000,13.5615,33.6849,4764.17,-2717.630615234375,643,4856.76,643
3220000,13.7013,32.6561,4783.05,-2607.0595703125,644,4959.94,644
3225000,14.0273,33.1952,4842.93,-2545.2109375,645,5003.82,645
3230000,22.3307,34.2977,4133.39,-3831.1640625,646,4869.01,646
3235000,14.6806,32.2836,4918.27,-2430.305908203125,647,5061.52,647
3240000,13.7696,34.1731,4798.8,-3069.28955078125,648,5018.18,648
3245000,13.7527,33.5212,4841.68,-3039.32666015625,649,4972.18,649
3250000,13.9618,33.4795,4013.85,-2878.21728515625,650,4954.81,650
3255000,13.9244,33.2817,4921.04,-2876.764404296875,651,5088.15,651
3260000,14.0632,34.3501,4527.62,-2851.537109375,652,5032.37,652
3265000,14.6173,34.2135,4895.48,-2519.53515625,653,5020.43,653
3270000,14.7019,33.7127,4760.51,-2935.661376953125,654,4988.65,654
3275000,14.0448,33.2722,4489.68,-2614.728271484375,655,4914.31,655
3280000,13.4826,32.7465,4730.66,-2572.56884765625,656,5084.08,656
3285000,13.3539,33.062,4625.03,-2566.730712890625,657,4996.66,657
3290000,14.6773,32.9956,4362.23,-3256.1416015625,658,4970.57,658
3295000,14.1751,33.2613,4609.31,-3026.006103515625,659,4919.1,659
3300000,13.3016,33.0612,4456.22,-2665.391357421875,660,4920.93,660
3305000,13.9113,33.6997,4617.96,-3500.1806640625,661,4946.18,661
3310000,13.9079,32.983,4844.83,-3060.827880859375,662,4883.69,662
3315000,13.0581,33.0674,4502.57,-2540.80859375,663,4693.21,663
3320000,13.6236,32.6388,4829.66,-2709.354248046875,664,4939.22,664
3325000,13.7477,32.8086,4933.75,-2885.223388671875,665,5015.09,665
3330000,13.3943,32.268,4864.31,-2577.188720703125,666,4884.31,666
3335000,13.7709,32.5994,4870.46,-2487.52880859375,667,4934.9,667
3340000,12.6429,32.6885,4665.56,-3038.35107421875,668,4916.53,668
3345000,12.21,33.3544,4590.47,-3167.8095703125,669,4855.74,669
3350000,13.0109,33.4433,4710.52,-2702.809814453125,670,4949.04,670
3355000,13.1829,32.4829,4917.59,-2418.33203125,671,5020.32,671
3360000,12.9614,32.6632,4319.03,-2987.485107421875,672,4955.35,672
3365000,13.3038,33.325,4861.26,-2603.822998046875,673,4914.42,673
3370000,13.1267,32.9254,4711.43,-2893.194580078125,674,4956.63,674
3375000,13.6281,33.2946,4871.12,-3331.40478515625,675,4969.17,675
3380000,13.4421,32.984,3726.94,-3040.08740234375,676,4954.23,676
3385000,13.5139,31.8244,4731.92,-2531.19482421875,677,5004.84,677
3390000,13.2286,32.4647,4511.03,-3021.3876953125,678,4963.03,678
3395000,13.9347,33.5873,4076.59,-4322.3544921875,679,4929.0,679
3400000,13.4179,34.0578,4308.67,-4613.90185546875,680,4721.77,680
3405000,13.4135,33.2774,4490.14,-2918.4638671875,681,4926.91,681
3410000,13.9868,32.9134,4384.33,-2877.07275390625,682,4961.66,682
3415000,12.9667,32.2127,2910.11,-2985.26806640625,683,4948.09,683
3420000,14.5724,33.3195,4704.39,-3432.498779296875,684,4364.87,684
3425000,13.3762,32.4834,4575.58,-2908.19384765625,685,5010.38,685
3430000,13.5997,32.0531,4947.18,-2427.382568359375,686,5018.35,686
3435000,14.0262,32.7815,4966.2,-2465.505126953125,687,4998.16,687
3440000,12.9692,32.6602,4253.6,-2654.901123046875,688,4986.51,688
3445000,13.1022,33.4867,4560.08,-3706.608154296875,689,5011.31,689
3450000,13.6915,32.6071,4764.68,-2480.08740234375,690,5033.62,690
3455000,13.4934,32.7834,4743.58,-2672.96875,691,4954.55,691
3460000,12.9375,32.2988,4990.9,-2707.22412109375,692,5078.25,692
3465000,13.1231,32.5201,4558.73,-2492.493408203125,693,5047.19,693
3470000,13.4371,32.606,4416.29,-2894.464111328125,694,4930.76,694
3475000,13.339,33.1429,4297.97,-3371.885009765625,695,5048.35,695
3480000,14.0227,33.9654,4588.31,-3673.676025390625,696,5021.71,696
3485000,14.3273,33.4299,3517.32,-3811.84326171875,697,4984.52,697
3490000,14.0107,33.4807,4195.52,-3386.81298828125,698,5064.72,698
3495000,36.7242,36.491,-16.05,-5615.17431640625,699,-13.58,699
3500000,69.7249,56.7952,-14.46,-7178.4326171875,700,-14.48,700
3505000,91.0018,56.9352,-13.21,-7206.72998046875,701,-13.3,701
3510000,41.6878,55.4186,-23.71,-7455.01416015625,702,-23.07,702
3515000,17.4095,33.6172,3909.58,-3737.7470703125,703,4879.54,703
3520000,20.2696,33.944,4432.79,-4489.23828125,704,4134.68,704
3525000,14.6502,32.9012,3448.62,-3297.994873046875,705,4288.19,705
3530000,18.2814,33.7258,3269.25,-4613.5615234375,706,4733.05,706
3535000,18.5064,33.1187,4642.88,-4245.18798828125,707,4768.7,707
3540000,16.5012,32.2993,3920.77,-3635.50927734375,708,4761.09,708
3545000,16.6357,33.0603,4561.91,-4061.875244140625,709,4931.73,709
3550000,14.2832,32.5367,4349.97,-3248.183349609375,710,4965.59,710
3555000,14.5596,32.2049,4669.49,-3153.851318359375,711,4958.68,711
3560000,13.9879,32.1065,4443.24,-2789.558837890625,712,4994.65,712
3565000,14.1969,32.6034,4791.25,-2813.420654296875,713,4967.08,713
3570000,15.4763,32.4638,3703.21,-3730.153076171875,714,4895.72,714
3575000,13.1687,31.5396,4640.38,-2597.34765625,715,4917.7,715
3580000,17.2439,32.8595,4227.71,-3575.780517578125,716,4313.95,716
3585000,14.0339,32.4809,4622.46,-2668.35009765625,717,4947.93,717
3590000,16.0681,32.2107,3879.33,-3820.4267578125,718,4929.83,718
3595000,13.7017,32.4598,4365.79,-2513.58544921875,719,5000.56,719
3600000,30.8113,36.5198,1686.74,-6299.96337890625,720,4716.3,720
3605000,17.1214,32.0892,3857.58,-3183.356689453125,721,4899.19,721
3610000,21.045,33.0804,4092.4,-3678.7900390625,722,4885.89,722
3615000,15.8491,32.1143,4658.21,-2968.16796875,723,4946.15,723
3620000,74.6892,53.7595,0.02,-6567.9638671875,724,228.98,724
3625000,49.3446,34.7247,3653.7,-5281.01611328125,725,978.49,725
3630000,17.0386,31.6672,4901.15,-3342.86572265625,726,4930.53,726
3635000,13.8312,32.1619,4846.86,-2564.41064453125,727,4834.11,727
3640000,13.7613,32.2903,4472.63,-2597.078857421875,728,4886.55,728
3645000,14.3578,32.0826,4525.46,-2592.2236328125,729,4885.77,729
3650000,14.5015,32.082,4595.6,-3170.21337890625,730,4931.43,730
3655000,14.2242,32.8174,4233.4,-3911.4638671875,731,4968.0,731
3660000,13.4827,31.5644,3744.17,-2527.718505859375,732,2250.86,732
3665000,14.2857,32.2626,4094.09,-2952.409912109375,733,4793.42,733
3670000,14.4,31.9426,4721.54,-2623.0888671875,734,4960.07,734
3675000,14.3812,32.125,4935.53,-2629.078369140625,735,4934.56,735
3680000,13.8663,32.5016,4676.17,-3221.21728515625,736,4848.53,736
3685000,14.2089,32.3626,4912.96,-2604.52783203125,737,4947.57,737
3690000,13.8596,32.2584,3943.6,-3177.515625,738,4962.89,738
3695000,14.6554,31.8939,4894.14,-2556.503662109375,739,4934.7,739
3700000,13.2746,31.5404,4468.89,-2631.65283203125,740,4929.7,740
3705000,13.6556,31.8319,4040.35,-3207.657470703125,741,4954.23,741
3710000,13.9582,32.9499,4936.27,-2475.048583984375,742,5037.91,742
3715000,14.2022,32.9823,4733.55,-2746.589111328125,743,5019.3,743
3720000,14.4094,33.192,4915.86,-2752.714111328125,744,4986.72,744
3725000,13.7355,32.206,4947.57,-2629.4140625,745,4964.52,745
3730000,13.802,32.3877,4892.29,-2630.51708984375,746,5010.83,746
3735000,14.2267,31.7498,4929.55,-2686.50146484375,747,4934.67,747
3740000,14.0198,32.3655,4954.19,-2764.43603515625,748,5001.21,748
3745000,14.3717,31.6059,4944.52,-2578.45458984375,749,4977.85,749
3750000,14.2941,31.4632,4774.17,-2618.462158203125,750,5013.11,750
3755000,13.2852,31.6004,4887.48,-2748.42138671875,751,4931.06,751
3760000,16.1323,33.2392,4832.7,-3866.625,752,4928.35,752
3765000,14.3797,31.31,4920.71,-2775.87548828125,753,5018.79,753
3770000,14.9178,31.978,4901.75,-2630.6533203125,754,5014.39,754
3775000,14.0562,30.8819,4881.55,-2698.612060546875,755,4899.67,755
3780000,15.1842,31.3191,4924.51,-3028.049560546875,756,4964.66,756
3785000,13.5741,31.4742,4414.0,-2662.79541015625,757,4986.89,757
3790000,14.5234,32.1306,4836.98,-2606.640380859375,758,4984.85,758
3795000,14.2686,32.253,4637.34,-2831.96044921875,759,5013.07,759
3800000,14.4954,32.0824,4920.34,-2696.730712890625,760,4975.74,760
3805000,14.491,32.5096,4912.05,-2628.9560546875,761,5037.83,761
3810000,13.6535,32.2633,4700.61,-2974.272216796875,762,5125.69,762
3815000,13.3627,30.7968,4941.15,-2587.895751953125,763,5013.63,763
3820000,14.2823,31.2017,4904.58,-2475.111572265625,764,5017.46,764
3825000,14.4971,31.4976,4938.56,-2636.385986328125,765,4960.22,765
3830000,13.8665,31.6814,4836.22,-2713.787109375,766,4764.1,766
3835000,14.4388,31.6867,4855.76,-2591.84375,767,4948.95,767
3840000,14.6273,32.0168,4658.1,-3224.44140625,768,4935.36,768
3845000,13.2521,30.4454,4688.45,-2570.02490234375,769,4978.81,769
3850000,14.0897,31.2052,4839.48,-3259.15869140625,770,4912.93,770
3855000,14.4916,31.6127,4870.36,-2790.275390625,771,4929.21,771
3860000,13.4044,31.6365,4887.92,-2912.745849609375,772,4959.59,772
3865000,13.9192,32.2871,4838.76,-3206.296875,773,4989.29,773
3870000,14.0666,30.9255,4626.25,-2877.21435546875,774,4940.96,774
3875000,14.1873,31.5525,4867.43,-3180.31298828125,775,4694.83,775
3880000,13.4018,31.363,4417.56,-2870.77490234375,776,4941.47,776
3885000,14.1541,31.0197,3825.83,-3634.601806640625,777,5039.16,777
3890000,14.7494,31.8338,4260.23,-2773.334716796875,778,5085.22,778
3895000,13.5046,30.3925,4721.47,-2818.928955078125,779,5022.83,779
3900000,14.8323,30.1189,3802.33,-3143.8857421875,780,4803.5,780
3905000,17.4522,31.1377,3258.53,-3807.994384765625,781,4197.31,781
3910000,17.6887,30.4382,4734.85,-3291.8564453125,782,4951.13,782
3915000,14.0113,30.8817,4890.51,-2593.675048828125,783,4965.12,783
3920000,18.665,31.692,4911.41,-3356.223388671875,784,4973.4,784
3925000,16.0226,30.8114,4095.93,-3122.585693359375,785,5100.84,785
3930000,14.5356,31.205,4516.66,-2622.522705078125,786,5039.93,786
3935000,14.792,30.7354,4956.62,-2650.852783203125,787,5027.39,787
3940000,14.5325,31.556,4932.43,-2810.595703125,788,4386.84,788
3945000,18.581,32.1642,4489.11,-3426.497802734375,789,4980.38,789
3950000,13.4156,30.8157,4267.47,-2887.44384765625,790,5028.54,790
3955000,15.493,31.2034,4524.35,-3198.078369140625,791,4975.12,791
3960000,15.2558,32.2719,4744.08,-2697.002685546875,792,5084.46,792
3965000,13.9816,30.4467,4940.42,-2774.650634765625,793,5040.42,793
3970000,16.4597,31.7117,4721.65,-3370.828369140625,794,4915.16,794
3975000,15.8799,32.0562,4455.89,-3313.3818359375,795,5012.32,795
3980000,14.6836,32.6633,4521.93,-2958.31103515625,796,5015.19,796
3985000,16.801,32.1098,4913.38,-3660.81201171875,797,4937.4,797
3990000,19.8442,32.2958,4364.57,-4238.78173828125,798,5069.61,798
3995000,15.8826,32.5332,4678.53,-3676.670166015625,799,5039.24,799
4000000,15.6554,32.7992,4012.71,-3076.19482421875,800,4886.05,800
4005000,15.9556,32.3928,4020.61,-3845.056396484375,801,5004.87,801
4010000,19.7125,32.4168,4116.99,-4214.41943359375,802,5057.93,802
4015000,17.0749,31.6127,4971.28,-3237.283447265625,803,5016.53,803
4020000,16.2511,32.4143,4641.94,-3456.29541015625,804,4899.95,804
4025000,103.7395,55.0946,0.94,-5992.529296875,805,0.59,805
4030000,48.7203,51.3286,302.54,-8052.63134765625,806,299.43,806
4035000,39.3066,48.125,1255.65,-7880.29443359375,807,1551.48,807
4040000,25.6091,44.8098,3190.67,-6560.0322265625,808,3212.45,808
4045000,18.1255,41.3432,3592.32,-5314.8994140625,809,3575.94,809
4050000,17.7006,35.8325,2601.37,-5669.43896484375,810,2077.92,810
4055000,14.1855,32.2586,4280.2,-3876.14208984375,811,4194.84,811
4060000,15.8241,34.0541,4611.65,-3850.851806640625,812,4696.13,812
4065000,31.8256,38.2426,2110.21,-7839.69140625,813,409.31,813
4070000,17.5903,31.2612,3063.02,-4473.9287109375,814,1120.15,814
4075000,16.4022,32.0506,4613.98,-4309.17138671875,815,4716.02,815
4080000,17.7892,31.84,3802.61,-4128.39794921875,816,4367.34,816
4085000,14.5475,31.766,4777.82,-3395.643310546875,817,4713.5,817
4090000,14.9309,31.5715,4901.81,-3016.70751953125,818,4751.96,818
4095000,15.3544,31.4382,4792.02,-3122.976806640625,819,4892.97,819
4100000,16.2026,33.4992,4492.2,-4034.71240234375,820,4456.93,820
4105000,16.4505,36.1157,4197.9,-4747.82666015625,821,4298.06,821
4110000,13.6482,31.3618,4669.57,-3096.249267578125,822,4596.92,822
4115000,19.5908,34.2839,4209.64,-5144.1953125,823,4516.93,823
4120000,20.6862,32.8293,3406.53,-4949.046875,824,4382.55,824
4125000,23.2441,33.4538,2941.72,-5635.91015625,825,4500.16,825
4130000,14.1535,31.3709,4340.37,-3203.390380859375,826,3763.79,826
4135000,15.5814,32.2254,3828.16,-4072.107421875,827,4251.87,827
4140000,16.4394,33.0591,4890.11,-3757.47998046875,828,5037.79,828
4145000,14.6904,32.0434,4541.99,-3185.012939453125,829,4925.47,829
4150000,14.6209,31.7661,4900.08,-3045.79150390625,830,5006.72,830
4155000,18.0719,31.6753,4723.67,-3620.588134765625,831,5008.0,831
4160000,14.7607,31.6677,4909.68,-3150.91064453125,832,4957.28,832
4165000,14.8461,32.9306,4831.37,-3546.535888671875,833,4932.91,833
4170000,14.4133,31.7729,4905.1,-3230.696044921875,834,4895.58,834
4175000,15.1269,32.2547,4956.7,-3201.599853515625,835,5046.09,835
4180000,14.4511,33.0092,4659.84,-3631.70947265625,836,4623.34,836
4185000,13.9816,32.7602,4768.68,-3721.5126953125,837,4439.64,837
4190000,13.1558,32.4004,4818.43,-3526.704833984375,838,4772.15,838
4195000,14.9263,32.4761,4795.61,-3607.14501953125,839,4946.54,839
4200000,17.1494,32.1871,4626.35,-3924.60546875,840,4882.23,840
4205000,14.3041,32.3062,4807.2,-3198.553466796875,841,4968.45,841
4210000,14.7195,32.0872,4902.69,-3138.048095703125,842,5005.08,842
4215000,14.4511,31.7787,4932.96,-3132.154541015625,843,4974.75,843
4220000,16.8821,34.0204,4571.0,-4599.029296875,844,4923.84,844
4225000,38.5629,41.2414,604.99,-9408.6220703125,845,147.76,845
4230000,16.9269,35.0019,2657.05,-6557.8759765625,846,4576.6,846
4235000,14.211,33.6114,4883.75,-3954.5087890625,847,4995.83,847
4240000,14.6911,33.0014,4812.56,-3511.31396484375,848,4918.76,848
4245000,14.66,33.0758,4619.47,-3440.340576171875,849,4965.19,849
4250000,15.3885,33.0911,4888.22,-4094.11865234375,850,4931.37,850
4255000,15.8055,33.5486,4872.68,-3471.296875,851,4881.76,851
4260000,17.6694,34.2567,3756.75,-5332.65185546875,852,4752.83,852
4265000,14.1276,32.5581,4855.04,-3281.31494140625,853,5053.82,853
4270000,16.9605,33.0214,4321.67,-4500.39453125,854,5044.96,854
4275000,14.6735,33.0722,4898.27,-3473.364013671875,855,5020.31,855
4280000,13.9767,32.3056,4889.77,-3180.3408203125,856,4988.76,856
4285000,16.5317,34.1054,4313.24,-6010.02685546875,857,4419.57,857
4290000,14.7688,33.3147,4533.48,-4230.82568359375,858,4878.98,858
4295000,14.6985,32.7151,4901.27,-3193.33447265625,859,5117.33,859
4300000,14.0451,32.0942,4957.87,-3318.31201171875,860,5047.72,860
4305000,15.8431,32.2996,4170.59,-3940.426513671875,861,3760.76,861
4310000,21.2739,32.5584,4023.66,-4846.84130859375,862,5130.56,862
4315000,15.202,32.8212,4982.97,-3195.10595703125,863,5088.22,863
4320000,18.6428,33.3433,3407.25,-4724.671875,864,1829.57,864
4325000,14.8221,33.2092,4557.97,-4053.87744140625,865,5046.98,865
4330000,18.0102,33.5868,5003.24,-3963.94482421875,866,5051.15,866
4335000,15.504,32.151,5002.42,-3166.61962890625,867,5061.23,867
4340000,14.5238,32.5138,4995.74,-3300.9462890625,868,5058.17,868
4345000,15.0029,32.5719,4799.26,-3184.793701171875,869,5051.78,869
4350000,15.0416,32.4728,3861.45,-3514.029052734375,870,4698.09,870
4355000,16.5636,33.0314,4954.27,-3871.9111328125,871,4996.48,871
4360000,21.6229,33.8051,4522.44,-4675.06201171875,872,5033.42,872
4365000,35.0324,51.0488,643.25,-10301.0009765625,873,133.51,873
4370000,44.0787,51.8705,154.14,-10454.1279296875,874,122.07,874
4375000,17.1698,33.3853,4818.24,-3878.870361328125,875,5121.74,875
4380000,16.1207,33.0964,4083.89,-4655.42138671875,876,3890.56,876
4385000,15.8011,33.4777,4947.2,-3332.907958984375,877,5077.55,877
4390000,15.4971,33.3557,4966.41,-3565.917236328125,878,5078.65,878
4395000,16.1932,33.3889,4532.62,-3512.016845703125,879,5128.25,879
4400000,14.2846,32.5478,4943.4,-3709.00439453125,880,5038.51,880
4405000,16.4912,32.5091,4991.23,-3379.73681640625,881,5064.58,881
4410000,15.0226,31.767,4888.13,-3468.428466796875,882,5105.03,882
4415000,15.8234,32.6012,4902.13,-3485.14892578125,883,5111.35,883
4420000,15.9768,32.7422,4799.26,-3416.35400390625,884,5082.43,884
4425000,15.1502,32.0988,4282.9,-3446.1953125,885,5175.07,885
4430000,15.4274,31.9751,4699.13,-3397.60400390625,886,5084.07,886
4435000,15.8862,32.2111,4923.71,-3625.361083984375,887,4989.13,887
4440000,14.5101,32.2244,5041.21,-3233.5498046875,888,5127.4,888
4445000,14.4684,32.2214,4968.24,-3695.4677734375,889,5148.93,889
4450000,15.2315,31.7777,4995.64,-3389.50634765625,890,5039.85,890
4455000,15.2248,32.1153,4198.76,-3450.614013671875,891,5119.48,891
4460000,15.406,32.3648,4364.66,-3524.966064453125,892,5130.64,892
4465000,15.1724,33.1501,2794.78,-5387.27685546875,893,3045.75,893
4470000,20.4579,33.1026,4430.44,-5701.13818359375,894,4862.93,894
4475000,14.5592,33.0619,4548.35,-4330.9072265625,895,5023.88,895
4480000,14.0526,32.7909,3964.7,-4978.626953125,896,4670.86,896
4485000,14.7769,33.1108,3641.69,-4444.07470703125,897,4606.0,897
4490000,14.0617,33.4255,3307.65,-6247.259765625,898,4903.13,898
4495000,13.9555,32.443,4786.76,-3628.617431640625,899,5031.3,899
4500000,14.3902,33.1536,3954.84,-4517.9140625,900,4421.71,900
4505000,14.3422,31.6823,4989.29,-3523.521728515625,901,5064.37,901
4510000,14.6074,32.4351,4943.46,-4230.48681640625,902,5042.16,902
4515000,15.3441,32.3305,4848.77,-3448.572509765625,903,5177.35,903
4520000,13.8274,31.0251,4843.47,-3307.15966796875,904,5120.84,904
4525000,14.6002,32.1293,4893.95,-3467.191162109375,905,4541.48,905
4530000,14.4403,31.2302,5074.05,-3270.219482421875,906,5156.13,906
4535000,14.624,32.2186,4874.0,-3452.1240234375,907,5246.9,907
4540000,13.9527,32.0863,4685.74,-3425.76318359375,908,5235.62,908
4545000,14.2462,32.3255,4830.56,-4155.7607421875,909,5129.82,909
4550000,14.252,32.1867,4956.2,-3488.5341796875,910,5095.97,910
4555000,15.109,31.454,5066.0,-3518.250244140625,911,5133.12,911
4560000,14.4826,32.2001,4758.75,-4087.678955078125,912,5110.88,912
4565000,14.8533,32.1063,4695.65,-3581.039306640625,913,5163.73,913
4570000,14.1959,32.2577,4860.73,-3644.4345703125,914,5167.86,914
4575000,14.9685,32.5269,4803.57,-3673.346923828125,915,5126.94,915
4580000,13.3625,31.6807,4571.28,-4301.66455078125,916,5009.29,916
4585000,14.2086,31.9276,4972.29,-4372.61767578125,917,5049.21,917
4590000,14.1937,32.3737,4964.79,-4872.41259765625,918,4823.7,918
4595000,14.5412,32.1005,4816.94,-3601.183837890625,919,5090.88,919
4600000,13.1377,31.4599,3813.74,-4930.19677734375,920,3672.37,920
4605000,13.6138,32.4682,4650.06,-5186.923828125,921,4921.4,921
4610000,14.0399,32.9721,4102.68,-6487.60009765625,922,4490.14,922
4615000,14.4828,32.2559,3957.08,-4553.25390625,923,5006.31,923
4620000,14.4667,31.9223,4528.46,-3784.686279296875,924,5066.95,924
4625000,15.4636,32.4895,4409.65,-5191.01171875,925,5038.72,925
4630000,13.9888,32.7233,4391.9,-4374.61962890625,926,5133.25,926
4635000,14.3163,31.9368,5046.58,-4158.26708984375,927,5113.23,927
4640000,12.7049,31.4518,4002.35,-4189.35400390625,928,5182.0,928
4645000,14.3718,32.0484,4863.87,-3621.57958984375,929,4941.4,929
4650000,14.8019,32.2511,4379.09,-4249.18359375,930,2585.35,930
4655000,13.3268,31.3777,4650.74,-3597.523193359375,931,5077.99,931
4660000,14.281,31.3959,5035.76,-3456.209716796875,932,5098.95,932
4665000,14.5569,31.3951,5076.14,-3432.2734375,933,5151.92,933
4670000,14.5415,32.047,5029.28,-3746.12939453125,934,5131.76,934
4675000,13.7822,31.8495,4467.92,-3663.102783203125,935,4944.51,935
4680000,14.0302,31.8656,5045.47,-3592.019287109375,936,5183.51,936
4685000,13.8455,32.0268,5198.29,-3851.267578125,937,5078.27,937
4690000,12.2369,34.6333,2361.36,-7609.20458984375,938,3596.85,938
4695000,14.9073,32.1106,4747.57,-4137.6025390625,939,4763.22,939
4700000,14.3067,32.7156,4624.36,-4429.91455078125,940,4912.26,940
4705000,13.5501,32.1484,4877.09,-4452.14453125,941,4867.14,941
4710000,13.5183,32.1473,2984.01,-4015.3017578125,942,3290.39,942
4715000,12.8061,33.0758,4358.2,-5216.34521484375,943,5075.21,943
4720000,13.7258,32.7384,4988.15,-5610.84130859375,944,5032.15,944
4725000,13.0985,33.509,4858.7,-6680.408203125,945,4393.03,945
4730000,13.6158,31.4017,5178.36,-3493.451171875,946,4722.61,946
4735000,13.3887,31.37,5073.14,-3539.492431640625,947,5204.2,947
4740000,13.8262,31.4009,5086.03,-3601.5771484375,948,5237.59,948
4745000,14.9944,32.2582,4711.71,-3911.08447265625,949,5156.86,949
4750000,12.6464,33.8539,3328.04,-7084.7763671875,950,3903.89,950
4755000,13.5044,32.325,4658.47,-5431.2138671875,951,4706.83,951
4760000,13.5575,33.0709,2200.8,-6403.3681640625,952,2435.19,952
4765000,14.1273,31.9712,4610.54,-4065.7353515625,953,4983.38,953
4770000,14.8338,31.9693,4923.44,-4168.20166015625,954,5058.51,954
4775000,13.4301,30.8412,4692.98,-4541.63330078125,955,4991.85,955
4780000,13.8551,31.2645,4941.14,-3778.090576171875,956,5102.98,956
4785000,14.0147,30.9671,4775.85,-3735.95751953125,957,5058.61,957
4790000,15.1145,34.2021,4309.59,-7737.5888671875,958,4100.11,958
4795000,14.5312,31.6376,4904.96,-3991.594970703125,959,4959.69,959
4800000,13.8123,31.2504,4995.6,-4570.12158203125,960,5057.25,960
4805000,15.1793,31.7777,4894.19,-4043.88134765625,961,4937.61,961
4810000,14.2675,32.0304,4876.58,-4243.7685546875,962,4943.85,962
4815000,14.5677,31.913,4942.02,-4172.8486328125,963,4990.71,963
4820000,14.6792,31.8744,4924.74,-4327.70166015625,964,4959.47,964
4825000,13.4205,34.5136,4282.86,-7402.16015625,965,5056.59,965
4830000,13.4631,32.6494,4312.3,-4866.35595703125,966,5105.53,966
4835000,13.8183,32.8028,4487.84,-5351.66943359375,967,5007.94,967
4840000,13.3317,33.3267,4190.42,-6065.5361328125,968,4572.07,968
4845000,13.3779,33.5064,4720.06,-5949.7001953125,969,5085.3,969
4850000,13.5802,31.2786,4707.1,-4099.4111328125,970,5034.59,970
4855000,14.7501,31.8751,4948.25,-3963.71533203125,971,5050.33,971
4860000,13.6697,31.9775,4342.83,-5347.869140625,972,5178.22,972
4865000,13.8784,31.4868,4893.39,-4148.72314453125,973,5056.94,973
4870000,15.5159,32.3115,4785.82,-4667.82275390625,974,5066.58,974
4875000,13.5913,32.695,4871.79,-5271.8291015625,975,4983.4,975
4880000,15.6251,31.8146,4917.5,-3980.953857421875,976,4938.02,976
4885000,14.4959,31.2357,4928.48,-3970.421875,977,5052.3,977
4890000,15.1885,32.9363,4918.43,-4404.28662109375,978,4971.35,978
4895000,14.8485,32.3077,4293.72,-4076.990966796875,979,4959.4,979
4900000,14.6084,32.6985,4560.22,-5490.80859375,980,4998.21,980
4905000,13.5884,33.5135,3141.33,-6253.3466796875,981,3041.81,981
4910000,13.8946,32.5774,4252.37,-5634.6015625,982,4990.24,982
4915000,14.1752,32.5796,3145.67,-6309.1357421875,983,4976.82,983
4920000,14.4082,33.8228,3603.35,-7346.248046875,984,4922.89,984
4925000,17.728,37.1003,1106.64,-10523.353515625,985,396.73,985
4930000,18.8036,36.9677,886.69,-10723.7470703125,986,397.23,986
4935000,17.588,37.6511,627.67,-11507.4375,987,402.22,987
4940000,14.9357,33.6871,1806.85,-7935.212890625,988,1319.49,988
4945000,15.1361,32.3603,4852.66,-4484.81689453125,989,4872.54,989
4950000,15.233,31.5387,4467.15,-4022.291748046875,990,4852.99,990
4955000,14.9975,32.2166,4883.9,-4360.6806640625,991,4935.09,991
4960000,13.6988,32.6658,4878.79,-5069.26953125,992,4909.95,992
4965000,14.9876,31.4326,4876.36,-4076.98828125,993,4988.24,993
4970000,15.2659,32.4691,4888.46,-4522.68701171875,994,4906.62,994
4975000,15.1044,32.5582,4723.3,-4278.6416015625,995,4966.65,995
4980000,16.3163,32.7631,4759.1,-6495.26904296875,996,4618.45,996
4985000,14.3658,32.6839,3963.34,-6077.18310546875,997,4892.11,997
4990000,15.3459,31.8875,4780.34,-5670.87451171875,998,4994.84,998
4995000,14.9248,31.5567,4878.14,-4550.0,999,4846.01,999
5000000,15.3283,32.646,4469.38,-5911.13525390625,1000,4877.93,1000
5005000,14.7197,31.5716,4877.18,-5282.7177734375,1001,4913.28,1001
5010000,15.3714,32.9022,4654.38,-4698.96630859375,1002,4820.87,1002
5015000,15.6602,32.1406,4760.36,-4259.6357421875,1003,4955.3,1003
5020000,14.7228,32.8116,4256.68,-4615.7138671875,1004,4902.96,1004
5025000,14.9096,32.4178,4913.24,-4994.38134765625,1005,4932.24,1005
5030000,15.1115,32.1967,4980.83,-4237.82421875,1006,5032.81,1006
5035000,13.2409,32.7519,507.29,-7215.54248046875,1007,3.97,1007
5040000,30.1228,33.9662,2623.4,-6796.40283203125,1008,3831.02,1008
5045000,15.007,32.9546,4310.98,-4365.93505859375,1009,5029.59,1009
5050000,15.4305,32.9204,4796.58,-4705.22216796875,1010,4953.07,1010
5055000,14.8666,33.3232,4718.28,-5271.634765625,1011,4906.8,1011
5060000,14.8759,32.9489,4443.66,-4476.080078125,1012,4939.49,1012
5065000,14.7469,31.9487,4711.8,-4441.58740234375,1013,4920.31,1013
5070000,15.0805,32.0385,4919.71,-4328.95751953125,1014,4944.41,1014
5075000,15.3824,32.4685,4898.12,-4594.4853515625,1015,4897.21,1015
5080000,15.6801,32.069,4659.42,-4615.82177734375,1016,4893.3,1016
5085000,15.6366,32.2884,4796.31,-4844.50439453125,1017,4861.7,1017
5090000,13.9415,32.9608,4549.78,-5055.56591796875,1018,4959.16,1018
5095000,14.0308,32.4969,4585.54,-4856.978515625,1019,4977.18,1019
5100000,14.1347,31.0889,4970.15,-4374.3173828125,1020,4963.14,1020
5105000,14.3047,31.9861,4908.44,-4401.42431640625,1021,4909.58,1021
5110000,14.9262,31.9732,5007.43,-4424.6875,1022,5008.05,1022
5115000,15.2451,32.9713,4691.12,-4515.64404296875,1023,4933.67,1023
5120000,15.4569,32.2338,4970.74,-4460.7802734375,1024,4957.82,1024
5125000,14.6577,31.9099,4185.99,-4339.25341796875,1025,5014.04,1025
5130000,13.2681,32.7541,4974.9,-5657.6708984375,1026,5027.18,1026
5135000,13.9873,32.0596,4399.87,-4875.93310546875,1027,5016.64,1027
5140000,22.8059,52.1429,143.08,-10772.3408203125,1028,6.88,1028
5145000,21.0174,36.3637,1960.44,-7603.86767578125,1029,1593.82,1029
5150000,15.3272,32.131,4940.4,-4411.95947265625,1030,4908.23,1030
5155000,20.0154,32.644,4719.05,-5568.33447265625,1031,4994.63,1031
5160000,14.4038,32.3606,4825.19,-4425.60009765625,1032,4948.7,1032
5165000,13.9524,32.2687,4910.73,-4626.56884765625,1033,4930.23,1033
5170000,14.7876,31.8112,5002.99,-4246.3330078125,1034,4989.54,1034
5175000,14.7468,32.207,4911.86,-4472.48193359375,1035,4930.2,1035
5180000,14.4371,31.6645,4940.11,-4566.076171875,1036,4949.17,1036
5185000,14.276,31.5952,4862.51,-4715.63330078125,1037,4876.9,1037
5190000,14.3146,31.0483,4923.77,-4359.76318359375,1038,4917.16,1038
5195000,14.3341,32.2238,4762.37,-4575.6455078125,1039,4996.77,1039
5200000,14.0068,31.6545,4879.84,-4548.8642578125,1040,4910.54,1040
5205000,13.6383,31.597,4794.07,-4315.2763671875,1041,5015.02,1041
5210000,14.5057,32.3223,3958.77,-5687.400390625,1042,4997.59,1042
5215000,29.8581,33.7933,4230.51,-6497.3291015625,1043,3255.38,1043
5220000,22.6477,34.2015,1687.51,-6946.2822265625,1044,2661.59,1044
5225000,14.3289,31.7178,4904.06,-4518.20751953125,1045,4925.92,1045
5230000,14.7395,31.6173,4997.04,-4412.34326171875,1046,5004.46,1046
5235000,18.0054,32.3659,4398.57,-5068.74755859375,1047,4991.45,1047
5240000,13.9577,31.5461,4974.95,-4521.73388671875,1048,4944.86,1048
5245000,15.2645,32.6559,4993.35,-5075.45654296875,1049,5000.41,1049
5250000,13.2352,32.3584,5020.39,-4668.1376953125,1050,5006.39,1050
5255000,14.2259,32.6699,4981.27,-4843.294921875,1051,5021.52,1051
5260000,13.8834,31.7987,4989.27,-4426.94677734375,1052,4981.51,1052
5265000,14.0693,32.4584,5030.34,-4699.47216796875,1053,5064.3,1053
5270000,14.1634,31.6878,5031.75,-4483.2685546875,1054,5086.84,1054
5275000,17.8298,33.0942,4364.12,-5880.4423828125,1055,5043.12,1055
5280000,18.161,34.5848,3412.96,-6902.5166015625,1056,3878.9,1056
5285000,13.6073,32.2611,4292.6,-4534.7978515625,1057,5107.74,1057
5290000,14.5633,32.2651,5003.65,-4616.49658203125,1058,5089.33,1058
5295000,18.1742,32.6933,4482.1,-5097.98974609375,1059,4776.46,1059
5300000,16.9354,33.205,4587.89,-5785.62109375,1060,4809.92,1060
5305000,14.4764,33.1996,4343.31,-5009.91162109375,1061,5115.11,1061
5310000,17.2032,32.6737,4077.8,-6027.61474609375,1062,5003.26,1062
5315000,20.5487,32.5134,3256.03,-6219.63232421875,1063,4108.9,1063
5320000,15.4818,33.1229,4315.09,-5513.0732421875,1064,4604.26,1064
5325000,22.8642,34.2811,3071.95,-7070.52001953125,1065,4826.93,1065
5330000,14.7888,32.833,4716.79,-5018.220703125,1066,5052.91,1066
5335000,16.385,33.2599,4559.41,-5472.8974609375,1067,5024.27,1067
5340000,16.3295,33.6978,4885.64,-6204.59521484375,1068,5034.3,1068
5345000,16.0545,33.7082,4458.07,-5598.9873046875,1069,5062.04,1069
5350000,18.5386,33.8202,4930.59,-5987.9052734375,1070,5001.14,1070
5355000,18.7728,34.0208,3762.1,-6268.5126953125,1071,4891.59,1071
5360000,14.0426,33.3783,4752.73,-5232.53076171875,1072,4883.81,1072
5365000,22.9895,33.2426,3974.33,-6141.19384765625,1073,2110.91,1073
5370000,17.8959,32.7713,4698.73,-5561.865234375,1074,5065.05,1074
5375000,14.7392,32.5973,4974.58,-4967.22021484375,1075,5065.81,1075
5380000,14.874,32.2455,4648.54,-5094.904296875,1076,5045.38,1076
5385000,27.6839,36.6382,754.45,-8912.861328125,1077,743.59,1077
5390000,33.775,40.6316,825.63,-9757.59765625,1078,611.56,1078
5395000,23.1187,33.9484,1215.47,-7391.74951171875,1079,2103.87,1079
5400000,18.0991,32.7067,3200.59,-5679.57568359375,1080,4518.77,1080
5405000,19.436,32.2288,3546.75,-6273.2314453125,1081,4032.79,1081
5410000,42.9133,44.1986,962.55,-10340.271484375,1082,598.81,1082
5415000,22.3129,33.7354,4434.42,-6679.248046875,1083,4898.33,1083
5420000,14.5287,31.6126,4778.06,-4640.2099609375,1084,4634.14,1084
5425000,23.349,33.5858,3336.07,-6918.244140625,1085,3109.43,1085
5430000,19.8333,32.6488,4921.06,-5797.49462890625,1086,4924.44,1086
5435000,15.0493,31.2881,4989.93,-4949.55517578125,1087,5010.52,1087
5440000,14.4118,30.956,4882.44,-4817.93798828125,1088,4856.62,1088
5445000,22.8647,32.8829,3882.04,-6676.19775390625,1089,4795.85,1089
5450000,20.2758,32.381,4062.62,-6639.3671875,1090,4535.47,1090
5455000,14.3337,30.1649,4867.99,-4596.240234375,1091,4913.04,1091
5460000,14.7977,31.1016,4869.65,-4897.779296875,1092,4922.54,1092
5465000,13.8,30.4179,4784.17,-4613.748046875,1093,4979.02,1093
5470000,15.33,30.5156,4902.6,-4905.255859375,1094,4964.78,1094
5475000,14.1636,30.2312,4744.28,-4311.8701171875,1095,5010.81,1095
5480000,13.4201,30.3872,5003.53,-4519.6865234375,1096,5059.5,1096
5485000,13.5281,30.7045,4988.53,-4657.04345703125,1097,5077.73,1097
5490000,15.2886,31.2907,5023.94,-5096.6298828125,1098,5128.53,1098
5495000,14.4221,32.0011,4468.02,-5404.38916015625,1099,4960.36,1099
5500000,14.8748,31.6766,4937.42,-4770.11181640625,1100,4960.09,1100
5505000,14.9072,30.8562,4989.0,-4659.67822265625,1101,4997.76,1101
5510000,14.5239,31.5541,4810.27,-5228.0390625,1102,5060.48,1102
5515000,14.1359,30.4996,4906.27,-5128.52099609375,1103,5030.6,1103
5520000,14.8874,31.6433,5017.54,-4843.0751953125,1104,4971.13,1104
5525000,14.8576,31.1949,4925.28,-4781.92236328125,1105,4958.86,1105
5530000,14.6543,31.5205,4819.57,-4761.076171875,1106,4965.55,1106
5535000,14.2093,32.3524,5077.73,-6882.6884765625,1107,5148.46,1107
5540000,14.0367,30.944,4997.1,-4618.92236328125,1108,5090.58,1108
5545000,15.0234,32.2594,4999.79,-4848.89599609375,1109,5130.25,1109
5550000,13.4296,32.0073,4774.11,-5762.2529296875,1110,5131.06,1110
5555000,13.8171,31.513,4470.66,-5051.87744140625,1111,4643.62,1111
5560000,14.7647,31.3002,4999.72,-4616.52490234375,1112,5120.45,1112
5565000,15.7682,31.5846,4659.9,-4523.423828125,1113,5123.38,1113
5570000,14.1535,31.1081,4750.64,-4592.34326171875,1114,3988.18,1114
5575000,14.4346,31.3959,4155.12,-4636.353515625,1115,4326.05,1115
5580000,15.4094,30.6869,5007.66,-4386.5546875,1116,4817.35,1116
5585000,14.2463,31.8502,4326.77,-5604.01318359375,1117,5042.19,1117
5590000,14.4907,30.7655,4893.9,-4921.44189453125,1118,2999.08,1118
5595000,13.395,32.0721,3893.05,-7262.32861328125,1119,4743.43,1119
5600000,14.5511,30.9688,5012.31,-4605.1171875,1120,5037.94,1120
5605000,15.2017,31.3795,4599.53,-4840.8330078125,1121,5128.62,1121
5610000,15.4874,31.3378,4976.5,-4834.81689453125,1122,5072.29,1122
5615000,17.0605,32.8163,3297.68,-6558.5126953125,1123,5073.18,1123
5620000,16.6607,31.9638,4930.54,-5445.52880859375,1124,5042.55,1124
5625000,16.04,32.4345,2791.43,-6881.921875,1125,4782.65,1125
5630000,16.9776,31.7967,4654.61,-5314.861328125,1126,5037.94,1126
5635000,15.1104,31.414,4007.52,-4978.8740234375,1127,5041.75,1127
5640000,14.4811,31.8581,4711.15,-5971.57861328125,1128,4993.69,1128
5645000,20.7651,33.2979,3334.69,-6917.3076171875,1129,4149.09,1129
5650000,15.7329,31.0041,4749.98,-5151.73583984375,1130,5062.58,1130
5655000,14.1282,30.4463,4970.8,-4588.71826171875,1131,5059.83,1131
5660000,15.1027,30.146,4954.34,-4694.6318359375,1132,5083.92,1132
5665000,14.739,31.1525,4984.87,-5019.71728515625,1133,5161.26,1133
5670000,14.3982,31.6321,4686.41,-5397.49072265625,1134,4956.13,1134
5675000,15.3924,32.0657,4968.72,-5472.92333984375,1135,5029.48,1135
5680000,16.6204,31.8016,4979.84,-5682.24755859375,1136,5066.73,1136
5685000,14.0467,31.7993,4776.71,-5374.36572265625,1137,5069.07,1137
5690000,14.7512,31.7937,4980.02,-5490.03857421875,1138,5065.29,1138
5695000,14.7178,31.1328,4970.62,-5195.70654296875,1139,5075.55,1139
5700000,14.5908,31.9429,4926.94,-5592.1953125,1140,5009.53,1140
5705000,15.7345,32.5967,4388.83,-6095.130859375,1141,4955.01,1141
5710000,13.8424,31.1102,4796.38,-5358.02978515625,1142,5052.1,1142
5715000,19.6726,32.2511,4804.18,-6765.98095703125,1143,5135.78,1143
5720000,14.8757,30.9069,4815.6,-4791.6923828125,1144,4665.72,1144
5725000,16.4238,32.8671,3414.73,-6740.3857421875,1145,3789.11,1145
5730000,33.863,39.3013,988.36,-9841.5966796875,1146,1296.52,1146
5735000,29.3618,34.8018,4147.04,-8610.8466796875,1147,5062.15,1147
5740000,19.199,31.4239,4200.07,-6251.97021484375,1148,4964.7,1148
5745000,14.0242,30.2211,5117.95,-4722.2900390625,1149,5205.88,1149
5750000,15.2349,31.4146,4995.95,-5347.73779296875,1150,5000.52,1150
5755000,14.7774,30.858,4919.23,-5360.97021484375,1151,4867.99,1151
5760000,14.8708,31.8122,4964.71,-5016.3173828125,1152,5133.73,1152
5765000,13.1134,29.8878,5039.87,-4855.75390625,1153,5061.64,1153
5770000,15.6669,30.709,4591.29,-5673.09326171875,1154,5040.66,1154
5775000,14.6812,31.1642,4612.19,-5001.3935546875,1155,5027.83,1155
5780000,14.6086,31.2979,4885.61,-5503.451171875,1156,4941.57,1156
5785000,14.7045,30.3159,4283.4,-4852.96533203125,1157,5030.44,1157
5790000,17.1055,31.7394,4341.21,-6274.68359375,1158,4793.13,1158
5795000,17.0898,30.8744,4400.57,-6275.541015625,1159,4978.52,1159
5800000,14.4963,30.4692,4927.1,-5333.52783203125,1160,4902.71,1160
5805000,14.4996,30.2632,4486.48,-5179.81298828125,1161,4848.21,1161
5810000,20.1448,31.2917,4519.27,-6744.3203125,1162,4886.82,1162
5815000,27.2811,34.2394,3689.45,-8902.359375,1163,4258.45,1163
5820000,18.3797,32.0604,4090.72,-6717.89306640625,1164,4139.9,1164
5825000,18.0999,32.437,4839.86,-6740.47119140625,1165,4929.14,1165
5830000,14.6941,31.095,4271.46,-5562.9443359375,1166,4836.48,1166
5835000,15.1592,31.6755,4291.21,-6116.51513671875,1167,4813.6,1167
5840000,19.9719,31.8055,4504.2,-6998.69580078125,1168,4906.69,1168
5845000,29.9265,34.0953,3299.9,-8958.7587890625,1169,1271.65,1169
5850000,14.5492,31.2209,4550.95,-5250.8447265625,1170,4528.76,1170
5855000,32.7623,35.3508,2895.21,-9555.904296875,1171,2746.58,1171
5860000,18.0245,31.89,4352.66,-6243.9453125,1172,4826.68,1172
5865000,21.4456,32.0166,4122.58,-7121.12353515625,1173,4871.32,1173
5870000,18.7815,31.8051,4367.71,-6614.59912109375,1174,4976.84,1174
5875000,18.8821,32.1802,4958.87,-6573.8203125,1175,4882.06,1175
5880000,14.2691,31.3089,4960.59,-5100.55078125,1176,4882.42,1176
5885000,15.8999,31.3545,4856.9,-5995.3701171875,1177,4858.67,1177
5890000,17.1284,32.4345,4961.31,-6684.07177734375,1178,4823.63,1178
5895000,16.0288,31.438,4944.62,-6189.1650390625,1179,4992.44,1179
5900000,14.1433,30.6448,4952.17,-5489.16064453125,1180,4998.01,1180
5905000,13.4753,31.5096,4652.87,-5836.30078125,1181,4699.5,1181
5910000,13.9119,30.689,4804.75,-5143.10009765625,1182,5074.34,1182
5915000,13.9406,31.2363,4724.2,-5072.3330078125,1183,5030.65,1183
5920000,14.5225,31.185,5019.6,-5369.3017578125,1184,5025.33,1184
5925000,14.5968,31.5163,5041.72,-5221.30029296875,1185,5023.87,1185
5930000,15.0531,31.3727,4471.01,-5521.087890625,1186,4953.42,1186
5935000,15.805,31.0247,4601.16,-5947.0966796875,1187,5019.0,1187
5940000,13.2372,30.756,5019.82,-5474.2255859375,1188,5007.0,1188
5945000,14.4338,31.0195,4984.55,-5547.18359375,1189,4779.37,1189
5950000,20.3864,31.3079,4844.67,-7098.9638671875,1190,5029.27,1190
5955000,13.6987,30.8269,4847.11,-5282.283203125,1191,5045.3,1191
5960000,14.9317,30.5788,5058.12,-5173.97412109375,1192,5012.78,1192
5965000,15.7653,31.7833,4821.28,-5944.1533203125,1193,3153.13,1193
5970000,14.8438,30.5045,4672.67,-4929.38427734375,1194,5120.84,1194
5975000,16.0805,31.2162,4832.89,-5683.43115234375,1195,5057.67,1195
5980000,21.5809,32.459,4099.97,-7524.40673828125,1196,3502.21,1196
5985000,17.3222,32.4786,4765.92,-6844.7119140625,1197,4840.59,1197
5990000,16.091,31.8248,4638.53,-5833.423828125,1198,5134.7,1198
5995000,18.3035,32.2397,5046.12,-6325.5009765625,1199,5055.04,1199
6000000,15.5789,30.9991,5040.51,-5298.2431640625,1200,5093.24,1200
6005000,18.2617,32.3246,4587.02,-6541.798828125,1201,4267.28,1201
6010000,16.3375,32.7544,5038.25,-5569.0224609375,1202,5101.08,1202
6015000,15.5558,31.6814,4625.68,-5391.5703125,1203,5055.7,1203
6020000,16.3895,31.5929,4328.09,-6282.5615234375,1204,4977.01,1204
6025000,15.8865,31.4691,4814.65,-6337.2099609375,1205,3539.42,1205
6030000,15.7628,31.8359,5049.47,-5431.96484375,1206,5062.55,1206
6035000,15.7191,31.3634,5039.65,-5307.8720703125,1207,5070.17,1207
6040000,18.8193,32.2937,4672.72,-6486.66064453125,1208,5117.51,1208
6045000,15.5531,31.5582,5056.86,-5271.66455078125,1209,5034.66,1209
6050000,15.1287,31.5903,5078.2,-5396.291015625,1210,5096.2,1210
6055000,19.9918,31.4727,3532.34,-7383.33056640625,1211,2955.78,1211
6060000,27.7798,34.3063,3454.2,-9583.4599609375,1212,578.68,1212
6065000,16.2013,32.1349,5022.91,-5718.08837890625,1213,5001.72,1213
6070000,15.514,31.7092,4440.83,-6436.619140625,1214,4961.91,1214
6075000,17.7377,31.6867,3186.71,-6990.9365234375,1215,3437.29,1215
6080000,41.5097,40.7092,398.11,-11026.939453125,1216,479.5,1216
6085000,34.0791,36.7123,1540.99,-10930.599609375,1217,631.78,1217
6090000,34.3227,34.6907,1125.37,-10085.9345703125,1218,688.92,1218
6095000,33.487,34.6331,3303.11,-9614.4306640625,1219,4352.53,1219
6100000,15.3848,32.0542,4193.54,-6821.25927734375,1220,3585.88,1220
6105000,17.1379,33.1443,4339.84,-7909.43701171875,1221,4684.76,1221
6110000,19.5523,32.9538,4122.56,-7748.17724609375,1222,4881.25,1222
6115000,15.0756,32.4983,3476.07,-6700.54150390625,1223,4736.98,1223
6120000,16.8528,32.3306,4271.51,-6409.82568359375,1224,4850.4,1224
6125000,16.9738,31.6922,4948.08,-5842.513671875,1225,4962.61,1225
6130000,15.8129,33.4193,4291.04,-6952.27978515625,1226,5040.73,1226
6135000,13.1963,32.1515,4290.54,-7091.82666015625,1227,5009.09,1227
6140000,14.3713,33.8535,4223.59,-8537.1201171875,1228,3350.47,1228
6145000,13.9188,32.7757,4846.85,-6515.19189453125,1229,5100.07,1229
6150000,18.9267,32.9602,3935.7,-8215.4150390625,1230,4590.14,1230
6155000,14.6286,31.069,4827.55,-5849.21240234375,1231,5072.07,1231
6160000,14.5474,31.2671,4628.89,-6459.552734375,1232,4683.25,1232
6165000,15.9611,31.6452,4889.15,-6265.52197265625,1233,4876.69,1233
6170000,19.212,33.5679,2576.1,-10196.47265625,1234,957.12,1234
6175000,15.5803,31.4148,4043.59,-5709.22265625,1235,3853.71,1235
6180000,15.4333,31.0725,4797.82,-5876.73876953125,1236,4923.89,1236
6185000,15.4144,31.0168,4861.31,-6369.72509765625,1237,4893.68,1237
6190000,16.0416,31.1209,4852.57,-6028.68310546875,1238,4772.32,1238
6195000,17.0214,30.9455,4860.8,-5768.08984375,1239,4811.79,1239
6200000,16.2228,31.5064,4835.98,-6076.02099609375,1240,4479.97,1240
6205000,16.0146,32.1492,4825.26,-6371.9423828125,1241,4533.74,1241
6210000,15.999,30.1831,4968.55,-5562.65478515625,1242,4911.49,1242
6215000,17.7884,31.1274,4785.41,-6436.00146484375,1243,4701.72,1243
6220000,15.6842,31.2752,4807.91,-5901.724609375,1244,5015.06,1244
6225000,16.5218,31.0759,4895.32,-6148.1376953125,1245,4746.18,1245
6230000,16.3055,31.4208,5042.28,-5975.595703125,1246,5080.19,1246
6235000,18.421,31.5626,4716.94,-6840.22265625,1247,4799.89,1247
6240000,16.7019,31.9956,4929.81,-6242.69189453125,1248,4920.01,1248
6245000,18.8749,32.9064,4952.04,-7112.9541015625,1249,4923.41,1249
6250000,17.8089,32.3463,4958.36,-6632.9814453125,1250,5009.5,1250
6255000,22.6336,33.1103,3906.34,-7903.9462890625,1251,4351.19,1251
6260000,22.8046,31.8813,4498.95,-7879.40087890625,1252,4824.54,1252
6265000,15.6304,30.9506,4998.05,-5936.86083984375,1253,4996.32,1253
6270000,15.4378,31.5045,4954.17,-6110.14111328125,1254,4886.84,1254
6275000,14.844,31.3478,4846.66,-6130.3564453125,1255,4827.3,1255
6280000,15.4918,31.3282,4666.45,-6299.5322265625,1256,4764.68,1256
6285000,14.6173,31.3316,4738.88,-6363.3251953125,1257,4980.85,1257
6290000,16.389,31.3321,4547.1,-6648.47705078125,1258,4711.45,1258
6295000,15.9545,31.5902,4642.05,-6499.58935546875,1259,3802.89,1259
6300000,15.7065,31.2205,4913.24,-5813.51123046875,1260,4831.59,1260
6305000,20.8242,31.4949,4231.09,-7188.31689453125,1261,2768.21,1261
6310000,18.0027,31.9002,3558.84,-7177.01611328125,1262,3669.35,1262
6315000,16.0827,31.0321,4951.66,-5780.75048828125,1263,4989.0,1263
6320000,19.7652,33.3133,2396.78,-8436.6728515625,1264,3132.12,1264
6325000,20.8024,33.2992,3563.24,-9111.65234375,1265,4102.72,1265
6330000,18.9322,31.8161,3760.95,-7703.5146484375,1266,3578.1,1266
6335000,16.0143,32.112,4721.03,-6572.08251953125,1267,4543.76,1267
6340000,15.7713,30.9352,4516.02,-6120.5791015625,1268,4842.94,1268
6345000,18.6499,31.989,4682.7,-7410.93994140625,1269,3230.48,1269
6350000,15.6173,30.5147,4887.24,-6494.25244140625,1270,4865.79,1270
6355000,15.9152,31.0252,4953.77,-6324.75634765625,1271,4927.62,1271
6360000,16.0862,30.8993,4932.68,-6575.88232421875,1272,4843.44,1272
6365000,16.3763,32.6528,4967.35,-6246.3544921875,1273,5036.58,1273
6370000,15.9789,30.8853,4999.16,-5853.99560546875,1274,4947.62,1274
6375000,15.3778,30.8036,4968.91,-5717.4775390625,1275,4945.39,1275
6380000,17.8293,31.0947,3906.08,-7017.306640625,1276,3929.05,1276
6385000,15.5303,30.8613,4983.34,-6003.75048828125,1277,4920.99,1277
6390000,17.2249,32.0788,4341.88,-7068.06982421875,1278,4183.61,1278
6395000,20.1129,33.4699,4201.87,-7819.32568359375,1279,5000.42,1279
6400000,15.6395,32.3192,4965.71,-6396.0712890625,1280,4973.18,1280
6405000,15.7518,31.5998,4935.05,-6690.48876953125,1281,4858.71,1281
6410000,15.5188,31.62,4965.23,-6539.7646484375,1282,4954.47,1282
6415000,15.6425,31.2987,4967.73,-6243.35986328125,1283,4916.19,1283
6420000,16.003,31.8344,4834.71,-6809.54833984375,1284,4836.56,1284
6425000,14.9175,31.3938,4959.36,-6414.28076171875,1285,5000.28,1285
6430000,14.52,32.114,4977.49,-6778.984375,1286,5044.9,1286
6435000,14.9054,31.5047,4892.71,-6564.09375,1287,4081.25,1287
6440000,17.2525,31.8632,4921.99,-7046.55712890625,1288,4752.24,1288
6445000,14.6728,32.6222,4908.65,-7271.95751953125,1289,4918.43,1289
6450000,15.1467,32.0066,4816.66,-6922.62451171875,1290,4744.25,1290
6455000,21.1652,32.8515,3313.72,-8324.5634765625,1291,3198.71,1291
6460000,15.9681,33.3317,3246.22,-8128.669921875,1292,2117.27,1292
6465000,28.6704,34.6368,2406.35,-8897.90234375,1293,2010.74,1293
6470000,18.5936,32.718,4261.85,-7730.36376953125,1294,3849.14,1294
6475000,17.6752,32.3652,4567.05,-7684.61865234375,1295,4591.25,1295
6480000,15.8815,32.4159,4589.57,-7582.029296875,1296,4337.37,1296
6485000,15.2307,31.6058,4883.75,-6595.59912109375,1297,4881.36,1297
6490000,15.6569,31.7483,4675.49,-6730.6015625,1298,4939.83,1298
6495000,14.918,31.8952,4932.38,-6993.0703125,1299,4929.85,1299
6500000,15.3699,31.417,5032.31,-6225.5439453125,1300,5081.73,1300
6505000,15.8943,32.1078,4853.4,-6568.037109375,1301,4967.25,1301
6510000,15.1383,32.5291,4494.23,-6599.421875,1302,4918.6,1302
6515000,19.2921,32.9391,2477.03,-7958.083984375,1303,2481.31,1303
6520000,19.3611,33.3147,2993.05,-9943.6318359375,1304,1708.34,1304
6525000,20.3724,33.5773,2763.27,-10095.607421875,1305,4337.81,1305
6530000,15.4282,31.1446,5024.37,-6080.3720703125,1306,5046.95,1306
6535000,15.6295,32.0672,4996.46,-6689.71875,1307,5058.41,1307
6540000,15.8867,31.4624,5002.38,-6528.02001953125,1308,5074.46,1308
6545000,16.1749,32.1352,4564.04,-6948.2900390625,1309,5045.31,1309
6550000,37.6123,42.2529,1330.16,-12309.3486328125,1310,1796.72,1310
6555000,45.061,45.0578,810.89,-13360.9462890625,1311,1345.77,1311
6560000,37.2341,38.683,1329.63,-12000.1171875,1312,1588.46,1312
6565000,21.6235,41.8882,3686.7,-11039.326171875,1313,4039.04,1313
6570000,28.5075,34.4729,2043.18,-10539.04296875,1314,1554.4,1314
6575000,15.331,33.2142,4341.97,-8686.751953125,1315,3973.48,1315
6580000,17.9257,31.7592,4186.99,-8571.18359375,1316,4800.45,1316
6585000,22.3373,32.7421,4001.18,-9319.236328125,1317,4845.11,1317
6590000,18.8591,31.9196,3584.68,-7944.31396484375,1318,4897.85,1318
6595000,18.6334,31.2394,4945.16,-7165.0810546875,1319,4920.4,1319
6600000,16.8019,30.9494,5004.21,-6401.86181640625,1320,5021.68,1320
6605000,15.9869,30.995,4927.04,-6537.6201171875,1321,4920.17,1321
6610000,16.6395,31.3449,4987.82,-6437.5712890625,1322,5025.53,1322
6615000,16.9247,31.6979,5006.51,-6799.3095703125,1323,5004.89,1323
6620000,16.3023,30.9469,4997.92,-6519.07275390625,1324,4980.93,1324
6625000,18.2273,31.5675,4004.69,-7288.12548828125,1325,5001.05,1325
6630000,15.639,30.8739,5036.31,-6171.53466796875,1326,5039.41,1326
6635000,15.7978,30.6636,4980.51,-6358.80419921875,1327,4955.93,1327
6640000,17.6971,31.4064,5069.06,-6983.501953125,1328,5133.55,1328
6645000,15.7495,31.3429,5029.52,-6726.46533203125,1329,5086.99,1329
6650000,15.6655,30.499,4787.66,-6368.26025390625,1330,5017.78,1330
6655000,15.8164,30.2161,5028.13,-6234.744140625,1331,5052.66,1331
6660000,16.3043,32.3249,5025.72,-6605.87255859375,1332,5069.94,1332
6665000,15.874,31.4623,5035.44,-6805.53564453125,1333,5094.17,1333
6670000,17.8837,32.0886,4871.31,-7996.22900390625,1334,5108.1,1334
6675000,15.2738,31.4621,4977.44,-6678.751953125,1335,5045.32,1335
6680000,15.4022,31.25,5029.31,-6483.162109375,1336,5079.95,1336
6685000,15.0684,30.6261,5041.46,-6559.74169921875,1337,5086.21,1337
6690000,15.2096,31.0003,4802.61,-6471.75439453125,1338,5041.87,1338
6695000,15.5238,30.9909,4914.88,-6676.80322265625,1339,4887.31,1339
6700000,15.7042,31.2258,4930.42,-7002.34326171875,1340,4953.21,1340
6705000,15.8848,31.2342,4936.84,-6556.61181640625,1341,4964.12,1341
6710000,15.862,31.3037,4939.76,-6605.4453125,1342,4914.58,1342
6715000,15.6352,31.0436,4991.16,-6608.22021484375,1343,4981.45,1343
6720000,15.5002,31.5308,4919.88,-6877.10693359375,1344,4903.93,1344
6725000,16.2387,31.0555,4997.58,-6851.923828125,1345,5032.7,1345
6730000,15.2749,31.0883,4940.63,-6747.03955078125,1346,4745.37,1346
6735000,15.8135,31.7349,4987.71,-6989.486328125,1347,5027.93,1347
6740000,16.3598,31.6211,4932.86,-7221.24609375,1348,4994.61,1348
6745000,15.7884,32.1935,5030.49,-6627.56494140625,1349,5117.41,1349
6750000,16.2702,31.7128,4964.45,-6815.90087890625,1350,5011.94,1350
6755000,16.3846,32.4777,4927.92,-7277.44384765625,1351,5094.12,1351
6760000,16.2245,31.9232,5031.41,-6925.830078125,1352,5067.19,1352
6765000,15.64,32.4691,5018.06,-7199.0927734375,1353,5036.91,1353
6770000,15.42,31.1763,5020.19,-6582.47998046875,1354,5044.56,1354
6775000,16.1637,32.0809,4970.69,-7148.3564453125,1355,4981.3,1355
6780000,15.6889,31.4009,5013.19,-7028.5673828125,1356,5076.25,1356
6785000,15.3646,31.8788,4683.1,-7174.18603515625,1357,4746.14,1357
6790000,15.3821,31.6686,4937.78,-7203.5830078125,1358,4891.31,1358
6795000,20.7234,32.9323,4236.39,-7924.62255859375,1359,5052.93,1359
6800000,17.0093,31.8216,4881.81,-7705.529296875,1360,5146.92,1360
6805000,15.921,31.1777,4934.78,-7094.31787109375,1361,5038.13,1361
6810000,16.3668,31.9091,4957.18,-6979.494140625,1362,4991.32,1362
6815000,15.9838,31.1362,4958.61,-6906.80126953125,1363,4931.79,1363
6820000,18.0741,32.0119,5031.49,-7417.55810546875,1364,5092.38,1364
6825000,15.6813,31.0587,4756.23,-6692.40185546875,1365,5014.42,1365
6830000,15.6928,31.3142,5005.41,-6920.4931640625,1366,5084.27,1366
6835000,15.385,30.9399,4910.91,-6859.27001953125,1367,5087.89,1367
6840000,15.445,30.6944,5029.91,-6827.56201171875,1368,5057.44,1368
6845000,15.2409,30.4757,4999.67,-6514.02099609375,1369,5034.59,1369
6850000,14.7792,30.5245,5022.33,-6532.74951171875,1370,5114.14,1370
6855000,15.3391,30.6139,5022.14,-6493.21240234375,1371,5069.02,1371
6860000,14.9802,31.0077,4985.77,-6570.798828125,1372,5019.11,1372
6865000,15.5426,30.5171,5021.34,-6650.17626953125,1373,5119.27,1373
6870000,15.5553,31.3503,4946.65,-7199.80859375,1374,5008.21,1374
6875000,15.5723,31.0663,4824.65,-6828.23681640625,1375,5062.19,1375
6880000,15.4348,30.7842,4915.62,-6901.408203125,1376,5026.2,1376
6885000,15.5193,30.7247,4815.08,-6889.16748046875,1377,5103.49,1377
6890000,15.6485,31.8303,4847.61,-7116.4150390625,1378,5161.15,1378
6895000,16.1242,31.8926,5069.26,-7084.37890625,1379,5123.18,1379
6900000,14.7373,30.2712,5068.03,-6514.17041015625,1380,5134.98,1380
6905000,16.1668,31.6659,5067.96,-7317.64404296875,1381,5149.5,1381
6910000,18.04,31.056,4179.19,-8325.2099609375,1382,4928.77,1382
6915000,16.7858,31.2205,4819.37,-7499.1826171875,1383,3822.2,1383
6920000,21.0402,31.7449,3571.29,-8887.5556640625,1384,4079.43,1384
6925000,16.1547,31.414,4598.51,-7631.83251953125,1385,4717.22,1385
6930000,15.1643,31.2607,5047.04,-6987.51806640625,1386,5110.71,1386
6935000,18.6522,31.7333,4614.94,-8668.400390625,1387,4898.84,1387
6940000,18.8443,32.7352,2482.4,-8819.439453125,1388,1728.3,1388
6945000,19.5542,32.7904,4322.58,-9038.4384765625,1389,4246.3,1389
6950000,20.3105,32.8083,4196.39,-9354.26953125,1390,4147.09,1390
6955000,26.029,33.9266,3327.85,-11252.1875,1391,4511.47,1391
6960000,18.2501,32.6726,3955.08,-8987.1357421875,1392,5007.11,1392
6965000,25.2322,34.5933,2742.76,-10927.4296875,1393,1482.83,1393
6970000,22.8394,33.8211,2458.32,-10131.4765625,1394,2598.82,1394
6975000,20.7488,33.8478,3925.64,-9832.994140625,1395,4481.82,1395
6980000,16.5975,32.1152,4202.79,-8290.283203125,1396,4918.51,1396
6985000,19.1627,33.6557,3134.38,-8962.26171875,1397,3404.54,1397
6990000,43.3382,36.9327,899.37,-10324.794921875,1398,66.64,1398
6995000,14.7823,31.8017,4901.91,-7474.419921875,1399,4895.96,1399
7000000,16.6804,32.672,4585.74,-8110.603515625,1400,4926.62,1400
7005000,15.341,31.9348,4774.65,-7526.083984375,1401,5019.38,1401
7010000,23.434,32.7926,3591.61,-10351.6201171875,1402,3651.47,1402
7015000,15.9206,31.8046,4949.8,-7587.521484375,1403,4989.49,1403
7020000,17.2266,31.9831,4613.53,-8048.9111328125,1404,4903.5,1404
7025000,15.0542,30.9135,5038.68,-7258.04931640625,1405,5027.6,1405
7030000,20.8226,32.8472,4373.48,-9555.78515625,1406,5081.04,1406
7035000,16.1731,32.0884,4336.77,-8387.9306640625,1407,5024.13,1407
7040000,16.6827,30.9362,4607.88,-8104.03369140625,1408,5062.99,1408
7045000,16.445,31.7402,4137.45,-8325.2158203125,1409,5055.2,1409
7050000,17.5296,32.278,4602.12,-9001.4619140625,1410,4605.23,1410
7055000,18.6549,32.3453,4922.75,-9013.3330078125,1411,5027.54,1411
7060000,15.6701,31.9599,3587.39,-7844.71337890625,1412,5039.24,1412
7065000,16.0091,31.6531,4984.15,-7475.529296875,1413,5074.42,1413
7070000,15.2424,30.8571,4940.72,-7522.9892578125,1414,4981.4,1414
7075000,15.8076,31.863,4980.87,-7726.2109375,1415,5061.31,1415
7080000,16.2257,31.7281,4787.77,-7860.58984375,1416,5064.29,1416
7085000,18.22,32.6052,3694.79,-9698.072265625,1417,4921.27,1417
7090000,18.8931,31.4516,4333.16,-9127.3603515625,1418,4723.44,1418
7095000,23.6961,31.833,3583.9,-9212.7119140625,1419,5060.64,1419
7100000,118.2889,56.7006,-18.63,-10638.1201171875,1420,-15.86,1420
7105000,113.6927,57.0046,-13.9,-9816.2666015625,1421,-13.6,1421
7110000,34.2816,34.7053,2519.47,-10886.564453125,1422,1955.0,1422
7115000,31.6663,38.0913,93.73,-12367.1884765625,1423,93.48,1423
7120000,40.8587,56.0762,997.03,-16083.3056640625,1424,998.8,1424
7125000,36.0775,38.5101,142.0,-12862.0166015625,1425,335.51,1425
7130000,36.6651,55.6653,1010.29,-16183.25390625,1426,1005.43,1426
7135000,36.5894,55.2242,1210.91,-16152.8037109375,1427,1009.55,1427
7140000,20.6732,32.1505,3516.84,-8966.2744140625,1428,4900.3,1428
7145000,16.3286,31.1778,4884.24,-7663.55810546875,1429,4928.88,1429
7150000,15.6244,30.9144,4013.63,-8336.9111328125,1430,3696.58,1430
7155000,19.4414,32.4485,3510.06,-9579.1796875,1431,1822.3,1431
7160000,19.8803,31.8563,3818.68,-9886.474609375,1432,4638.84,1432
7165000,18.036,31.7803,3052.72,-9337.654296875,1433,4347.21,1433
7170000,23.5596,32.8378,2629.58,-10095.1962890625,1434,2246.15,1434
7175000,18.5678,32.4759,4003.84,-9126.7265625,1435,4673.8,1435
7180000,14.9796,31.4173,4955.77,-7579.52783203125,1436,5024.99,1436
7185000,18.3814,31.3751,4416.46,-8987.9482421875,1437,5068.39,1437
7190000,15.9577,31.5549,4717.73,-7978.8125,1438,5078.18,1438
7195000,15.1892,31.0769,4521.69,-7334.2919921875,1439,5002.37,1439
7200000,20.5902,33.586,3382.31,-10110.5712890625,1440,2969.78,1440
7205000,15.5422,32.4842,4951.62,-7828.0947265625,1441,4993.57,1441
7210000,16.6993,32.2118,3879.62,-8415.1591796875,1442,4528.2,1442
7215000,29.5519,36.1008,1668.77,-13072.1025390625,1443,2016.25,1443
7220000,17.8284,32.8326,3837.7,-8702.38671875,1444,5059.19,1444
7225000,20.5456,31.8655,3495.11,-9825.228515625,1445,3856.78,1445
7230000,14.6211,31.5652,4745.03,-7223.423828125,1446,4968.22,1446
7235000,19.5348,31.5771,3175.01,-8954.9736328125,1447,1746.64,1447
7240000,18.2346,31.2594,4676.28,-8399.412109375,1448,4709.7,1448
7245000,15.1025,30.8461,4529.34,-7064.0986328125,1449,4175.27,1449
7250000,17.146,31.4819,4989.83,-8313.361328125,1450,4669.89,1450
7255000,17.0699,31.3752,4968.91,-8181.3662109375,1451,4974.73,1451
7260000,15.1635,31.1741,4698.45,-7671.814453125,1452,5017.37,1452
7265000,14.9806,31.1153,4670.03,-7794.24755859375,1453,3098.2,1453
7270000,17.2376,30.9063,3513.64,-8485.087890625,1454,4984.32,1454
7275000,15.7029,30.9411,4382.48,-7663.677734375,1455,4832.34,1455
7280000,19.6778,31.8376,4742.77,-9235.3310546875,1456,4815.11,1456
7285000,25.0967,32.4721,3764.76,-10959.48046875,1457,1273.26,1457
7290000,14.9902,30.5944,4751.66,-7499.34033203125,1458,5029.09,1458
7295000,16.9498,31.2738,4552.29,-8532.7470703125,1459,3189.94,1459
7300000,20.212,31.5596,4715.55,-9324.41796875,1460,4907.3,1460
7305000,19.7074,31.6098,4039.41,-9158.78515625,1461,3478.07,1461
7310000,15.2088,30.5841,4814.86,-7497.82080078125,1462,4851.99,1462
7315000,15.0705,31.2888,4939.98,-7674.08642578125,1463,4933.42,1463
7320000,15.0687,30.6611,4722.25,-7758.29052734375,1464,4991.47,1464
7325000,16.8346,30.7163,4149.87,-8744.2666015625,1465,4945.33,1465
7330000,16.894,31.4231,4741.17,-8651.0400390625,1466,4959.86,1466
7335000,18.3835,31.8331,3900.64,-9353.5380859375,1467,4712.47,1467
7340000,15.7021,31.3194,3811.86,-8134.22021484375,1468,4505.47,1468
7345000,17.8615,31.1671,4546.21,-8453.0068359375,1469,5018.24,1469
7350000,20.7619,31.4307,4761.25,-9424.4638671875,1470,5057.48,1470
7355000,16.4588,30.4894,4022.43,-7949.2841796875,1471,5003.53,1471
7360000,16.4787,32.0322,4930.72,-8654.5751953125,1472,4954.85,1472
7365000,15.4562,30.9676,4704.54,-8148.69775390625,1473,4972.57,1473
7370000,16.418,32.0253,4463.1,-8989.337890625,1474,4986.59,1474
7375000,14.8403,30.9769,4731.73,-8188.24755859375,1475,4976.84,1475
7380000,16.8335,31.1802,4755.3,-8549.7490234375,1476,4977.73,1476
7385000,14.8506,30.4343,4293.99,-7791.138671875,1477,4997.72,1477
7390000,15.2321,30.6403,4893.25,-7808.24365234375,1478,4936.8,1478
7395000,17.1604,30.2674,4852.88,-8268.5146484375,1479,5071.4,1479
7400000,15.2235,29.9152,5009.01,-7313.46533203125,1480,5045.19,1480
7405000,17.3973,31.9552,4765.52,-9261.896484375,1481,5046.12,1481
7410000,15.7808,30.311,4782.67,-8161.208984375,1482,4977.48,1482
7415000,15.5323,31.1553,4605.6,-7860.72900390625,1483,5076.56,1483
7420000,15.062,31.3379,4836.66,-8014.15625,1484,5072.57,1484
7425000,15.0665,31.0935,4974.14,-7719.47216796875,1485,4997.37,1485
7430000,14.9201,31.0086,4997.18,-7735.1787109375,1486,4975.22,1486
7435000,14.7185,30.7187,4840.63,-7921.880859375,1487,5036.49,1487
7440000,19.5559,31.9582,3739.76,-9538.4677734375,1488,4017.83,1488
7445000,15.2203,31.164,4640.14,-8218.201171875,1489,5125.45,1489
7450000,15.7114,31.8992,5019.07,-8355.943359375,1490,5042.76,1490
7455000,14.6036,31.3644,4827.81,-7771.1416015625,1491,5026.93,1491
7460000,14.2291,30.3399,5003.04,-7683.15283203125,1492,5063.46,1492
7465000,14.1858,31.3364,5065.9,-7667.70458984375,1493,4958.34,1493
7470000,14.7518,31.4787,5021.65,-8183.025390625,1494,5080.05,1494
7475000,19.6897,31.5503,4909.28,-9067.6826171875,1495,5190.4,1495
7480000,14.7357,31.2891,4896.08,-7905.16162109375,1496,5111.58,1496
7485000,19.8372,32.303,4844.27,-9478.3251953125,1497,5111.12,1497
7490000,20.1127,33.1193,4488.19,-9380.7685546875,1498,5029.98,1498
7495000,16.9981,32.1082,4873.65,-8536.6318359375,1499,5131.85,1499
