Real Sto Return,Running Forward KL,Running Env Steps,Running Update Time,Itration,Reward Loss,Real Det Return,Running Reverse KL
356.14,427.0403,0,0,0,-487.5914001464844,357.53,285.2596
323.51,432.6171,5000,1,1,-792.7221069335938,316.93,301.6216
391.71,425.9005,10000,2,2,-1189.2950439453125,316.77,327.7474
455.57,415.268,15000,3,3,-1697.3428955078125,436.38,281.8223
480.19,403.2003,20000,4,4,-2122.232421875,508.72,266.3536
476.5,419.841,25000,5,5,-2478.97509765625,450.86,256.023
472.49,415.6101,30000,6,6,-2952.499755859375,433.14,262.9163
480.8,398.7401,35000,7,7,-3233.90185546875,453.36,247.1736
482.27,409.2818,40000,8,8,-3099.886474609375,436.06,263.4353
507.65,399.0672,45000,9,9,-3521.947265625,458.57,289.6339
519.02,395.4943,50000,10,10,-3430.0048828125,506.25,262.1358
480.15,392.8757,55000,11,11,-3545.504638671875,446.94,264.626
610.48,386.5402,60000,12,12,-3663.08642578125,562.73,267.3281
465.87,395.8511,65000,13,13,-3693.27880859375,519.09,272.8939
505.18,400.7348,70000,14,14,-3870.62060546875,506.35,255.2973
552.21,386.2045,75000,15,15,-4530.91259765625,551.28,251.2471
588.25,383.8086,80000,16,16,-5468.828125,594.27,246.685
672.69,385.7087,85000,17,17,-5906.08154296875,548.19,266.1554
658.64,370.1453,90000,18,18,-5045.5400390625,593.94,250.8093
584.32,372.9987,95000,19,19,-5844.732421875,635.55,268.0968
555.36,382.8352,100000,20,20,-5379.89599609375,496.79,242.0699
641.99,372.7365,105000,21,21,-5416.779296875,582.72,244.0008
626.5,376.6516,110000,22,22,-5907.81689453125,646.11,232.653
730.77,365.9647,115000,23,23,-6166.2734375,692.79,220.2026
742.72,371.2861,120000,24,24,-6640.5390625,645.52,244.1432
812.75,354.9992,125000,25,25,-6506.42431640625,677.56,218.1115
848.83,369.6362,130000,26,26,-6023.07861328125,737.86,223.8052
829.84,354.323,135000,27,27,-6218.0322265625,757.11,219.6141
954.25,356.0898,140000,28,28,-7063.4873046875,730.54,245.6563
717.66,350.9726,145000,29,29,-7439.96826171875,708.66,256.3451
734.95,366.1928,150000,30,30,-7891.1181640625,678.76,293.7523
1293.33,333.6968,155000,31,31,-6217.44189453125,664.23,213.71
1519.41,341.2059,160000,32,32,-7046.912109375,845.29,219.688
1389.03,323.3752,165000,33,33,-7446.10400390625,787.22,237.3224
1227.86,344.6529,170000,34,34,-8025.31640625,660.2,233.1585
1213.41,322.3042,175000,35,35,-7283.51123046875,1046.02,202.2938
1727.18,311.5003,180000,36,36,-7222.18603515625,1186.78,198.4152
1363.34,315.1331,185000,37,37,-8263.8125,1097.18,210.671
820.28,331.7842,190000,38,38,-8703.451171875,743.34,248.7561
1471.35,326.656,195000,39,39,-8287.693359375,1136.54,216.75
1316.06,332.0569,200000,40,40,-8992.46875,766.73,261.5032
2748.27,305.6119,205000,41,41,-6477.55322265625,1224.35,159.3127
2027.84,303.6942,210000,42,42,-7442.10498046875,1445.06,183.3105
3863.66,294.9384,215000,43,43,-3784.18603515625,1522.83,111.6933
2942.63,312.0528,220000,44,44,-8129.2783203125,1421.45,221.0066
3275.28,284.852,225000,45,45,-4831.669921875,2234.92,127.4274
3041.58,299.3369,230000,46,46,-6591.0771484375,2334.17,158.4441
3129.39,303.1538,235000,47,47,-7490.83203125,1943.21,179.2338
3355.68,284.3457,240000,48,48,-4551.24267578125,3906.81,122.0965
2389.48,320.8233,245000,49,49,-9354.2783203125,1752.18,219.8014
2419.53,303.2925,250000,50,50,-8322.6220703125,660.15,197.753
3059.59,310.3821,255000,51,51,-7415.78564453125,3297.61,193.5287
3881.41,288.198,260000,52,52,-4432.79541015625,2818.32,112.6028
4166.76,293.1157,265000,53,53,-5036.78515625,4711.04,124.3732
1659.14,345.063,270000,54,54,-11277.248046875,901.43,323.7916
2344.75,306.6247,275000,55,55,-8005.818359375,3507.45,188.3042
2595.36,292.3466,280000,56,56,-5534.8544921875,3709.48,153.0917
2505.58,315.2191,285000,57,57,-9015.4638671875,1731.18,229.237
4473.34,288.0339,290000,58,58,-5243.78564453125,4870.01,144.2842
4373.54,283.353,295000,59,59,-3261.583251953125,3804.71,96.8285
3371.01,297.4339,300000,60,60,-6822.06298828125,4667.26,166.591
3936.42,279.1051,305000,61,61,-3670.087890625,5123.28,98.341
4451.88,277.5757,310000,62,62,-3778.87451171875,4622.68,90.2088
3699.92,280.9566,315000,63,63,-5030.16943359375,4718.54,110.7033
3558.94,284.241,320000,64,64,-5132.8037109375,3257.88,104.5046
4443.36,276.1109,325000,65,65,-4132.63330078125,4524.44,91.4864
5037.06,278.6594,330000,66,66,-4570.73828125,4221.91,96.2508
4536.03,282.863,335000,67,67,-4657.4990234375,3983.3,88.6653
4408.99,279.4963,340000,68,68,-4620.84765625,4799.25,89.3536
5051.87,274.3727,345000,69,69,-3850.229248046875,5142.53,78.7118
5049.19,274.3984,350000,70,70,-4079.099609375,5133.51,88.9665
4922.49,276.0227,355000,71,71,-3809.107421875,4883.77,80.0383
5093.17,269.1481,360000,72,72,-3886.54736328125,5160.86,72.6455
4885.74,274.4305,365000,73,73,-3735.865234375,5078.93,79.9693
5093.26,272.8605,370000,74,74,-4612.845703125,4922.73,78.5054
4877.14,269.6434,375000,75,75,-4807.39013671875,4738.45,80.553
4766.32,274.2791,380000,76,76,-4952.0361328125,5119.03,84.0636
4989.42,278.8684,385000,77,77,-5502.09033203125,5031.28,90.3381
4892.67,269.1183,390000,78,78,-4923.265625,5041.39,75.4225
5106.15,274.9617,395000,79,79,-6271.46240234375,5169.08,103.3172
4899.36,276.2386,400000,80,80,-4843.39990234375,5162.3,74.301
5034.42,277.7487,405000,81,81,-6059.63134765625,5007.97,85.0083
4914.33,273.444,410000,82,82,-5810.00146484375,5158.01,89.2023
4878.67,276.2737,415000,83,83,-5888.541015625,4855.32,82.4233
4752.68,267.8174,420000,84,84,-5416.70849609375,5160.32,72.8021
4528.4,282.5514,425000,85,85,-7055.67431640625,4872.08,98.0142
4925.92,274.7275,430000,86,86,-5919.9755859375,4932.47,80.8052
5109.82,271.1455,435000,87,87,-5775.81640625,5180.18,71.1347
4800.5,280.8059,440000,88,88,-7402.09326171875,5035.62,92.8664
4884.95,273.9296,445000,89,89,-5922.10498046875,5135.42,74.291
4653.98,273.6563,450000,90,90,-6719.69775390625,2428.89,86.2151
4897.86,274.4425,455000,91,91,-6847.947265625,5166.39,81.5378
3801.18,275.7322,460000,92,92,-6999.517578125,4519.05,91.3492
4796.82,275.1481,465000,93,93,-6999.529296875,4954.37,81.123
4707.23,270.6966,470000,94,94,-6484.44091796875,5240.85,74.1317
5125.58,268.0727,475000,95,95,-6755.7822265625,4858.99,67.1545
4554.81,270.0934,480000,96,96,-7045.36279296875,4962.63,69.9609
5095.9,271.0967,485000,97,97,-7455.1181640625,5016.41,90.972
4991.46,274.4782,490000,98,98,-7217.58251953125,5270.34,74.6954
5188.3,269.8683,495000,99,99,-7349.78955078125,5265.66,75.6112
5095.69,271.5673,500000,100,100,-7744.68212890625,5068.52,73.6115
5106.8,267.7688,505000,101,101,-7517.85009765625,4994.2,65.5755
4739.85,266.7426,510000,102,102,-7336.0146484375,5260.47,67.8159
4933.62,274.1165,515000,103,103,-8107.861328125,5201.42,72.8704
5156.35,269.1213,520000,104,104,-8227.9755859375,5206.61,71.7552
4762.36,271.6592,525000,105,105,-8327.4609375,5194.28,75.9681
5206.85,269.3244,530000,106,106,-8241.0966796875,5289.14,69.7718
4737.02,266.5247,535000,107,107,-8454.1171875,5158.91,69.8805
5153.54,273.4848,540000,108,108,-8220.9375,5221.47,69.9628
4748.68,276.5014,545000,109,109,-8739.9130859375,5116.1,67.7644
5108.6,273.4018,550000,110,110,-8740.154296875,5198.69,67.9319
4932.34,272.0325,555000,111,111,-8866.3994140625,5213.68,70.2027
4962.66,274.8163,560000,112,112,-8967.234375,5236.54,70.3453
5130.63,273.6907,565000,113,113,-8842.1357421875,5227.07,71.2508
4922.18,273.6409,570000,114,114,-9258.359375,5189.09,70.7622
4370.5,271.9095,575000,115,115,-9034.5537109375,5202.94,66.8614
4791.77,276.9907,580000,116,116,-9237.6572265625,4289.43,68.9391
4618.39,275.3065,585000,117,117,-9215.3759765625,4788.36,67.6676
5074.91,267.7302,590000,118,118,-9193.2626953125,5242.95,63.6264
5039.5,276.0307,595000,119,119,-9861.23828125,5236.14,81.0762
4152.51,280.7393,600000,120,120,-10240.00390625,4788.43,98.2554
4925.82,274.2931,605000,121,121,-9322.361328125,5261.79,67.7975
4796.47,292.1923,610000,122,122,-11003.275390625,4998.24,110.6241
5039.68,285.4793,615000,123,123,-10608.66796875,5275.42,92.7056
4799.72,270.0577,620000,124,124,-9711.6767578125,5250.07,68.4254
5019.65,281.1709,625000,125,125,-10762.3642578125,5045.32,98.0015
5146.44,275.8713,630000,126,126,-10021.8515625,5258.39,73.8997
4831.36,278.5015,635000,127,127,-10748.69921875,5257.53,77.8062
5162.49,275.8626,640000,128,128,-10401.0712890625,5260.05,74.9775
4950.13,268.6518,645000,129,129,-10257.150390625,5265.06,71.3188
4526.09,273.73,650000,130,130,-10406.8134765625,5238.2,69.9251
4930.64,278.5428,655000,131,131,-10577.578125,5274.68,74.8769
4944.62,278.3257,660000,132,132,-11072.7314453125,5266.72,84.0539
5142.53,282.1407,665000,133,133,-11789.884765625,5207.43,90.4738
4982.42,276.4464,670000,134,134,-11212.1865234375,5284.9,80.029
4923.86,275.1671,675000,135,135,-11083.2236328125,5235.7,70.3906
4474.55,277.7152,680000,136,136,-11319.6484375,4573.17,90.5749
5125.25,275.5424,685000,137,137,-10941.6767578125,4799.78,69.9862
4414.3,269.6637,690000,138,138,-10420.5537109375,4588.72,72.0842
5148.31,278.2382,695000,139,139,-11500.41796875,5276.63,81.4385
3888.7,275.3646,700000,140,140,-10938.5810546875,4841.27,70.3822
4504.95,288.6286,705000,141,141,-12134.4658203125,5275.11,107.9681
4711.93,277.7888,710000,142,142,-11579.2880859375,4838.01,79.1409
5020.68,273.7548,715000,143,143,-11499.0654296875,5283.95,66.6379
4912.32,279.8657,720000,144,144,-12052.8740234375,5266.34,82.8641
4923.76,275.301,725000,145,145,-12048.8154296875,5273.01,86.5759
4938.84,274.5172,730000,146,146,-11780.8876953125,4570.07,73.9709
5199.09,287.0026,735000,147,147,-12266.6171875,4831.03,101.1045
5164.01,280.1921,740000,148,148,-12016.4140625,5341.4,85.1696
5148.81,277.8555,745000,149,149,-12132.7978515625,5029.19,78.593
5178.13,276.258,750000,150,150,-11493.9501953125,5304.49,78.6836
5127.27,279.1111,755000,151,151,-11694.2802734375,5029.82,75.9166
4924.59,284.1161,760000,152,152,-11926.2578125,2382.17,75.1892
5164.48,278.2913,765000,153,153,-12050.2685546875,5288.38,79.1883
5159.53,277.1511,770000,154,154,-11880.4375,5291.58,74.9445
5071.86,278.8674,775000,155,155,-12116.6767578125,5359.56,77.7783
5187.96,282.6301,780000,156,156,-12147.259765625,4602.94,76.6635
5067.35,278.657,785000,157,157,-11836.2919921875,5272.28,86.6955
5149.79,277.7381,790000,158,158,-12240.5859375,5301.75,79.5213
5201.78,277.2369,795000,159,159,-12468.75390625,5330.71,74.1653
5095.11,275.6642,800000,160,160,-12841.0224609375,5344.07,75.7867
5197.32,273.3848,805000,161,161,-12173.5703125,5324.49,74.6196
5117.07,274.0545,810000,162,162,-12529.5078125,5257.75,75.338
5155.62,275.9255,815000,163,163,-12468.34765625,5288.28,76.8826
5042.64,277.8806,820000,164,164,-12698.0224609375,5289.04,75.6392
5158.13,273.4666,825000,165,165,-12569.6142578125,5292.25,72.6518
4961.25,276.6517,830000,166,166,-13106.4462890625,5326.98,74.4264
5046.65,275.0499,835000,167,167,-12822.92578125,5273.42,74.8847
5173.88,277.2571,840000,168,168,-13030.90234375,4814.26,79.2772
5187.87,274.35,845000,169,169,-12909.84375,5317.14,75.858
5219.29,283.2606,850000,170,170,-13054.916015625,4820.1,85.9743
5104.23,271.9175,855000,171,171,-12750.6826171875,5356.52,73.524
4971.65,275.3718,860000,172,172,-12995.61328125,5387.66,76.0649
5183.13,282.2485,865000,173,173,-13308.8818359375,5054.94,90.0541
4872.63,279.0356,870000,174,174,-12995.837890625,5335.37,80.034
5128.92,273.5978,875000,175,175,-13560.9228515625,5286.26,83.3145
5196.99,275.8025,880000,176,176,-13290.373046875,5297.96,74.2197
4763.54,273.1473,885000,177,177,-12975.7470703125,5107.71,70.4707
5184.62,274.43,890000,178,178,-12738.04296875,5331.79,68.5592
5008.39,281.0281,895000,179,179,-13770.341796875,5394.07,84.7667
5163.01,280.1045,900000,180,180,-13222.845703125,5204.65,78.213
5033.48,282.4434,905000,181,181,-13128.5498046875,5334.89,83.3343
5251.72,281.7199,910000,182,182,-13579.7236328125,5390.66,84.9016
5267.15,280.3373,915000,183,183,-14003.8984375,5147.79,79.5183
5011.69,280.2523,920000,184,184,-13893.974609375,5347.01,76.1412
5015.67,284.9332,925000,185,185,-13944.8447265625,5349.99,76.1321
5147.69,272.4264,930000,186,186,-13330.5908203125,4178.41,72.3826
5243.09,275.77,935000,187,187,-13828.94140625,5134.34,72.432
5190.52,276.5221,940000,188,188,-13358.283203125,4606.37,70.9951
5055.48,274.7652,945000,189,189,-13786.9326171875,4615.04,78.418
4693.72,277.3179,950000,190,190,-13690.6943359375,4892.26,78.9368
5026.08,277.3707,955000,191,191,-13758.0068359375,5281.54,79.1856
4537.98,273.1914,960000,192,192,-13553.2822265625,2397.89,70.6893
4787.48,286.7015,965000,193,193,-14473.40234375,5328.99,104.1419
4224.26,290.2341,970000,194,194,-14597.5517578125,1432.08,123.094
4595.09,278.2381,975000,195,195,-14156.7041015625,3130.68,78.2532
5167.29,281.7844,980000,196,196,-14084.6943359375,1656.1,77.4253
4977.87,285.2473,985000,197,197,-14488.9345703125,4879.12,77.3141
5126.76,284.9136,990000,198,198,-13883.8017578125,2425.38,91.998
3847.57,280.1154,995000,199,199,-14394.048828125,665.35,97.3532
4810.05,287.4349,1000000,200,200,-14815.328125,5336.84,101.0155
5092.11,278.2829,1005000,201,201,-14432.88671875,5346.6,75.8913
4718.4,280.7915,1010000,202,202,-14728.5517578125,5109.06,81.9789
3965.01,290.8545,1015000,203,203,-15056.8525390625,5077.92,92.1209
4947.82,285.2022,1020000,204,204,-14785.5546875,5356.13,81.3175
4495.69,288.4757,1025000,205,205,-15052.2265625,5199.89,94.2515
4470.03,300.8836,1030000,206,206,-15428.8671875,5356.5,131.9945
4690.17,282.1513,1035000,207,207,-15023.419921875,5223.64,82.2712
4893.12,285.5442,1040000,208,208,-15042.455078125,5382.34,96.5682
5035.37,283.2578,1045000,209,209,-14652.984375,5396.64,85.0951
4992.27,278.9933,1050000,210,210,-14882.193359375,5239.22,75.7021
4731.41,278.9244,1055000,211,211,-15054.369140625,5380.55,85.7953
4944.93,277.4297,1060000,212,212,-15256.3125,5153.83,75.4292
4817.98,284.1617,1065000,213,213,-15462.9345703125,5352.53,98.959
5178.57,276.9293,1070000,214,214,-15415.6650390625,5350.05,73.3068
5016.45,285.9789,1075000,215,215,-15347.724609375,5376.98,119.878
4963.21,285.4323,1080000,216,216,-15807.927734375,4315.05,96.1979
5162.25,278.9341,1085000,217,217,-15386.4033203125,5212.78,75.5802
4658.76,279.4736,1090000,218,218,-15386.4267578125,5195.16,77.8597
4980.27,283.1407,1095000,219,219,-15414.2626953125,5298.99,86.4209
4982.6,288.3724,1100000,220,220,-15703.1103515625,4722.66,105.4709
4893.09,286.0399,1105000,221,221,-15669.3779296875,5259.06,101.7025
4712.05,279.3552,1110000,222,222,-15369.6435546875,4720.15,85.1627
4756.95,276.3668,1115000,223,223,-15580.72265625,5341.52,75.7797
4918.56,279.6275,1120000,224,224,-15741.78125,5225.34,74.2886
4783.32,283.6066,1125000,225,225,-15903.6484375,5238.88,92.0739
4521.11,280.0255,1130000,226,226,-15416.6337890625,4838.91,87.2515
4259.59,280.2245,1135000,227,227,-15626.7509765625,5268.32,103.0446
4438.61,296.0344,1140000,228,228,-15468.3779296875,4717.12,135.0099
4834.48,277.8664,1145000,229,229,-15270.5673828125,5172.37,80.7067
4703.35,292.2035,1150000,230,230,-15021.822265625,5235.66,113.7433
3641.99,304.5742,1155000,231,231,-15511.27734375,3474.67,144.1388
4217.43,289.6736,1160000,232,232,-15689.90234375,3388.93,108.095
3747.84,288.7089,1165000,233,233,-16080.90234375,2777.74,116.5516
4656.75,286.0357,1170000,234,234,-15896.8046875,3385.09,90.0568
4502.29,293.7335,1175000,235,235,-16061.3017578125,2305.34,129.1697
4588.06,285.6877,1180000,236,236,-15505.046875,3483.71,93.3291
4154.12,293.5197,1185000,237,237,-15885.154296875,1330.39,119.3282
4548.71,288.6187,1190000,238,238,-16119.8369140625,3095.46,95.2074
4866.14,286.7194,1195000,239,239,-16162.287109375,3906.15,106.5482
4703.48,288.2414,1200000,240,240,-15743.1416015625,3294.15,100.3318
4607.59,289.8554,1205000,241,241,-16375.4541015625,2415.92,130.3866
4251.14,285.6996,1210000,242,242,-16431.400390625,3847.74,96.7759
4634.0,281.7337,1215000,243,243,-16416.115234375,2745.62,90.5969
4694.79,287.16,1220000,244,244,-16524.8046875,4428.55,96.0472
4844.66,286.7929,1225000,245,245,-16442.685546875,3104.4,85.69
4239.23,302.534,1230000,246,246,-16894.162109375,3773.19,135.1373
4665.54,288.5139,1235000,247,247,-16712.185546875,4342.17,94.3121
4560.96,281.3655,1240000,248,248,-16563.443359375,4722.48,94.0878
4491.39,290.4209,1245000,249,249,-16650.046875,4560.67,132.367
4143.58,288.9809,1250000,250,250,-16941.544921875,4946.95,127.9994
4798.3,282.0403,1255000,251,251,-16374.2216796875,4761.6,89.0257
3955.8,302.9859,1260000,252,252,-16927.78515625,2329.19,178.1996
3669.63,291.9039,1265000,253,253,-16668.140625,4818.42,117.4514
2688.7,290.127,1270000,254,254,-16795.466796875,4759.85,108.1358
4585.06,281.1727,1275000,255,255,-16399.576171875,5120.37,81.9124
4041.7,292.5166,1280000,256,256,-16464.685546875,4613.82,122.2866
4395.93,295.1818,1285000,257,257,-16628.158203125,4814.89,133.2099
3788.22,289.0264,1290000,258,258,-16097.98828125,4244.02,119.9006
4975.21,274.0864,1295000,259,259,-16010.7001953125,5375.76,83.035
5162.78,271.6238,1300000,260,260,-16150.5087890625,2366.37,84.0232
4117.69,274.3998,1305000,261,261,-16117.0771484375,2243.48,86.5359
4994.41,267.5876,1310000,262,262,-16101.47265625,4832.92,75.5428
5169.36,269.76,1315000,263,263,-16274.18359375,1931.33,73.328
4054.46,296.1911,1320000,264,264,-16142.505859375,4317.74,156.5772
5260.84,264.734,1325000,265,265,-16294.205078125,4690.01,70.8133
4208.76,260.9932,1330000,266,266,-15790.8818359375,4464.5,62.1251
4992.31,266.1142,1335000,267,267,-16279.287109375,1674.7,76.535
5120.98,262.4039,1340000,268,268,-16114.0556640625,5366.47,68.2611
4852.26,263.9565,1345000,269,269,-16428.1875,5125.43,65.4863
4843.48,272.9695,1350000,270,270,-16534.962890625,5235.59,92.1667
4761.59,267.1605,1355000,271,271,-16052.083984375,4716.6,85.6713
4124.27,286.2294,1360000,272,272,-16509.130859375,2932.54,140.0969
4048.16,273.1327,1365000,273,273,-16159.48828125,4742.61,119.6057
4314.16,280.4787,1370000,274,274,-16141.2109375,4880.54,123.6362
4781.63,279.3904,1375000,275,275,-16583.49609375,3212.15,100.9931
1550.89,331.4259,1380000,276,276,-16265.9296875,1006.32,201.6292
1099.2,339.9105,1385000,277,277,-17062.837890625,847.73,395.0204
962.05,339.0783,1390000,278,278,-16576.380859375,1529.67,258.2598
1564.97,347.3453,1395000,279,279,-16944.935546875,740.19,262.0396
1639.58,378.8335,1400000,280,280,-16736.103515625,1403.51,233.1794
1766.44,341.03,1405000,281,281,-16792.279296875,1227.87,156.3879
2034.83,356.1449,1410000,282,282,-15339.1572265625,2007.61,195.1342
3339.99,329.107,1415000,283,283,-15906.728515625,4041.45,140.4226
1506.17,336.9415,1420000,284,284,-16169.2314453125,3294.41,155.8284
2005.63,347.3629,1425000,285,285,-16648.865234375,1786.68,164.0698
2901.67,328.5911,1430000,286,286,-16308.8876953125,4326.36,152.2704
4173.13,319.6438,1435000,287,287,-16761.36328125,4794.67,152.5232
4421.61,322.3449,1440000,288,288,-15937.2734375,4473.48,149.9526
3845.55,298.4214,1445000,289,289,-16133.0966796875,3814.26,127.7203
3443.99,299.199,1450000,290,290,-15511.9716796875,3459.19,154.9084
1254.9,316.5048,1455000,291,291,-16430.099609375,1651.16,149.8955
3276.11,305.4084,1460000,292,292,-15976.671875,2461.46,152.0639
2919.45,313.8849,1465000,293,293,-16388.31640625,2255.32,209.4762
4520.33,331.557,1470000,294,294,-16198.6328125,3376.58,179.5993
2051.36,343.1309,1475000,295,295,-16057.37890625,1219.84,210.9198
2626.58,336.5242,1480000,296,296,-16833.873046875,3864.55,212.3698
2342.97,350.9433,1485000,297,297,-16443.77734375,2998.19,202.8156
1810.1,331.2399,1490000,298,298,-16302.814453125,2393.59,163.8947
4364.94,324.6453,1495000,299,299,-16674.88671875,4493.91,170.3053
3880.48,326.4694,1500000,300,300,-16930.62890625,3530.12,145.8533
3304.86,307.1907,1505000,301,301,-16607.08984375,3098.39,139.738
2864.47,307.3731,1510000,302,302,-16485.880859375,2642.0,141.6101
4377.39,295.5811,1515000,303,303,-17073.3984375,3857.07,129.0738
3813.58,306.157,1520000,304,304,-16925.994140625,4348.15,138.9153
4053.18,314.2089,1525000,305,305,-16998.0625,4707.68,167.3775
4977.38,310.7932,1530000,306,306,-17412.39453125,4990.67,178.1336
4767.28,311.1687,1535000,307,307,-17753.689453125,5211.7,197.2009
4737.52,325.2506,1540000,308,308,-17940.056640625,4908.38,198.0761
4090.11,340.5326,1545000,309,309,-16927.478515625,4534.51,243.4112
4575.54,323.8761,1550000,310,310,-18214.271484375,4522.03,210.517
4229.99,333.7506,1555000,311,311,-17740.828125,2931.53,272.6703
4849.9,334.6067,1560000,312,312,-18331.458984375,3920.34,249.0525
5079.13,352.9472,1565000,313,313,-18805.94921875,4609.62,270.4362
4304.07,339.5655,1570000,314,314,-17846.279296875,4417.03,221.8786
4201.28,344.769,1575000,315,315,-17930.923828125,3816.17,201.4671
2446.08,341.6027,1580000,316,316,-17929.591796875,3646.62,205.9689
4641.81,330.8748,1585000,317,317,-17665.298828125,4768.71,185.8871
4920.26,346.4635,1590000,318,318,-17818.416015625,4912.36,219.4256
4078.17,335.9384,1595000,319,319,-17629.197265625,4144.12,184.8528
3796.92,343.7496,1600000,320,320,-17679.619140625,3295.74,184.0181
4633.88,352.0379,1605000,321,321,-17743.482421875,3719.26,201.1493
4195.91,346.6177,1610000,322,322,-16675.248046875,4277.4,198.867
3984.2,346.0575,1615000,323,323,-17346.908203125,2182.92,195.0635
1798.35,384.9179,1620000,324,324,-14737.0546875,1526.73,312.5491
3889.61,358.6445,1625000,325,325,-17127.041015625,4216.28,194.0584
3355.62,353.4528,1630000,326,326,-16789.79296875,2302.86,201.8404
3370.52,380.4091,1635000,327,327,-15253.583984375,3345.42,210.9814
2596.25,361.3325,1640000,328,328,-16286.2724609375,3209.84,190.9166
3917.35,366.2637,1645000,329,329,-15785.3115234375,3576.36,304.7729
3661.86,370.2959,1650000,330,330,-16231.6552734375,2130.5,201.8468
2765.61,383.9992,1655000,331,331,-16025.142578125,2908.68,242.4091
4334.26,356.6592,1660000,332,332,-17116.462890625,4252.93,235.0242
3210.92,358.3808,1665000,333,333,-17541.2109375,3580.52,190.8575
1801.92,371.2767,1670000,334,334,-16078.927734375,2019.57,201.9546
1058.12,397.4415,1675000,335,335,-14996.248046875,1895.83,220.2226
2280.8,397.4098,1680000,336,336,-14860.763671875,2603.81,268.6315
859.07,384.1293,1685000,337,337,-14756.3759765625,901.39,221.9376
1082.74,434.0208,1690000,338,338,-14629.427734375,1383.59,289.7258
574.38,426.6874,1695000,339,339,-14003.0673828125,673.32,362.0704
361.88,421.2325,1700000,340,340,-14610.953125,593.27,235.9944
593.93,442.7555,1705000,341,341,-14645.333984375,548.37,272.3432
941.53,411.4343,1710000,342,342,-15353.9541015625,1057.76,370.9803
1006.17,441.4495,1715000,343,343,-12966.8154296875,823.12,286.3494
832.2,449.9417,1720000,344,344,-14985.2099609375,843.52,266.6395
602.41,447.5161,1725000,345,345,-14596.7490234375,743.84,257.2807
807.91,454.9595,1730000,346,346,-14150.126953125,602.6,272.8699
590.45,443.6707,1735000,347,347,-15066.5947265625,616.08,281.6623
666.65,414.4606,1740000,348,348,-14838.0009765625,586.93,245.0907
482.28,453.7149,1745000,349,349,-13415.515625,430.89,290.6061
666.91,425.6447,1750000,350,350,-15275.4794921875,440.58,277.8092
350.17,492.287,1755000,351,351,-12594.9462890625,378.58,300.6303
355.92,465.2484,1760000,352,352,-14945.7587890625,375.06,264.907
505.92,456.8601,1765000,353,353,-15810.9248046875,420.21,287.1999
398.67,450.4109,1770000,354,354,-15472.08203125,397.55,277.6694
321.87,462.2532,1775000,355,355,-15159.650390625,494.86,258.3136
415.49,476.8253,1780000,356,356,-14801.9638671875,363.02,268.0395
415.34,458.2747,1785000,357,357,-15050.5,422.54,291.0435
348.63,458.6852,1790000,358,358,-16013.5,391.49,282.3775
301.26,467.7252,1795000,359,359,-16232.7724609375,296.43,295.5138
339.52,491.7258,1800000,360,360,-16430.7734375,242.25,352.7484
270.96,492.0934,1805000,361,361,-16649.076171875,243.55,530.6459
176.83,566.9363,1810000,362,362,-16676.74609375,199.46,1753.0912
146.27,558.8154,1815000,363,363,-18399.65234375,158.95,3711.9301
112.5,575.9993,1820000,364,364,-15996.896484375,119.68,298.6054
80.91,581.2056,1825000,365,365,-17661.46875,85.24,1569.398
58.63,599.1476,1830000,366,366,-15570.8203125,58.36,317.0159
58.88,630.7495,1835000,367,367,-16420.45703125,59.29,554.0715
60.76,626.258,1840000,368,368,-17061.716796875,60.16,407.5429
59.33,643.955,1845000,369,369,-16740.404296875,59.1,717.8647
63.76,627.1569,1850000,370,370,-17073.142578125,64.6,484.0004
60.39,631.0396,1855000,371,371,-16766.87109375,59.06,322.1152
56.79,706.8596,1860000,372,372,-19024.01953125,56.88,1110.7944
58.83,626.2268,1865000,373,373,-17145.9375,58.85,501.7717
57.99,629.5166,1870000,374,374,-17369.83203125,58.65,655.3306
60.37,643.2842,1875000,375,375,-17275.490234375,60.1,631.1171
60.3,629.9612,1880000,376,376,-17149.33203125,60.33,645.7979
58.48,606.2196,1885000,377,377,-17834.4765625,58.97,867.5315
61.0,585.1537,1890000,378,378,-18166.462890625,59.5,550.8865
61.95,620.2815,1895000,379,379,-18340.625,61.22,458.2228
60.22,684.889,1900000,380,380,-19248.619140625,59.89,1046.8502
63.19,626.8354,1905000,381,381,-17806.98046875,62.71,440.2126
62.92,668.9284,1910000,382,382,-19297.7890625,62.73,753.1477
64.31,662.7244,1915000,383,383,-17988.998046875,66.5,929.3357
61.84,670.2714,1920000,384,384,-17058.197265625,61.82,1127.3582
60.94,631.5883,1925000,385,385,-18632.77734375,60.92,375.8337
67.82,647.9982,1930000,386,386,-18559.74609375,68.45,662.6561
63.53,664.3653,1935000,387,387,-18972.599609375,62.78,737.9471
65.06,639.3819,1940000,388,388,-18082.603515625,63.73,567.2585
62.35,646.7069,1945000,389,389,-18868.1953125,62.25,1210.5139
63.24,634.9152,1950000,390,390,-17903.904296875,62.02,633.7161
60.68,626.6276,1955000,391,391,-18640.376953125,59.92,872.7359
59.26,628.283,1960000,392,392,-17067.337890625,59.87,753.1626
61.18,657.8485,1965000,393,393,-18187.720703125,61.2,1206.8624
63.43,651.5257,1970000,394,394,-17240.56640625,62.09,580.9259
62.05,648.2449,1975000,395,395,-18831.69140625,61.17,971.7974
61.94,637.8827,1980000,396,396,-18511.974609375,61.66,1126.3576
62.79,654.5807,1985000,397,397,-18607.326171875,62.38,653.9578
62.06,637.3012,1990000,398,398,-17897.955078125,62.66,387.8399
63.68,625.0299,1995000,399,399,-18314.826171875,63.72,713.8414
62.23,624.0126,2000000,400,400,-17581.578125,61.91,852.1953
62.73,653.8233,2005000,401,401,-17132.69140625,63.12,551.7383
66.08,600.7623,2010000,402,402,-17726.357421875,64.75,613.4932
161.86,533.6073,2015000,403,403,-18400.166015625,130.68,522.2457
180.28,538.1692,2020000,404,404,-17745.845703125,185.63,654.7535
314.07,531.0276,2025000,405,405,-16777.240234375,324.45,498.8328
304.41,524.3316,2030000,406,406,-18632.65234375,295.93,1211.9572
284.49,501.6391,2035000,407,407,-17938.861328125,285.53,554.1742
286.14,496.9247,2040000,408,408,-17926.87890625,285.07,677.2399
312.31,506.6723,2045000,409,409,-17641.072265625,310.27,509.3834
157.64,576.5738,2050000,410,410,-17051.029296875,170.1,400.4387
167.93,527.7391,2055000,411,411,-18217.921875,120.56,418.1494
62.8,666.5675,2060000,412,412,-19090.888671875,62.39,1139.4796
61.77,652.8939,2065000,413,413,-18331.87890625,62.46,1209.33
62.6,646.181,2070000,414,414,-17462.517578125,63.64,551.7909
62.93,616.7143,2075000,415,415,-17475.662109375,62.43,396.4737
61.04,660.7627,2080000,416,416,-17379.017578125,61.01,358.7612
60.82,668.8373,2085000,417,417,-17515.12890625,60.7,703.1788
59.6,607.687,2090000,418,418,-18947.341796875,59.68,511.0287
59.42,632.3571,2095000,419,419,-19081.73046875,59.38,1172.4125
60.41,626.5828,2100000,420,420,-18444.7734375,60.24,790.0147
62.83,628.1484,2105000,421,421,-18538.40625,63.11,670.8407
64.49,618.826,2110000,422,422,-18292.318359375,64.79,463.4635
60.83,621.4391,2115000,423,423,-18528.888671875,60.89,906.7694
60.87,685.0592,2120000,424,424,-18376.32421875,60.9,582.3701
60.4,656.7973,2125000,425,425,-19090.994140625,60.59,528.8336
61.62,631.9128,2130000,426,426,-19019.7109375,61.66,598.0799
59.84,626.0421,2135000,427,427,-19099.009765625,59.77,479.8817
60.02,659.9434,2140000,428,428,-19015.029296875,60.09,761.1247
60.84,636.2307,2145000,429,429,-19182.3046875,60.97,763.0282
63.21,644.3429,2150000,430,430,-19333.76953125,63.17,758.2996
63.85,624.8794,2155000,431,431,-19129.10546875,63.85,440.3335
65.4,651.648,2160000,432,432,-18780.5234375,64.71,401.1537
62.7,652.4238,2165000,433,433,-19181.259765625,62.07,619.7621
63.81,639.1145,2170000,434,434,-19133.1796875,63.95,1218.3169
64.51,639.1443,2175000,435,435,-19350.40625,64.54,891.3738
64.39,620.7744,2180000,436,436,-19304.921875,64.44,806.5493
62.49,648.9797,2185000,437,437,-19113.939453125,62.48,385.6261
64.2,634.5499,2190000,438,438,-19062.83984375,64.24,363.3243
63.99,635.6264,2195000,439,439,-19203.046875,63.42,511.3401
61.99,656.4244,2200000,440,440,-19270.173828125,61.83,333.2932
62.73,660.9982,2205000,441,441,-19360.19140625,62.48,445.3994
61.92,635.0662,2210000,442,442,-19192.03515625,61.74,318.3379
63.97,639.4839,2215000,443,443,-19287.8984375,63.96,335.3993
62.82,648.2895,2220000,444,444,-19448.419921875,63.39,565.6759
58.54,641.8113,2225000,445,445,-19279.5859375,59.19,543.0073
62.52,639.459,2230000,446,446,-19248.751953125,62.61,317.1585
62.77,628.3445,2235000,447,447,-19020.939453125,62.63,860.6951
62.21,631.1755,2240000,448,448,-18901.06640625,62.29,322.4195
61.75,585.5774,2245000,449,449,-19288.958984375,62.05,370.6514
61.03,627.5124,2250000,450,450,-19360.685546875,60.98,940.677
62.01,635.8095,2255000,451,451,-19201.625,62.21,1034.6281
61.97,606.7911,2260000,452,452,-18809.138671875,61.88,310.437
61.42,655.9281,2265000,453,453,-19222.19140625,61.49,471.0027
63.28,651.0457,2270000,454,454,-19594.353515625,62.97,810.854
62.15,629.2558,2275000,455,455,-19401.119140625,62.67,356.2014
62.78,594.0341,2280000,456,456,-19170.455078125,62.59,468.574
62.47,637.2131,2285000,457,457,-19525.40625,62.98,347.5414
61.81,598.2735,2290000,458,458,-19217.494140625,62.1,375.5633
63.28,577.6835,2295000,459,459,-19480.544921875,63.27,601.9864
62.09,568.0812,2300000,460,460,-19107.388671875,62.51,362.2387
61.84,568.3898,2305000,461,461,-19162.44921875,62.12,462.1254
62.14,566.7682,2310000,462,462,-19013.876953125,62.05,336.6234
62.26,575.2883,2315000,463,463,-18899.794921875,61.84,629.3578
63.15,575.5788,2320000,464,464,-18983.73828125,63.0,417.7337
62.93,531.575,2325000,465,465,-18492.421875,62.65,293.8591
61.58,611.3203,2330000,466,466,-18902.34765625,63.17,290.4164
61.23,571.9658,2335000,467,467,-18541.423828125,62.42,643.5702
61.21,586.8597,2340000,468,468,-19133.017578125,62.01,548.805
59.3,557.0938,2345000,469,469,-18435.626953125,59.2,954.2055
60.08,574.7036,2350000,470,470,-18821.48046875,60.99,387.8859
61.31,552.0823,2355000,471,471,-18783.8203125,61.01,299.9694
58.12,593.6764,2360000,472,472,-19185.306640625,58.78,343.2014
61.11,565.0875,2365000,473,473,-19138.951171875,62.19,877.7268
61.31,564.9032,2370000,474,474,-18941.26171875,61.09,265.6605
60.72,585.7852,2375000,475,475,-18988.044921875,60.63,663.3526
61.93,597.0163,2380000,476,476,-19039.29296875,62.66,843.8452
59.6,574.2564,2385000,477,477,-18985.255859375,59.51,271.45
61.25,549.9795,2390000,478,478,-18810.73046875,62.62,822.8375
63.16,547.4641,2395000,479,479,-18686.16796875,62.58,1053.2877
59.36,557.2203,2400000,480,480,-18843.947265625,59.04,477.9235
61.85,564.7402,2405000,481,481,-18487.384765625,61.41,259.0539
62.3,552.802,2410000,482,482,-18139.470703125,62.55,260.8984
61.98,548.85,2415000,483,483,-17874.537109375,62.16,277.3565
60.45,589.9802,2420000,484,484,-18730.6015625,61.34,730.3739
61.2,555.0382,2425000,485,485,-18357.1015625,60.92,400.8701
60.39,546.1554,2430000,486,486,-18649.97265625,60.18,263.866
60.74,552.1656,2435000,487,487,-17987.4375,60.35,529.6571
61.45,543.9194,2440000,488,488,-18329.021484375,61.81,440.8784
60.73,562.5294,2445000,489,489,-18331.08984375,60.74,295.3965
60.97,552.7474,2450000,490,490,-18553.123046875,60.56,522.4298
60.72,562.8909,2455000,491,491,-18692.265625,61.24,291.5503
61.78,562.0233,2460000,492,492,-18574.302734375,61.19,461.437
61.88,565.8368,2465000,493,493,-18570.728515625,62.74,702.367
60.31,550.8647,2470000,494,494,-18775.3515625,60.24,846.3877
62.34,587.0858,2475000,495,495,-18619.734375,62.57,445.295
61.84,576.7378,2480000,496,496,-18676.1484375,61.79,300.4795
60.84,584.248,2485000,497,497,-18957.634765625,60.75,489.0716
61.64,556.2318,2490000,498,498,-19050.5,61.91,450.2635
60.92,550.1743,2495000,499,499,-19166.916015625,60.91,715.9826
61.55,549.8428,2500000,500,500,-18888.015625,62.65,1006.0519
59.72,554.8042,2505000,501,501,-18885.837890625,59.92,458.5094
61.98,564.5589,2510000,502,502,-19421.439453125,61.09,882.4782
60.97,553.5478,2515000,503,503,-18834.94140625,60.69,337.8612
58.48,552.6576,2520000,504,504,-19031.55078125,58.94,513.4798
59.24,553.7444,2525000,505,505,-18884.5625,59.03,619.4939
318.92,532.9378,2530000,506,506,-18109.123046875,272.09,433.3141
338.57,522.7197,2535000,507,507,-18073.3984375,294.87,815.1997
370.51,536.3053,2540000,508,508,-17799.12109375,360.81,817.0562
289.09,544.7062,2545000,509,509,-18406.193359375,279.23,1470.5784
82.41,538.1679,2550000,510,510,-18863.990234375,71.16,880.9615
56.94,555.858,2555000,511,511,-18353.15234375,56.16,327.7505
60.02,556.1597,2560000,512,512,-18669.736328125,59.78,697.6146
58.82,598.0288,2565000,513,513,-19090.0390625,58.93,507.7472
58.22,565.7903,2570000,514,514,-18591.3984375,58.22,388.0344
57.38,570.0332,2575000,515,515,-18696.6015625,57.29,445.8607
57.67,582.9484,2580000,516,516,-18837.353515625,57.85,364.7645
57.73,592.001,2585000,517,517,-18880.046875,57.53,305.4949
58.12,595.3137,2590000,518,518,-18806.78125,58.1,312.4189
60.07,598.7499,2595000,519,519,-18470.173828125,60.56,325.0538
59.8,585.9568,2600000,520,520,-18951.416015625,60.34,413.2409
58.85,580.9055,2605000,521,521,-18982.822265625,59.41,309.1608
58.1,580.45,2610000,522,522,-19104.916015625,58.06,399.376
57.74,593.1319,2615000,523,523,-19145.396484375,57.64,363.4967
59.7,572.6127,2620000,524,524,-19078.14453125,59.65,415.5007
59.24,586.4644,2625000,525,525,-19177.826171875,59.17,321.6484
54.89,592.6445,2630000,526,526,-19000.759765625,54.37,328.0559
57.79,562.6911,2635000,527,527,-19188.94921875,57.44,531.9455
59.6,561.2027,2640000,528,528,-19093.85546875,59.88,304.537
58.64,565.3736,2645000,529,529,-19254.83984375,58.86,316.3164
58.1,563.924,2650000,530,530,-18974.568359375,57.9,670.9579
58.15,587.9156,2655000,531,531,-19142.42578125,57.9,332.7632
59.88,570.7971,2660000,532,532,-19141.02734375,60.31,335.1095
59.3,575.3823,2665000,533,533,-19261.70703125,59.64,324.9519
58.66,589.4185,2670000,534,534,-19335.896484375,58.49,1169.7067
58.34,574.5037,2675000,535,535,-19181.3515625,58.11,334.1021
58.0,576.6699,2680000,536,536,-19303.474609375,57.72,342.8284
57.91,562.2551,2685000,537,537,-19277.728515625,57.79,335.3257
57.89,589.3469,2690000,538,538,-19318.087890625,57.8,310.5301
60.05,605.498,2695000,539,539,-19311.70703125,60.18,326.353
59.96,601.183,2700000,540,540,-19240.25,60.61,348.5439
61.01,577.4153,2705000,541,541,-19151.7421875,60.53,350.6153
60.07,576.2709,2710000,542,542,-19402.6484375,60.26,328.6264
60.78,613.867,2715000,543,543,-19109.98828125,60.91,339.7091
60.18,585.308,2720000,544,544,-19299.193359375,60.18,345.98
60.31,634.9402,2725000,545,545,-19302.96484375,60.57,375.517
60.43,577.4399,2730000,546,546,-19309.53125,60.47,394.1366
60.82,654.9455,2735000,547,547,-19545.4609375,60.62,498.1444
61.03,594.7057,2740000,548,548,-19444.171875,60.94,631.4375
61.14,566.8836,2745000,549,549,-19496.1875,60.8,564.8227
61.23,667.5219,2750000,550,550,-19536.796875,61.36,738.6961
61.66,628.2616,2755000,551,551,-19551.76171875,61.8,918.2198
61.13,642.4123,2760000,552,552,-19526.798828125,61.33,1111.6363
61.42,608.1151,2765000,553,553,-19543.13671875,61.6,1467.5643
61.13,585.9241,2770000,554,554,-19434.466796875,61.28,474.7224
61.29,606.2743,2775000,555,555,-19431.240234375,61.18,973.1225
61.49,593.9008,2780000,556,556,-19366.3984375,61.54,503.3019
61.66,625.5777,2785000,557,557,-19513.140625,61.51,348.5567
62.12,606.535,2790000,558,558,-19436.83203125,61.85,1072.1962
61.83,646.7477,2795000,559,559,-19567.20703125,61.8,509.3218
61.53,628.2284,2800000,560,560,-19469.466796875,61.45,432.9134
61.08,600.7137,2805000,561,561,-19577.296875,61.52,519.5461
61.57,612.3008,2810000,562,562,-19553.84765625,61.03,460.0545
61.35,623.6389,2815000,563,563,-19598.1796875,61.26,540.213
61.07,616.8381,2820000,564,564,-19655.091796875,61.21,491.7897
60.75,619.257,2825000,565,565,-19586.78515625,60.78,496.7774
60.78,644.2257,2830000,566,566,-19554.150390625,60.83,417.8717
62.18,640.5019,2835000,567,567,-19606.39453125,62.35,407.9547
59.93,650.2442,2840000,568,568,-19546.470703125,59.98,395.5285
60.92,656.8049,2845000,569,569,-19600.291015625,60.89,681.3361
61.53,652.0164,2850000,570,570,-19537.837890625,61.45,367.6842
61.44,640.1001,2855000,571,571,-19503.27734375,61.46,380.1916
61.78,648.3113,2860000,572,572,-19606.673828125,61.81,356.696
61.04,648.5655,2865000,573,573,-19528.4609375,61.02,366.7793
61.71,621.6137,2870000,574,574,-19429.18359375,61.89,369.7579
61.29,654.8711,2875000,575,575,-19523.35546875,61.24,476.2343
61.2,651.5779,2880000,576,576,-19529.25390625,61.11,387.8437
61.15,640.9767,2885000,577,577,-19585.048828125,61.25,423.3183
61.27,633.5536,2890000,578,578,-19586.705078125,61.37,398.9516
61.37,647.4618,2895000,579,579,-19588.275390625,61.36,419.9109
61.45,652.7604,2900000,580,580,-19621.052734375,61.46,371.7389
61.51,636.5203,2905000,581,581,-19528.298828125,61.45,360.2844
61.42,640.879,2910000,582,582,-19637.87890625,61.58,353.3757
61.44,613.8525,2915000,583,583,-19438.49609375,61.38,536.801
61.51,650.0676,2920000,584,584,-19435.486328125,61.43,344.2476
61.47,634.1675,2925000,585,585,-19454.54296875,61.4,344.4282
61.43,613.8273,2930000,586,586,-19561.439453125,61.42,456.4239
60.29,623.1925,2935000,587,587,-19464.8125,60.21,420.8101
61.8,647.1329,2940000,588,588,-19598.95703125,61.57,435.4112
61.08,630.4005,2945000,589,589,-19546.802734375,61.19,604.2645
61.38,629.6463,2950000,590,590,-19691.3828125,61.35,589.059
60.34,645.767,2955000,591,591,-19421.65625,61.19,339.3597
61.02,628.9147,2960000,592,592,-19591.728515625,61.23,521.615
60.97,650.5719,2965000,593,593,-19664.056640625,61.05,384.8486
61.09,648.7069,2970000,594,594,-19694.2578125,61.16,348.5668
61.21,637.2421,2975000,595,595,-19680.244140625,61.49,368.2156
60.95,628.0045,2980000,596,596,-19557.689453125,61.36,379.1863
60.01,641.8919,2985000,597,597,-19634.732421875,60.01,346.9914
60.07,645.3916,2990000,598,598,-19615.146484375,60.15,361.1981
60.07,636.2899,2995000,599,599,-19724.1484375,60.19,385.3072
