Running Reverse KL,Reward Loss,Real Sto Return,Real Det Return,Running Update Time,Itration,Running Forward KL,Running Env Steps
25.4508,72.5580825805664,-44.23,516.03,0,0,75.5914,0
25.943,34.15946960449219,-57.7,349.22,1,1,74.3428,5000
27.8302,-66.54088592529297,11.28,745.82,2,2,76.2988,10000
28.0763,-110.9566421508789,12.15,678.47,3,3,72.7917,15000
29.5338,-193.7393341064453,41.84,695.26,4,4,72.6096,20000
30.1097,-262.71533203125,87.64,794.82,5,5,71.5752,25000
30.1201,-312.5916748046875,158.47,840.92,6,6,69.7748,30000
30.6434,-394.32086181640625,114.5,479.84,7,7,71.5474,35000
32.3193,-446.8161926269531,174.52,686.04,8,8,71.0998,40000
32.7596,-522.1748657226562,171.84,810.45,9,9,71.9193,45000
32.2929,-573.0244750976562,220.51,853.78,10,10,71.6328,50000
32.4965,-624.366943359375,183.9,742.63,11,11,70.9914,55000
33.0298,-697.5013427734375,197.83,774.89,12,12,72.5083,60000
31.8841,-750.313720703125,174.47,646.2,13,13,71.605,65000
32.9721,-823.7673950195312,244.02,676.21,14,14,71.1455,70000
32.4704,-890.9580688476562,236.94,686.48,15,15,72.9902,75000
32.221,-940.4638671875,180.19,747.09,16,16,70.8619,80000
32.4092,-1003.312744140625,274.91,593.61,17,17,70.9791,85000
31.918,-1060.7322998046875,273.95,665.08,18,18,69.4443,90000
30.6571,-1111.62841796875,344.87,743.83,19,19,68.5323,95000
32.4685,-1193.4649658203125,230.27,791.65,20,20,71.1826,100000
31.6449,-1254.4630126953125,276.91,872.67,21,21,71.1098,105000
30.6736,-1291.3343505859375,219.04,924.18,22,22,69.7874,110000
31.1334,-1386.614990234375,222.68,775.69,23,23,71.0238,115000
31.8112,-1461.6126708984375,261.22,832.27,24,24,71.7642,120000
31.8439,-1544.1097412109375,245.32,983.75,25,25,72.9411,125000
30.139,-1567.0262451171875,268.51,882.16,26,26,69.2328,130000
32.013,-1670.3502197265625,290.66,980.09,27,27,72.749,135000
31.5342,-1713.8101806640625,336.54,976.33,28,28,72.0635,140000
31.9841,-1810.0819091796875,231.64,910.47,29,29,73.2919,145000
30.8515,-1831.4935302734375,251.71,953.54,30,30,70.8971,150000
30.6187,-1905.5782470703125,225.5,997.08,31,31,70.9265,155000
31.0835,-1971.255126953125,309.97,929.57,32,32,71.1459,160000
31.5062,-2069.6904296875,188.16,935.25,33,33,73.3357,165000
31.3052,-2103.749755859375,312.18,989.37,34,34,70.5572,170000
31.174,-2183.45556640625,254.55,891.47,35,35,71.837,175000
31.6829,-2269.32763671875,366.33,944.28,36,36,71.5591,180000
30.8618,-2339.711669921875,325.11,973.1,37,37,71.346,185000
31.0666,-2404.69140625,277.66,821.01,38,38,69.7408,190000
30.3556,-2436.399169921875,273.71,841.19,39,39,69.5898,195000
30.9446,-2553.23876953125,260.83,926.13,40,40,70.3519,200000
29.3935,-2528.375,301.63,972.53,41,41,68.2114,205000
31.0704,-2681.916015625,275.89,842.44,42,42,71.1627,210000
31.4881,-2802.077880859375,281.69,844.3,43,43,71.9708,215000
30.3896,-2812.71630859375,317.58,887.16,44,44,70.1442,220000
29.7189,-2776.03369140625,318.55,1019.55,45,45,67.8918,225000
30.346,-2945.061767578125,336.19,984.44,46,46,71.0935,230000
30.4456,-3053.383544921875,272.9,1013.46,47,47,70.2584,235000
29.7326,-2989.663330078125,427.26,1021.12,48,48,67.7832,240000
28.1346,-3047.439453125,318.99,978.34,49,49,66.4009,245000
29.9002,-3178.291748046875,344.07,984.21,50,50,67.9472,250000
28.628,-3093.92236328125,338.37,1100.59,51,51,65.0439,255000
28.922,-3220.821533203125,428.83,1279.36,52,52,65.821,260000
30.123,-3496.539794921875,337.85,1024.7,53,53,69.8725,265000
29.5249,-3523.658447265625,450.3,1130.84,54,54,68.8455,270000
27.8218,-3407.53759765625,362.07,1110.92,55,55,63.9896,275000
26.9518,-3418.883056640625,492.82,1301.47,56,56,63.262,280000
28.9874,-3652.4921875,379.29,1299.41,57,57,66.6443,285000
27.9378,-3613.265380859375,427.83,1283.59,58,58,63.5533,290000
30.2323,-3958.1865234375,475.22,1115.85,59,59,69.2712,295000
28.8445,-3924.8916015625,513.94,1001.3,60,60,66.8486,300000
27.7562,-3955.99951171875,492.21,1050.06,61,61,65.8127,305000
28.6115,-3911.584228515625,413.63,1172.52,62,62,66.6039,310000
27.8944,-4121.52197265625,364.44,934.84,63,63,66.2984,315000
27.5877,-4049.152099609375,644.07,1329.95,64,64,63.1466,320000
28.2177,-4148.38720703125,705.92,1335.88,65,65,64.547,325000
27.1743,-4213.5322265625,422.89,1374.62,66,66,64.2289,330000
27.9437,-4194.35888671875,601.33,1794.62,67,67,64.5486,335000
28.6626,-4506.96044921875,542.15,1563.23,68,68,66.3997,340000
28.2309,-4421.884765625,908.7,1817.48,69,69,65.291,345000
29.3535,-4914.98779296875,531.14,1307.97,70,70,68.9705,350000
31.3337,-4163.0849609375,1273.72,2040.34,71,71,63.8451,355000
28.8122,-4449.87841796875,692.17,2057.13,72,72,63.7606,360000
27.3785,-4610.7001953125,751.22,1757.29,73,73,62.0179,365000
27.4145,-4579.41943359375,1109.03,2188.74,74,74,62.7648,370000
28.9556,-4402.22705078125,847.95,2181.92,75,75,62.2237,375000
26.9745,-4520.265625,1046.37,1547.44,76,76,60.9036,380000
26.8016,-4933.08447265625,1072.64,1675.06,77,77,62.1759,385000
28.1316,-5133.435546875,994.95,1744.25,78,78,64.3498,390000
26.4604,-4801.78564453125,1085.88,1584.67,79,79,59.7804,395000
25.8957,-4748.251953125,1046.26,1615.25,80,80,60.3858,400000
25.7131,-4883.21923828125,700.74,1523.01,81,81,59.0841,405000
27.1874,-5556.8994140625,956.24,1873.21,82,82,64.0797,410000
27.1949,-5368.09716796875,916.47,1954.31,83,83,62.8891,415000
27.4169,-4719.54296875,1319.32,2114.36,84,84,59.5884,420000
26.0881,-5199.693359375,1603.52,1340.5,85,85,59.1599,425000
26.3338,-4967.63671875,1272.69,2005.98,86,86,58.1468,430000
25.2918,-5205.07763671875,1117.69,1647.7,87,87,58.6152,435000
23.3112,-4911.046875,1244.32,1868.89,88,88,56.5528,440000
24.7778,-4872.1025390625,1285.46,2709.84,89,89,57.7777,445000
24.1244,-5154.7939453125,1368.37,1586.8,90,90,56.431,450000
24.7884,-4828.7236328125,1408.48,1914.81,91,91,57.7145,455000
26.8075,-4642.09130859375,1731.29,1970.67,92,92,56.4111,460000
24.6585,-5279.91455078125,1318.91,2214.86,93,93,57.2941,465000
25.2965,-5877.53369140625,1170.66,1583.68,94,94,59.9745,470000
28.5981,-4806.716796875,1480.13,2282.97,95,95,58.4251,475000
35.9963,-4372.5205078125,1756.3,2933.35,96,96,59.6062,480000
24.9012,-4636.73876953125,1552.41,2493.89,97,97,55.5957,485000
26.4919,-4570.64404296875,1359.53,1844.09,98,98,57.0463,490000
26.6738,-5140.50048828125,1807.51,1590.42,99,99,58.4722,495000
27.1859,-4580.5205078125,925.53,1856.84,100,100,59.0869,500000
30.8454,-4681.53515625,1761.55,2162.94,101,101,60.1835,505000
27.1035,-5792.0068359375,1759.87,2707.13,102,102,59.8645,510000
33.6585,-4535.69287109375,2022.27,2658.29,103,103,60.8525,515000
27.1997,-5417.18359375,1575.18,2511.26,104,104,59.2686,520000
33.5747,-4917.31103515625,2063.2,2575.17,105,105,60.4826,525000
31.8945,-5366.21533203125,2457.41,3157.61,106,106,62.0422,530000
36.3742,-4821.21337890625,1832.3,2861.45,107,107,62.1038,535000
28.7938,-5892.2099609375,1935.49,2477.04,108,108,60.0132,540000
30.5146,-5455.55126953125,1281.65,1460.6,109,109,60.5554,545000
29.6559,-5582.83837890625,1614.44,2314.7,110,110,60.9336,550000
38.4823,-4267.49658203125,1666.95,1707.57,111,111,64.0543,555000
36.733,-5138.79736328125,2046.31,2308.56,112,112,63.4202,560000
29.9069,-6298.6806640625,2380.63,2309.43,113,113,62.191,565000
37.7926,-4763.09326171875,1414.56,1595.36,114,114,63.4103,570000
37.5319,-4851.5546875,1651.46,2220.28,115,115,62.3947,575000
35.6814,-4447.89697265625,2453.03,2574.53,116,116,62.5235,580000
41.2082,-4397.3232421875,2449.54,2421.09,117,117,64.806,585000
34.5978,-4891.9033203125,1569.5,3127.7,118,118,62.1241,590000
45.0682,-3725.49755859375,2885.44,3256.35,119,119,67.5457,595000
44.5824,-4462.31982421875,3429.8,4277.84,120,120,64.8668,600000
44.996,-3724.785400390625,2277.12,2777.26,121,121,67.8594,605000
51.3681,-3844.881591796875,2981.31,2946.87,122,122,69.8888,610000
42.3206,-3906.015869140625,2865.44,3045.91,123,123,65.1373,615000
45.9117,-4160.0234375,2758.21,2162.35,124,124,67.6287,620000
32.5999,-6133.859375,1796.68,2842.21,125,125,63.6203,625000
32.2671,-6460.86962890625,1094.53,1793.13,126,126,62.6762,630000
46.929,-4141.66943359375,2232.97,3085.83,127,127,67.8814,635000
48.1618,-4273.7705078125,2867.2,4207.52,128,128,71.7956,640000
55.934,-4508.33154296875,3536.79,4168.58,129,129,72.1373,645000
54.833,-4262.3515625,3079.97,3676.07,130,130,71.7026,650000
45.3033,-4992.4697265625,3786.01,3671.29,131,131,66.2138,655000
56.1121,-4540.07958984375,3509.27,4073.7,132,132,73.3672,660000
54.8377,-4529.51904296875,3972.6,4608.81,133,133,72.4269,665000
52.2532,-4619.38818359375,3922.26,4510.05,134,134,69.0916,670000
54.6653,-4585.0029296875,3345.82,4354.67,135,135,73.4818,675000
49.8444,-5235.45166015625,4076.48,4598.45,136,136,68.1748,680000
46.4404,-5161.4765625,3593.99,3217.62,137,137,66.7907,685000
53.5024,-5044.74755859375,3610.71,3551.89,138,138,71.1487,690000
51.0631,-5154.716796875,3552.63,4338.54,139,139,69.6577,695000
59.24,-5156.748046875,3086.61,4059.01,140,140,74.7519,700000
53.0178,-4831.986328125,3318.77,4263.8,141,141,73.4545,705000
55.3459,-5002.70556640625,3705.88,4341.66,142,142,74.5043,710000
55.4044,-4948.240234375,3280.93,3844.03,143,143,74.6158,715000
60.4522,-4957.162109375,3503.6,3627.75,144,144,75.4324,720000
53.974,-5403.64501953125,3198.97,3577.48,145,145,72.2851,725000
52.5478,-5776.28515625,4261.56,3764.99,146,146,70.0701,730000
49.7342,-6260.85546875,2801.25,2888.83,147,147,67.7564,735000
53.5653,-5509.14892578125,3117.87,4038.02,148,148,74.9769,740000
58.0568,-5574.64501953125,3228.47,3737.77,149,149,73.4459,745000
52.3831,-6664.814453125,1973.91,2353.25,150,150,69.5063,750000
55.1212,-6096.50927734375,3502.32,3898.67,151,151,71.5667,755000
54.1694,-6443.49169921875,3503.47,4327.95,152,152,74.194,760000
58.2088,-5985.142578125,3710.15,4075.36,153,153,75.0518,765000
40.9103,-7490.08447265625,3044.42,4056.77,154,154,65.4513,770000
58.757,-6385.677734375,4030.61,4820.51,155,155,72.0159,775000
53.5493,-6344.6337890625,3504.33,4292.41,156,156,73.7411,780000
50.0618,-7014.1767578125,3685.9,4282.39,157,157,67.8595,785000
56.2872,-6436.4892578125,4460.89,4449.6,158,158,76.0376,790000
60.7569,-7009.50830078125,3559.24,4278.42,159,159,76.784,795000
60.5187,-6604.96337890625,4368.59,5113.49,160,160,74.6363,800000
50.1397,-7443.9296875,3069.53,3842.99,161,161,69.0645,805000
59.725,-6966.44677734375,4617.11,5047.19,162,162,76.9487,810000
50.6529,-7654.23291015625,3147.09,4556.9,163,163,68.043,815000
61.9318,-7000.0361328125,4386.05,4828.96,164,164,74.4732,820000
54.7183,-7428.75,4736.45,5191.92,165,165,73.2494,825000
55.4772,-7675.462890625,3195.4,3270.56,166,166,71.7025,830000
59.9782,-7592.67626953125,3730.08,4294.27,167,167,76.3521,835000
57.1081,-8192.8779296875,2235.94,2631.21,168,168,72.3224,840000
62.2495,-8103.7109375,4833.68,4918.31,169,169,77.1946,845000
60.7905,-8369.1142578125,4740.64,4685.52,170,170,76.5114,850000
54.2306,-8075.60107421875,4804.57,4845.52,171,171,71.4766,855000
54.2094,-8721.728515625,4314.4,5097.64,172,172,71.4958,860000
55.6501,-9120.71484375,4642.66,5200.77,173,173,70.881,865000
55.4743,-8488.6259765625,3699.59,4568.18,174,174,73.0763,870000
43.7773,-10063.474609375,3319.52,3755.99,175,175,65.0457,875000
60.5818,-9189.9873046875,4592.64,4770.28,176,176,74.7562,880000
55.0077,-9322.935546875,3920.13,3658.68,177,177,69.7161,885000
59.0616,-9659.7275390625,4077.05,4809.06,178,178,75.2674,890000
47.6698,-10143.56640625,4558.89,4734.32,179,179,68.0154,895000
54.4186,-10065.005859375,3817.91,4460.74,180,180,71.2845,900000
62.9679,-9863.861328125,4805.07,4898.34,181,181,76.1803,905000
58.7225,-10029.7939453125,4486.02,5075.42,182,182,74.9176,910000
58.6833,-10358.9775390625,4091.09,5222.33,183,183,73.1134,915000
63.3014,-10325.2978515625,4447.23,5192.25,184,184,76.9967,920000
58.5317,-10646.681640625,4653.18,4940.92,185,185,70.0767,925000
55.2847,-11201.3623046875,4550.87,5293.56,186,186,69.4646,930000
65.5744,-10946.802734375,4234.02,4575.78,187,187,78.244,935000
60.718,-11622.1328125,4367.17,4711.48,188,188,73.0094,940000
56.9972,-11470.1513671875,3805.63,4682.28,189,189,72.0986,945000
70.3849,-11727.080078125,4583.11,5213.13,190,190,80.0318,950000
65.1162,-11669.259765625,4536.68,5131.26,191,191,78.0029,955000
52.0173,-12029.2216796875,4038.57,4970.98,192,192,68.6377,960000
63.7389,-11979.43359375,4828.47,4973.26,193,193,75.6044,965000
56.9476,-12436.1083984375,4639.35,4834.53,194,194,69.5044,970000
62.8594,-12159.4189453125,4721.63,5331.36,195,195,77.7991,975000
56.0413,-13036.0,4455.27,4456.31,196,196,70.0553,980000
66.6513,-12613.19140625,4938.97,5368.57,197,197,78.3752,985000
64.3835,-13134.4697265625,4626.75,5203.97,198,198,76.1324,990000
63.5771,-12954.9443359375,4731.81,5165.94,199,199,75.2668,995000
62.849,-13277.7802734375,4628.25,5282.61,200,200,75.8083,1000000
64.819,-13417.59375,4434.58,4457.1,201,201,74.7333,1005000
56.0782,-14098.708984375,4464.2,4560.87,202,202,69.2566,1010000
66.4389,-14001.0498046875,4662.61,5078.14,203,203,77.7241,1015000
64.9558,-14030.69140625,4509.64,4762.77,204,204,76.3522,1020000
66.6525,-14434.154296875,4698.04,4628.56,205,205,76.5257,1025000
66.0103,-14612.6123046875,4318.91,4930.37,206,206,74.6856,1030000
62.1355,-14855.248046875,4325.85,4733.47,207,207,71.4635,1035000
67.2599,-15531.4755859375,4198.51,4860.2,208,208,70.9444,1040000
65.5399,-15266.2900390625,4886.45,5155.25,209,209,75.0543,1045000
63.0664,-15660.0341796875,5019.84,4831.07,210,210,74.2899,1050000
53.5934,-15900.7666015625,3985.02,5120.51,211,211,68.7712,1055000
67.7484,-15942.4833984375,4458.36,4897.93,212,212,75.1439,1060000
65.6962,-16253.0615234375,4174.91,4679.82,213,213,76.1351,1065000
65.3902,-16192.7099609375,4459.4,5117.41,214,214,76.5769,1070000
66.4081,-16563.990234375,4281.26,5179.99,215,215,75.615,1075000
67.0305,-16854.794921875,4487.81,4956.75,216,216,76.442,1080000
67.1705,-16962.890625,4594.09,4499.97,217,217,76.6681,1085000
65.6697,-17144.52734375,4623.6,4986.89,218,218,75.5712,1090000
58.7517,-17278.15234375,4516.07,4777.74,219,219,69.7937,1095000
70.7836,-17848.83984375,4786.6,4759.33,220,220,77.4652,1100000
70.7575,-17937.400390625,4405.4,4727.73,221,221,77.7515,1105000
67.69,-17922.572265625,5108.57,5072.92,222,222,76.0534,1110000
70.145,-18318.3359375,4941.4,5003.02,223,223,77.5476,1115000
75.8523,-19005.03515625,4154.62,3897.72,224,224,78.972,1120000
70.065,-18750.177734375,4210.61,4774.03,225,225,78.5386,1125000
69.6259,-19114.826171875,3683.97,4568.59,226,226,76.2036,1130000
69.1385,-19027.3515625,4499.0,4991.89,227,227,72.4542,1135000
72.0634,-19626.822265625,3984.37,4914.78,228,228,78.3727,1140000
67.8833,-19671.353515625,4626.74,4884.48,229,229,75.4871,1145000
60.2652,-19359.51171875,4124.52,4903.9,230,230,69.5149,1150000
70.2703,-20415.673828125,4757.48,4092.58,231,231,76.1289,1155000
64.2155,-20180.259765625,4743.24,4998.52,232,232,75.6781,1160000
70.8929,-20648.408203125,4245.59,3975.19,233,233,77.2151,1165000
60.1715,-20562.82421875,3714.36,4313.74,234,234,70.1007,1170000
74.0078,-21328.97265625,2950.84,4367.37,235,235,77.0756,1175000
68.9459,-21501.1796875,4500.84,5102.18,236,236,71.8344,1180000
57.8572,-21096.25,4167.0,5015.2,237,237,68.6079,1185000
70.5524,-21598.376953125,4409.55,4987.63,238,238,76.7407,1190000
59.616,-21517.599609375,4831.1,5143.54,239,239,69.3244,1195000
61.2534,-21491.640625,4451.01,5057.51,240,240,70.6626,1200000
65.9219,-22123.87890625,4307.09,3938.19,241,241,75.6727,1205000
70.5425,-22734.658203125,4331.75,4539.73,242,242,76.7291,1210000
70.0463,-22601.7734375,5141.56,4711.56,243,243,76.2517,1215000
68.3024,-22842.546875,4731.04,4596.31,244,244,72.449,1220000
65.4622,-22608.169921875,4483.2,4864.6,245,245,74.6209,1225000
70.8944,-23200.703125,4632.42,4730.04,246,246,76.5647,1230000
73.5112,-23615.0703125,4073.22,5131.22,247,247,78.1301,1235000
61.8435,-23016.279296875,4401.11,4536.01,248,248,74.4627,1240000
71.2238,-23646.77734375,4540.82,5298.68,249,249,77.4236,1245000
69.9205,-23783.638671875,4786.43,5447.12,250,250,78.1123,1250000
62.0176,-23950.392578125,4166.32,4762.21,251,251,70.796,1255000
69.9655,-24471.61328125,4452.57,4856.62,252,252,76.2976,1260000
69.9356,-24800.265625,5131.83,4464.46,253,253,77.8934,1265000
70.3786,-24707.384765625,3986.48,4785.12,254,254,76.4742,1270000
74.7891,-24945.70703125,4660.34,4388.08,255,255,77.8397,1275000
68.2404,-25154.068359375,4584.92,5152.74,256,256,77.0349,1280000
71.8933,-25823.55078125,4035.16,4974.17,257,257,78.0879,1285000
73.5837,-25930.603515625,4608.5,5034.98,258,258,76.7538,1290000
65.1735,-25278.037109375,4873.1,4981.57,259,259,70.8601,1295000
72.9795,-26116.150390625,4382.74,4768.98,260,260,77.1537,1300000
72.3485,-26678.658203125,4604.02,5298.4,261,261,79.0804,1305000
70.9804,-26492.3515625,4747.14,5202.48,262,262,72.4327,1310000
71.7017,-26537.845703125,4151.12,4608.93,263,263,77.7205,1315000
72.996,-27024.822265625,3706.03,4590.33,264,264,78.1703,1320000
66.6019,-26934.54296875,4665.84,4785.83,265,265,75.3022,1325000
65.3199,-27123.5546875,4689.6,5060.48,266,266,72.1418,1330000
70.6595,-27482.19140625,5011.23,4621.99,267,267,76.994,1335000
72.8703,-28033.8046875,4807.99,4754.8,268,268,77.8137,1340000
65.9555,-27243.890625,4677.28,4582.66,269,269,72.3988,1345000
69.6405,-27703.37109375,4441.74,5460.89,270,270,71.8015,1350000
72.4925,-28749.359375,5100.36,4999.26,271,271,77.4129,1355000
72.4526,-28518.310546875,4644.34,4989.11,272,272,76.5109,1360000
68.9089,-27821.1015625,4800.12,5206.54,273,273,71.5876,1365000
70.5601,-28586.2109375,4942.72,4966.04,274,274,76.4297,1370000
66.4126,-28285.017578125,4348.43,5493.69,275,275,71.8126,1375000
73.8778,-29156.251953125,4722.84,5062.87,276,276,77.9223,1380000
63.8926,-28553.109375,4698.39,4576.06,277,277,71.3972,1385000
70.4015,-29491.5859375,4913.92,5006.77,278,278,77.9482,1390000
72.6723,-29695.982421875,4369.15,5205.42,279,279,76.9228,1395000
71.8185,-29854.751953125,4912.1,5272.61,280,280,76.3582,1400000
73.0528,-30015.921875,4425.3,4978.95,281,281,77.1683,1405000
65.5087,-29555.849609375,4142.19,5305.44,282,282,70.6773,1410000
71.9268,-29976.7109375,4243.87,4924.9,283,283,76.725,1415000
73.0722,-30931.31640625,4771.64,5529.33,284,284,78.4736,1420000
67.4756,-29922.671875,4320.39,4697.14,285,285,72.0018,1425000
72.6586,-30648.439453125,4892.13,4674.22,286,286,77.4317,1430000
63.8517,-30286.341796875,4363.39,5380.57,287,287,71.9311,1435000
68.9037,-30873.66796875,4956.92,5196.67,288,288,75.1969,1440000
69.83,-31217.58203125,4922.1,5445.42,289,289,76.1177,1445000
68.7192,-31451.888671875,4594.91,5485.89,290,290,75.2994,1450000
69.3761,-31530.306640625,4242.23,5270.44,291,291,76.0986,1455000
67.0881,-31654.173828125,4645.56,5290.36,292,292,75.5197,1460000
68.2695,-31608.982421875,5214.76,5460.64,293,293,75.4089,1465000
66.1502,-31685.203125,5071.49,5351.09,294,294,75.457,1470000
68.0859,-32132.591796875,4545.2,5426.15,295,295,74.4268,1475000
69.7407,-32305.3046875,4920.89,5381.66,296,296,75.694,1480000
71.082,-32644.560546875,4996.02,5402.08,297,297,76.172,1485000
70.5995,-32834.01953125,5211.73,5288.14,298,298,76.0502,1490000
66.6029,-31786.1640625,4651.75,5374.56,299,299,70.6301,1495000
66.3896,-32827.0703125,5213.84,5577.15,300,300,74.452,1500000
66.6167,-33030.46875,4992.25,5674.08,301,301,75.9405,1505000
63.7285,-33020.9921875,4278.99,5366.38,302,302,71.5644,1510000
68.2415,-33505.09375,4732.81,5375.07,303,303,76.0674,1515000
71.0283,-33636.2421875,4970.62,5288.61,304,304,77.5363,1520000
64.8766,-33420.2265625,4794.96,5511.56,305,305,72.1224,1525000
69.5067,-34394.83203125,4783.47,5454.47,306,306,76.2048,1530000
63.515,-33558.33984375,4797.47,5336.77,307,307,70.7638,1535000
66.652,-34646.51171875,4762.17,5511.35,308,308,75.2047,1540000
68.5568,-34323.7109375,4839.37,4555.36,309,309,75.2893,1545000
68.8387,-35223.37890625,5192.94,5414.81,310,310,76.1696,1550000
65.4814,-34425.1640625,4611.75,5197.43,311,311,74.6408,1555000
62.5492,-33937.44140625,5301.63,5645.85,312,312,71.1542,1560000
70.2735,-35410.5234375,5157.16,5633.99,313,313,77.2496,1565000
64.6023,-34484.72265625,5255.81,5728.94,314,314,70.7669,1570000
67.675,-35322.40625,5097.51,5603.33,315,315,75.4089,1575000
66.2092,-35668.125,5142.91,5208.27,316,316,75.3262,1580000
62.9678,-35155.1484375,5230.08,5577.48,317,317,74.5039,1585000
65.1914,-36303.77734375,5046.18,5539.63,318,318,74.8808,1590000
68.4709,-35590.23828125,4850.21,5349.98,319,319,76.4594,1595000
66.9568,-36225.45703125,4935.58,5445.12,320,320,76.0693,1600000
67.8126,-36699.8828125,5074.64,5571.21,321,321,75.6964,1605000
62.5776,-36438.44140625,5180.9,5723.14,322,322,73.6866,1610000
59.5223,-35559.48828125,4535.05,5406.44,323,323,69.1516,1615000
57.2192,-35477.3515625,4766.84,5566.8,324,324,69.4524,1620000
58.4196,-35742.265625,4808.69,5780.52,325,325,70.8573,1625000
68.3739,-37345.5390625,4690.55,5460.77,326,326,75.6644,1630000
65.2761,-37330.5859375,5174.79,5606.68,327,327,75.6497,1635000
64.0509,-37367.8203125,4498.42,4896.6,328,328,74.5957,1640000
62.8855,-37673.09765625,4817.71,5635.94,329,329,73.7551,1645000
62.0522,-37924.54296875,4250.35,5373.71,330,330,72.4304,1650000
63.3371,-38488.76171875,3979.43,5492.65,331,331,73.9377,1655000
53.4749,-36296.16015625,4146.57,5504.99,332,332,67.9657,1660000
56.3804,-36756.19921875,4789.25,5581.36,333,333,70.0016,1665000
53.9651,-35928.9765625,4101.71,5436.5,334,334,67.92,1670000
53.6077,-37050.01953125,4449.57,5721.49,335,335,67.6578,1675000
66.817,-40178.5859375,4376.04,5435.11,336,336,75.3967,1680000
54.2874,-36487.56640625,4832.04,5573.36,337,337,67.2805,1685000
52.6465,-36609.00390625,5138.17,5770.7,338,338,67.4996,1690000
51.8304,-38026.859375,4680.82,5092.77,339,339,68.1496,1695000
55.5598,-39110.2109375,4883.23,5652.23,340,340,70.8544,1700000
56.1018,-39382.7890625,5345.58,5710.9,341,341,71.5218,1705000
62.7094,-40635.49609375,5087.48,5834.27,342,342,74.3288,1710000
61.1504,-40906.203125,4591.56,5696.76,343,343,73.4583,1715000
60.4495,-40580.44140625,5058.85,5862.59,344,344,73.1828,1720000
61.5086,-40302.1015625,4933.55,5842.64,345,345,72.982,1725000
61.7967,-41224.4453125,5147.36,5680.26,346,346,74.3612,1730000
53.9961,-39302.5703125,5115.9,5564.9,347,347,67.8286,1735000
50.0653,-36966.9453125,4959.62,5657.11,348,348,66.6057,1740000
58.8344,-40823.36328125,4346.19,5221.41,349,349,71.0027,1745000
98.7731,-26083.9609375,-1883.31,-2646.04,350,350,91.2053,1750000
405.0767,-30525.046875,-1237.37,-1098.71,351,351,90.8481,1755000
344.7831,-31210.822265625,-734.83,-1195.61,352,352,87.8048,1760000
191.151,-30405.052734375,-241.32,-185.51,353,353,74.2525,1765000
70.0434,-32335.150390625,554.56,708.36,354,354,75.5656,1770000
109.1933,-39486.76171875,1191.4,1292.71,355,355,77.2025,1775000
57.5741,-36522.4453125,2141.75,3207.74,356,356,69.5577,1780000
78.326,-39140.79296875,2246.16,2740.86,357,357,76.6435,1785000
67.9657,-38026.15234375,2527.27,3883.8,358,358,76.4129,1790000
59.3568,-36924.44921875,3656.64,4654.78,359,359,70.0915,1795000
65.5212,-41809.80078125,4073.41,4640.17,360,360,75.2155,1800000
68.5381,-42293.8984375,3859.41,5155.61,361,361,75.7216,1805000
68.946,-43324.7578125,4926.52,5322.49,362,362,76.2605,1810000
65.8272,-43251.23046875,4568.84,5152.27,363,363,76.1241,1815000
66.4189,-43269.54296875,4947.22,5459.34,364,364,74.3304,1820000
57.7817,-41501.0859375,4756.96,5294.81,365,365,70.8023,1825000
64.8973,-43763.97265625,4270.35,5467.28,366,366,73.3867,1830000
65.34,-43456.0,4556.22,5160.66,367,367,73.3198,1835000
61.3503,-44213.1953125,4661.09,5437.71,368,368,71.9677,1840000
60.8332,-42872.23828125,4961.44,4855.1,369,369,72.4495,1845000
58.2975,-42806.83984375,4479.51,5142.89,370,370,70.4597,1850000
66.6375,-43246.1484375,4657.61,5362.03,371,371,74.551,1855000
63.8157,-43275.59375,4895.23,5546.4,372,372,72.3639,1860000
65.565,-43544.90234375,4374.18,5411.21,373,373,71.8796,1865000
73.9796,-47675.96875,5053.67,5320.87,374,374,77.8738,1870000
68.401,-45219.90625,4999.53,5325.81,375,375,74.8424,1875000
71.8967,-44630.85546875,4850.35,5302.5,376,376,75.2837,1880000
76.8018,-46540.390625,4620.6,5463.74,377,377,77.8504,1885000
168.6462,-38912.26953125,3253.14,3779.26,378,378,76.4469,1890000
168.872,-29200.62109375,-1042.09,-1524.25,379,379,83.9069,1895000
272.8885,-30974.796875,104.7,401.31,380,380,69.8696,1900000
168.2702,-39987.65625,2209.58,2295.34,381,381,80.9499,1905000
120.8796,-39646.52734375,2781.87,3283.49,382,382,81.0441,1910000
138.4258,-38695.42578125,1479.3,2735.84,383,383,77.8606,1915000
458.6538,-29788.099609375,-1680.16,-1641.6,384,384,101.9309,1920000
410.4956,-33290.48828125,-1758.81,-1774.08,385,385,92.1503,1925000
89.7943,-37287.59375,719.35,261.02,386,386,74.7418,1930000
66.6103,-42857.015625,1327.13,1663.25,387,387,79.557,1935000
102.1854,-39227.1171875,3005.84,3317.44,388,388,76.9304,1940000
85.673,-46943.265625,3682.74,4099.21,389,389,82.5622,1945000
81.3184,-48778.65234375,4157.11,3942.54,390,390,84.0679,1950000
102.7503,-45350.4140625,3019.07,3724.85,391,391,77.9682,1955000
75.4781,-48376.69921875,4138.53,3858.29,392,392,81.7183,1960000
76.4269,-47888.21875,4300.79,3544.82,393,393,78.8232,1965000
78.7021,-50633.2578125,3437.8,4440.51,394,394,81.3259,1970000
75.0928,-50513.09765625,4035.67,4211.13,395,395,80.5366,1975000
84.1007,-51556.609375,4367.92,4660.1,396,396,83.0727,1980000
88.8024,-51934.73828125,3390.11,4147.62,397,397,84.7171,1985000
85.116,-50790.42578125,3517.35,4472.32,398,398,85.1537,1990000
90.9696,-49830.63671875,3892.46,4500.28,399,399,79.322,1995000
79.7425,-51248.73828125,3507.05,3568.7,400,400,83.0584,2000000
84.708,-50664.31640625,3746.83,3518.21,401,401,84.9767,2005000
82.9918,-51914.734375,4342.97,3963.58,402,402,83.1631,2010000
72.3829,-50674.8203125,3882.01,4092.4,403,403,77.8309,2015000
74.1743,-52052.63671875,3819.12,3616.63,404,404,79.8791,2020000
71.5654,-49547.8671875,4025.97,4582.21,405,405,75.0675,2025000
71.7921,-50433.16796875,3292.62,4439.39,406,406,75.8332,2030000
81.7117,-50844.2109375,4657.77,4670.36,407,407,76.3216,2035000
79.3047,-53690.96484375,4246.21,4651.75,408,408,81.3664,2040000
95.081,-39801.11328125,288.5,168.31,409,409,92.1949,2045000
86.2455,-49107.75390625,2392.32,3311.14,410,410,79.8978,2050000
80.7486,-53557.86328125,3443.71,4104.55,411,411,81.8414,2055000
86.243,-55027.5,2907.58,3832.06,412,412,84.6021,2060000
97.63,-51875.32421875,3507.68,4034.74,413,413,78.9122,2065000
83.5853,-52256.26953125,3788.65,4713.89,414,414,80.7186,2070000
83.949,-56567.1484375,2574.83,3510.59,415,415,83.7134,2075000
90.5268,-57478.59765625,2112.2,2150.12,416,416,87.6136,2080000
134.1756,-55673.12890625,2538.05,3216.94,417,417,86.0434,2085000
93.0064,-56164.12109375,2732.5,3681.46,418,418,89.075,2090000
90.0047,-57189.984375,2780.06,3178.65,419,419,85.9757,2095000
84.8371,-57461.74609375,3191.61,4198.53,420,420,83.0365,2100000
85.1703,-56543.15625,4511.62,3855.28,421,421,82.8794,2105000
74.4632,-55044.27734375,3902.13,4273.86,422,422,79.0161,2110000
84.1807,-52617.21875,2941.63,3902.43,423,423,78.2027,2115000
64.075,-52416.65625,2608.7,3273.83,424,424,74.3245,2120000
376.8203,-37645.34765625,-2685.97,-2694.31,425,425,137.4189,2125000
637.7842,-41880.12890625,-1719.44,-1992.15,426,426,96.1863,2130000
381.9549,-32431.3515625,-1006.59,-975.67,427,427,90.0459,2135000
418.7605,-32934.58984375,-1170.32,-970.17,428,428,86.1182,2140000
259.8511,-28328.365234375,-1599.2,-1463.16,429,429,81.4772,2145000
85.5222,-23964.755859375,-1150.14,-982.84,430,430,78.0715,2150000
134.0088,-25139.578125,-1081.48,-1217.1,431,431,79.7978,2155000
109.8785,-25371.201171875,-898.86,-848.95,432,432,79.0812,2160000
110.3154,-29047.384765625,-567.75,-595.51,433,433,76.7929,2165000
140.3272,-33510.53125,-282.92,-290.26,434,434,69.3222,2170000
129.3958,-35406.93359375,-644.71,-499.7,435,435,69.9726,2175000
138.3412,-38167.21875,-155.77,2.74,436,436,69.7593,2180000
145.7369,-41363.99609375,215.46,271.84,437,437,72.0544,2185000
106.0736,-42838.00390625,705.97,736.75,438,438,75.4451,2190000
171.542,-43675.484375,1168.57,1647.08,439,439,80.2497,2195000
130.5485,-47612.69140625,2010.91,2123.88,440,440,79.0429,2200000
122.1648,-50154.9921875,1558.64,2072.8,441,441,77.6919,2205000
116.1927,-47992.421875,1915.44,1742.37,442,442,75.4297,2210000
133.1594,-48188.65234375,2422.46,2167.7,443,443,75.2665,2215000
60.9036,-54788.96875,2247.36,2491.41,444,444,76.4455,2220000
73.4993,-52129.76953125,2635.67,2443.29,445,445,75.1244,2225000
108.9832,-51986.484375,2249.53,3317.71,446,446,79.5098,2230000
203.376,-50770.5546875,2635.84,2729.63,447,447,79.0207,2235000
92.8558,-52901.8359375,2319.26,3272.73,448,448,76.2844,2240000
100.4944,-55226.921875,3488.15,3697.3,449,449,81.4487,2245000
118.9468,-56670.90234375,3079.92,3351.95,450,450,81.9176,2250000
97.1628,-56377.02734375,2460.85,2314.5,451,451,80.4772,2255000
81.367,-57035.34765625,2947.51,3450.22,452,452,84.8534,2260000
80.3854,-58742.875,1133.87,2438.7,453,453,85.4639,2265000
93.9659,-56185.5546875,1554.3,2151.92,454,454,80.826,2270000
87.2018,-57297.74609375,2297.77,1680.55,455,455,83.8984,2275000
78.8254,-59224.00390625,2237.61,2484.19,456,456,86.0053,2280000
82.3226,-58023.2578125,3274.87,2631.09,457,457,85.3479,2285000
99.9876,-55620.203125,3059.99,3400.07,458,458,82.4959,2290000
79.9171,-59793.828125,2790.76,2590.43,459,459,86.8379,2295000
68.147,-55099.3828125,2763.75,3465.35,460,460,80.8518,2300000
78.2419,-58655.9140625,3403.93,4006.95,461,461,83.1998,2305000
65.8687,-49955.3671875,3151.45,4267.83,462,462,79.6583,2310000
74.9567,-56735.2109375,3206.63,3741.2,463,463,80.727,2315000
68.3523,-55985.41015625,3478.17,4967.71,464,464,81.5286,2320000
75.4279,-60253.79296875,3772.36,3874.97,465,465,80.6653,2325000
76.1007,-59241.140625,3281.31,3838.27,466,466,84.9671,2330000
68.2852,-57285.90625,4049.96,5001.18,467,467,80.2608,2335000
68.2978,-58270.57421875,4090.91,4845.38,468,468,76.8374,2340000
70.8538,-60220.640625,3544.06,4139.98,469,469,80.662,2345000
101.9495,-59646.18359375,3238.24,3926.05,470,470,80.063,2350000
81.7092,-55268.1640625,2298.1,3747.72,471,471,76.2385,2355000
73.631,-58969.3359375,3716.87,4893.04,472,472,79.9251,2360000
68.5767,-58758.54296875,3589.93,4517.01,473,473,77.3793,2365000
71.9866,-60230.6875,4167.01,4491.47,474,474,80.7466,2370000
73.1534,-61270.8125,3231.95,4097.28,475,475,77.8881,2375000
74.3609,-61640.87890625,3952.4,5058.22,476,476,79.7972,2380000
87.3177,-63858.05078125,4011.7,4260.69,477,477,83.4376,2385000
80.2388,-62448.27734375,4211.91,4917.47,478,478,82.465,2390000
75.2608,-62541.9296875,3054.91,4118.42,479,479,83.2092,2395000
82.5772,-62398.48046875,4094.23,4688.73,480,480,82.636,2400000
83.0159,-61943.86328125,4221.26,4769.41,481,481,84.9478,2405000
88.6429,-63778.19140625,4661.64,4918.75,482,482,85.5123,2410000
83.809,-63928.34765625,4173.56,3930.05,483,483,85.2778,2415000
76.3998,-62910.56640625,3702.53,4902.36,484,484,81.9073,2420000
86.5732,-64407.8984375,3831.51,4358.1,485,485,87.1651,2425000
110.7453,-62814.9453125,4339.27,4556.71,486,486,83.6132,2430000
81.0693,-61959.765625,4697.9,5011.74,487,487,84.345,2435000
78.215,-60364.734375,4347.59,4537.3,488,488,83.0747,2440000
84.9329,-63965.48828125,3601.06,4925.01,489,489,86.6131,2445000
77.5362,-61236.08984375,4118.25,4712.18,490,490,84.4689,2450000
77.771,-61816.42578125,4789.0,5098.38,491,491,80.7424,2455000
77.5851,-60121.04296875,4651.1,4450.95,492,492,81.4239,2460000
75.1351,-60662.51171875,4151.43,4277.59,493,493,79.4966,2465000
72.7864,-61875.6015625,3918.26,4145.51,494,494,80.5514,2470000
86.4304,-56917.76953125,2010.47,2619.3,495,495,79.7243,2475000
78.6447,-61221.671875,2317.62,2066.08,496,496,79.6314,2480000
75.4675,-64574.74609375,2710.17,2815.9,497,497,79.9796,2485000
109.4487,-65223.46484375,2401.83,3188.19,498,498,79.4926,2490000
89.5082,-62565.71875,3102.86,3239.41,499,499,80.9576,2495000
88.8015,-63476.7890625,2279.59,2325.05,500,500,80.6552,2500000
77.6873,-60434.72265625,1935.17,3073.72,501,501,78.7798,2505000
77.4058,-61053.40625,2514.24,2708.78,502,502,80.1179,2510000
74.1261,-63347.5703125,1739.34,2640.81,503,503,77.382,2515000
78.7402,-64255.67578125,1513.25,2656.56,504,504,78.5399,2520000
78.2851,-63049.88671875,2891.4,3065.02,505,505,79.3179,2525000
82.5003,-62670.97265625,3502.0,4133.75,506,506,79.5663,2530000
72.2511,-61118.69140625,3089.01,2823.44,507,507,77.8467,2535000
67.6425,-58461.8046875,3349.29,3921.27,508,508,77.4041,2540000
72.1466,-61776.04296875,3838.05,4642.39,509,509,78.1157,2545000
75.831,-61538.859375,3953.33,4799.7,510,510,82.1873,2550000
68.3197,-61800.703125,4109.35,4982.3,511,511,77.4522,2555000
71.9476,-63048.5390625,3340.72,4550.68,512,512,80.5672,2560000
96.7564,-58516.1484375,4465.34,4707.23,513,513,79.6326,2565000
106.7049,-55419.8046875,4552.12,4945.26,514,514,79.4951,2570000
73.273,-62640.6796875,4095.91,4807.2,515,515,80.0659,2575000
93.2962,-61042.23046875,4235.79,4362.87,516,516,79.0183,2580000
67.8594,-59410.515625,4325.42,4719.0,517,517,77.2026,2585000
76.1397,-63831.40625,4197.39,5063.85,518,518,79.6406,2590000
74.8609,-60731.44140625,4309.53,4692.35,519,519,79.4638,2595000
66.7525,-59529.09765625,4624.5,5049.4,520,520,76.8235,2600000
80.6285,-66019.75,4172.59,4183.84,521,521,82.8158,2605000
73.1985,-61247.8515625,4477.82,4932.13,522,522,76.2886,2610000
71.1132,-60407.87109375,3971.19,4704.26,523,523,79.3056,2615000
70.1726,-58219.9921875,4036.94,5109.08,524,524,77.3444,2620000
76.8585,-59387.3203125,4445.13,4504.61,525,525,81.7654,2625000
70.2416,-62344.3125,4399.96,4853.18,526,526,75.4078,2630000
78.1414,-62629.8125,4656.02,4487.01,527,527,79.6085,2635000
78.5725,-60924.671875,3699.58,4594.73,528,528,82.1959,2640000
72.6201,-63117.23828125,4397.76,4845.99,529,529,79.657,2645000
79.9439,-62506.234375,4457.93,4630.68,530,530,81.1984,2650000
78.8805,-63208.8828125,4321.26,4570.91,531,531,81.6468,2655000
71.9153,-59267.95703125,4601.38,4774.43,532,532,80.4059,2660000
75.9103,-62275.55078125,4371.07,5047.03,533,533,79.4656,2665000
76.0925,-62644.578125,4526.87,4818.85,534,534,80.7323,2670000
78.6326,-61647.33984375,4441.72,4692.27,535,535,80.3859,2675000
71.3414,-60271.10546875,4401.18,4884.98,536,536,76.5616,2680000
71.2757,-59887.7421875,3807.87,4927.91,537,537,78.9927,2685000
80.1257,-53802.671875,3062.81,2919.25,538,538,80.2431,2690000
268.3894,-51319.20703125,-669.37,-433.66,539,539,83.7337,2695000
88.5983,-66755.6328125,3664.1,3910.37,540,540,84.6442,2700000
105.493,-62524.62109375,2575.26,4239.83,541,541,81.6379,2705000
95.6201,-59447.19140625,2665.81,4016.82,542,542,79.0311,2710000
92.1303,-63579.01953125,3799.38,4048.09,543,543,80.022,2715000
78.1541,-66561.8671875,4153.28,4282.31,544,544,81.2396,2720000
90.1971,-69497.71875,4138.81,4947.03,545,545,85.6298,2725000
89.5044,-69024.4296875,4664.11,4661.25,546,546,84.8982,2730000
98.6451,-69390.3515625,4124.26,4313.61,547,547,86.4224,2735000
125.8956,-39435.67578125,-801.98,71.96,548,548,77.6363,2740000
97.4179,-67116.4609375,1654.41,2086.61,549,549,82.2932,2745000
132.1088,-69319.125,434.31,291.14,550,550,88.4231,2750000
91.4426,-67765.5234375,740.66,1195.9,551,551,82.4342,2755000
85.0028,-65859.8046875,2399.36,3005.93,552,552,80.0672,2760000
78.3518,-67339.03125,3102.83,4406.94,553,553,80.349,2765000
76.8186,-68121.3828125,3516.98,4221.67,554,554,78.8309,2770000
71.1755,-65534.3359375,3896.11,4293.73,555,555,80.5467,2775000
76.9948,-67658.7421875,4484.75,4725.02,556,556,84.3297,2780000
73.6523,-67742.6484375,3845.6,4439.17,557,557,81.6977,2785000
66.2494,-65886.703125,4042.39,4828.63,558,558,81.3524,2790000
67.3353,-65108.6953125,4202.62,4358.5,559,559,79.8378,2795000
77.57,-62192.1875,4541.51,4601.74,560,560,81.5489,2800000
73.4587,-66603.0,4328.48,4694.18,561,561,84.7009,2805000
157.895,-61719.7734375,2242.65,2537.24,562,562,84.4574,2810000
81.0895,-68439.859375,3075.63,3526.81,563,563,85.208,2815000
202.7386,-66348.359375,1684.12,1669.23,564,564,85.7946,2820000
366.5347,-56652.27734375,-1510.75,-1250.36,565,565,84.0467,2825000
342.8653,-52049.00390625,-934.49,-938.58,566,566,85.5625,2830000
348.4313,-53972.98828125,-2.04,-376.69,567,567,87.3743,2835000
257.3701,-52835.42578125,-89.91,2.08,568,568,86.2557,2840000
58.2618,-54963.05859375,645.17,831.8,569,569,70.0021,2845000
76.6909,-64958.59765625,1556.55,1107.2,570,570,73.4563,2850000
113.0406,-63660.09375,671.92,993.27,571,571,76.2033,2855000
114.0798,-60174.4140625,587.5,501.27,572,572,79.715,2860000
467.6634,-49968.7890625,-1460.76,-1498.75,573,573,113.2705,2865000
249.8582,-48932.33203125,-1393.21,-1292.01,574,574,112.0141,2870000
151.9534,-45174.80859375,-1004.94,-727.45,575,575,97.091,2875000
64.7529,-50209.02734375,398.25,570.68,576,576,71.2978,2880000
51.6,-57036.8828125,1073.73,2235.24,577,577,68.7755,2885000
67.4864,-61743.890625,2697.0,2939.14,578,578,74.1885,2890000
97.1375,-65987.0625,2199.91,3584.31,579,579,79.1602,2895000
381.3893,-59670.1328125,-2311.75,-1777.23,580,580,105.4867,2900000
157.2965,-56018.0078125,-622.16,625.54,581,581,80.6094,2905000
67.3818,-62558.796875,3188.99,4439.01,582,582,76.695,2910000
66.8703,-64263.58984375,2450.08,4109.87,583,583,75.8802,2915000
118.1963,-65163.89453125,2506.13,3412.73,584,584,77.0436,2920000
79.9848,-65671.453125,2964.95,3163.46,585,585,77.8269,2925000
78.5049,-71174.359375,3034.49,2839.35,586,586,81.9456,2930000
78.5724,-67320.2890625,2944.57,3378.31,587,587,78.6843,2935000
79.205,-67603.3203125,2888.82,3170.84,588,588,82.3113,2940000
99.5895,-65625.0234375,2732.06,2580.58,589,589,79.3367,2945000
67.9114,-68231.6015625,3074.32,2948.54,590,590,78.8714,2950000
76.536,-64844.7109375,3116.72,4165.09,591,591,82.0602,2955000
76.6255,-68205.90625,3175.22,3813.56,592,592,82.1365,2960000
78.1648,-66903.828125,3334.83,2786.33,593,593,82.0397,2965000
123.6922,-69373.3828125,2711.25,3468.57,594,594,87.1035,2970000
89.7718,-70679.9453125,3259.2,3202.39,595,595,86.9232,2975000
131.0782,-69353.2734375,2331.07,2419.4,596,596,84.8309,2980000
137.6428,-68529.984375,2671.77,2678.14,597,597,84.0016,2985000
83.6533,-67386.0234375,3303.13,2787.42,598,598,88.4329,2990000
429.2383,-68159.6484375,-2469.44,-2449.3,599,599,136.7938,2995000
